TimeQuest Timing Analyzer report for Do_an
Thu May 07 10:25:46 2026
Quartus II 64-Bit Version 13.0.1 Build 232 06/12/2013 Service Pack 1 SJ Web Edition


---------------------
; Table of Contents ;
---------------------
  1. Legal Notice
  2. TimeQuest Timing Analyzer Summary
  3. Parallel Compilation
  4. Clocks
  5. Slow Model Fmax Summary
  6. Slow Model Setup Summary
  7. Slow Model Hold Summary
  8. Slow Model Recovery Summary
  9. Slow Model Removal Summary
 10. Slow Model Minimum Pulse Width Summary
 11. Slow Model Setup: 'CLOCK_50'
 12. Slow Model Setup: 'clk_divider:u_clk_div|clk_out'
 13. Slow Model Setup: 'Top_LCD:u_lcd_display|LCD_Controller:u_lcd|clk_1k'
 14. Slow Model Hold: 'CLOCK_50'
 15. Slow Model Hold: 'Top_LCD:u_lcd_display|LCD_Controller:u_lcd|clk_1k'
 16. Slow Model Hold: 'clk_divider:u_clk_div|clk_out'
 17. Slow Model Minimum Pulse Width: 'CLOCK_50'
 18. Slow Model Minimum Pulse Width: 'Top_LCD:u_lcd_display|LCD_Controller:u_lcd|clk_1k'
 19. Slow Model Minimum Pulse Width: 'clk_divider:u_clk_div|clk_out'
 20. Setup Times
 21. Hold Times
 22. Clock to Output Times
 23. Minimum Clock to Output Times
 24. Fast Model Setup Summary
 25. Fast Model Hold Summary
 26. Fast Model Recovery Summary
 27. Fast Model Removal Summary
 28. Fast Model Minimum Pulse Width Summary
 29. Fast Model Setup: 'CLOCK_50'
 30. Fast Model Setup: 'clk_divider:u_clk_div|clk_out'
 31. Fast Model Setup: 'Top_LCD:u_lcd_display|LCD_Controller:u_lcd|clk_1k'
 32. Fast Model Hold: 'CLOCK_50'
 33. Fast Model Hold: 'Top_LCD:u_lcd_display|LCD_Controller:u_lcd|clk_1k'
 34. Fast Model Hold: 'clk_divider:u_clk_div|clk_out'
 35. Fast Model Minimum Pulse Width: 'CLOCK_50'
 36. Fast Model Minimum Pulse Width: 'Top_LCD:u_lcd_display|LCD_Controller:u_lcd|clk_1k'
 37. Fast Model Minimum Pulse Width: 'clk_divider:u_clk_div|clk_out'
 38. Setup Times
 39. Hold Times
 40. Clock to Output Times
 41. Minimum Clock to Output Times
 42. Multicorner Timing Analysis Summary
 43. Setup Times
 44. Hold Times
 45. Clock to Output Times
 46. Minimum Clock to Output Times
 47. Setup Transfers
 48. Hold Transfers
 49. Report TCCS
 50. Report RSKM
 51. Unconstrained Paths
 52. TimeQuest Timing Analyzer Messages



----------------
; Legal Notice ;
----------------
Copyright (C) 1991-2013 Altera Corporation
Your use of Altera Corporation's design tools, logic functions 
and other software and tools, and its AMPP partner logic 
functions, and any output files from any of the foregoing 
(including device programming or simulation files), and any 
associated documentation or information are expressly subject 
to the terms and conditions of the Altera Program License 
Subscription Agreement, Altera MegaCore Function License 
Agreement, or other applicable license agreement, including, 
without limitation, that your use is for the sole purpose of 
programming logic devices manufactured by Altera and sold by 
Altera or its authorized distributors.  Please refer to the 
applicable agreement for further details.



+----------------------------------------------------------------------------------------+
; TimeQuest Timing Analyzer Summary                                                      ;
+--------------------+-------------------------------------------------------------------+
; Quartus II Version ; Version 13.0.1 Build 232 06/12/2013 Service Pack 1 SJ Web Edition ;
; Revision Name      ; Do_an                                                             ;
; Device Family      ; Cyclone II                                                        ;
; Device Name        ; EP2C35F672C8                                                      ;
; Timing Models      ; Final                                                             ;
; Delay Model        ; Combined                                                          ;
; Rise/Fall Delays   ; Unavailable                                                       ;
+--------------------+-------------------------------------------------------------------+


Parallel compilation was disabled, but you have multiple processors available. Enable parallel compilation to reduce compilation time.
+-------------------------------------+
; Parallel Compilation                ;
+----------------------------+--------+
; Processors                 ; Number ;
+----------------------------+--------+
; Number detected on machine ; 8      ;
; Maximum allowed            ; 1      ;
+----------------------------+--------+


+----------------------------------------------------------------------------------------------------------------------------------------------------------------------------------------------------------------------------------------------------------------------+
; Clocks                                                                                                                                                                                                                                                               ;
+---------------------------------------------------+------+--------+------------+-------+-------+------------+-----------+-------------+-------+--------+-----------+------------+----------+--------+--------+-------------------------------------------------------+
; Clock Name                                        ; Type ; Period ; Frequency  ; Rise  ; Fall  ; Duty Cycle ; Divide by ; Multiply by ; Phase ; Offset ; Edge List ; Edge Shift ; Inverted ; Master ; Source ; Targets                                               ;
+---------------------------------------------------+------+--------+------------+-------+-------+------------+-----------+-------------+-------+--------+-----------+------------+----------+--------+--------+-------------------------------------------------------+
; clk_divider:u_clk_div|clk_out                     ; Base ; 1.000  ; 1000.0 MHz ; 0.000 ; 0.500 ;            ;           ;             ;       ;        ;           ;            ;          ;        ;        ; { clk_divider:u_clk_div|clk_out }                     ;
; CLOCK_50                                          ; Base ; 1.000  ; 1000.0 MHz ; 0.000 ; 0.500 ;            ;           ;             ;       ;        ;           ;            ;          ;        ;        ; { CLOCK_50 }                                          ;
; Top_LCD:u_lcd_display|LCD_Controller:u_lcd|clk_1k ; Base ; 1.000  ; 1000.0 MHz ; 0.000 ; 0.500 ;            ;           ;             ;       ;        ;           ;            ;          ;        ;        ; { Top_LCD:u_lcd_display|LCD_Controller:u_lcd|clk_1k } ;
+---------------------------------------------------+------+--------+------------+-------+-------+------------+-----------+-------------+-------+--------+-----------+------------+----------+--------+--------+-------------------------------------------------------+


+-----------------------------------------------------------------------------------------+
; Slow Model Fmax Summary                                                                 ;
+------------+-----------------+---------------------------------------------------+------+
; Fmax       ; Restricted Fmax ; Clock Name                                        ; Note ;
+------------+-----------------+---------------------------------------------------+------+
; 129.3 MHz  ; 129.3 MHz       ; CLOCK_50                                          ;      ;
; 248.08 MHz ; 248.08 MHz      ; clk_divider:u_clk_div|clk_out                     ;      ;
; 352.36 MHz ; 352.36 MHz      ; Top_LCD:u_lcd_display|LCD_Controller:u_lcd|clk_1k ;      ;
+------------+-----------------+---------------------------------------------------+------+
This panel reports FMAX for every clock in the design, regardless of the user-specified clock periods.  FMAX is only computed for paths where the source and destination registers or ports are driven by the same clock.  Paths of different clocks, including generated clocks, are ignored.  For paths between a clock and its inversion, FMAX is computed as if the rising and falling edges are scaled along with FMAX, such that the duty cycle (in terms of a percentage) is maintained. Altera recommends that you always use clock constraints and other slack reports for sign-off analysis.


+----------------------------------------------------------------------------+
; Slow Model Setup Summary                                                   ;
+---------------------------------------------------+--------+---------------+
; Clock                                             ; Slack  ; End Point TNS ;
+---------------------------------------------------+--------+---------------+
; CLOCK_50                                          ; -6.734 ; -740.967      ;
; clk_divider:u_clk_div|clk_out                     ; -3.031 ; -16.284       ;
; Top_LCD:u_lcd_display|LCD_Controller:u_lcd|clk_1k ; -1.838 ; -26.693       ;
+---------------------------------------------------+--------+---------------+


+----------------------------------------------------------------------------+
; Slow Model Hold Summary                                                    ;
+---------------------------------------------------+--------+---------------+
; Clock                                             ; Slack  ; End Point TNS ;
+---------------------------------------------------+--------+---------------+
; CLOCK_50                                          ; -3.031 ; -6.025        ;
; Top_LCD:u_lcd_display|LCD_Controller:u_lcd|clk_1k ; -0.080 ; -0.231        ;
; clk_divider:u_clk_div|clk_out                     ; 0.499  ; 0.000         ;
+---------------------------------------------------+--------+---------------+


-------------------------------
; Slow Model Recovery Summary ;
-------------------------------
No paths to report.


------------------------------
; Slow Model Removal Summary ;
------------------------------
No paths to report.


+----------------------------------------------------------------------------+
; Slow Model Minimum Pulse Width Summary                                     ;
+---------------------------------------------------+--------+---------------+
; Clock                                             ; Slack  ; End Point TNS ;
+---------------------------------------------------+--------+---------------+
; CLOCK_50                                          ; -1.941 ; -260.157      ;
; Top_LCD:u_lcd_display|LCD_Controller:u_lcd|clk_1k ; -0.742 ; -31.164       ;
; clk_divider:u_clk_div|clk_out                     ; -0.742 ; -19.292       ;
+---------------------------------------------------+--------+---------------+


+----------------------------------------------------------------------------------------------------------------------------------------------------------------------+
; Slow Model Setup: 'CLOCK_50'                                                                                                                                         ;
+--------+-------------------------------------------+-------------------------------------------+--------------+-------------+--------------+------------+------------+
; Slack  ; From Node                                 ; To Node                                   ; Launch Clock ; Latch Clock ; Relationship ; Clock Skew ; Data Delay ;
+--------+-------------------------------------------+-------------------------------------------+--------------+-------------+--------------+------------+------------+
; -6.734 ; Lock_Controller:u_control|delay_timer[8]  ; Lock_Controller:u_control|lcd_status[1]   ; CLOCK_50     ; CLOCK_50    ; 1.000        ; -0.024     ; 7.750      ;
; -6.734 ; Lock_Controller:u_control|delay_timer[8]  ; Lock_Controller:u_control|lcd_status[2]   ; CLOCK_50     ; CLOCK_50    ; 1.000        ; -0.024     ; 7.750      ;
; -6.734 ; Lock_Controller:u_control|delay_timer[8]  ; Lock_Controller:u_control|lcd_status[0]   ; CLOCK_50     ; CLOCK_50    ; 1.000        ; -0.024     ; 7.750      ;
; -6.698 ; Lock_Controller:u_control|delay_timer[8]  ; Lock_Controller:u_control|delay_timer[15] ; CLOCK_50     ; CLOCK_50    ; 1.000        ; 0.005      ; 7.743      ;
; -6.698 ; Lock_Controller:u_control|delay_timer[8]  ; Lock_Controller:u_control|delay_timer[16] ; CLOCK_50     ; CLOCK_50    ; 1.000        ; 0.005      ; 7.743      ;
; -6.698 ; Lock_Controller:u_control|delay_timer[8]  ; Lock_Controller:u_control|delay_timer[17] ; CLOCK_50     ; CLOCK_50    ; 1.000        ; 0.005      ; 7.743      ;
; -6.698 ; Lock_Controller:u_control|delay_timer[8]  ; Lock_Controller:u_control|delay_timer[18] ; CLOCK_50     ; CLOCK_50    ; 1.000        ; 0.005      ; 7.743      ;
; -6.698 ; Lock_Controller:u_control|delay_timer[8]  ; Lock_Controller:u_control|delay_timer[19] ; CLOCK_50     ; CLOCK_50    ; 1.000        ; 0.005      ; 7.743      ;
; -6.698 ; Lock_Controller:u_control|delay_timer[8]  ; Lock_Controller:u_control|delay_timer[20] ; CLOCK_50     ; CLOCK_50    ; 1.000        ; 0.005      ; 7.743      ;
; -6.698 ; Lock_Controller:u_control|delay_timer[8]  ; Lock_Controller:u_control|delay_timer[21] ; CLOCK_50     ; CLOCK_50    ; 1.000        ; 0.005      ; 7.743      ;
; -6.698 ; Lock_Controller:u_control|delay_timer[8]  ; Lock_Controller:u_control|delay_timer[22] ; CLOCK_50     ; CLOCK_50    ; 1.000        ; 0.005      ; 7.743      ;
; -6.698 ; Lock_Controller:u_control|delay_timer[8]  ; Lock_Controller:u_control|delay_timer[23] ; CLOCK_50     ; CLOCK_50    ; 1.000        ; 0.005      ; 7.743      ;
; -6.698 ; Lock_Controller:u_control|delay_timer[8]  ; Lock_Controller:u_control|delay_timer[24] ; CLOCK_50     ; CLOCK_50    ; 1.000        ; 0.005      ; 7.743      ;
; -6.698 ; Lock_Controller:u_control|delay_timer[8]  ; Lock_Controller:u_control|delay_timer[25] ; CLOCK_50     ; CLOCK_50    ; 1.000        ; 0.005      ; 7.743      ;
; -6.698 ; Lock_Controller:u_control|delay_timer[8]  ; Lock_Controller:u_control|delay_timer[26] ; CLOCK_50     ; CLOCK_50    ; 1.000        ; 0.005      ; 7.743      ;
; -6.698 ; Lock_Controller:u_control|delay_timer[8]  ; Lock_Controller:u_control|delay_timer[27] ; CLOCK_50     ; CLOCK_50    ; 1.000        ; 0.005      ; 7.743      ;
; -6.698 ; Lock_Controller:u_control|delay_timer[8]  ; Lock_Controller:u_control|delay_timer[28] ; CLOCK_50     ; CLOCK_50    ; 1.000        ; 0.005      ; 7.743      ;
; -6.698 ; Lock_Controller:u_control|delay_timer[8]  ; Lock_Controller:u_control|delay_timer[29] ; CLOCK_50     ; CLOCK_50    ; 1.000        ; 0.005      ; 7.743      ;
; -6.690 ; Lock_Controller:u_control|delay_timer[8]  ; Lock_Controller:u_control|delay_timer[0]  ; CLOCK_50     ; CLOCK_50    ; 1.000        ; 0.000      ; 7.730      ;
; -6.690 ; Lock_Controller:u_control|delay_timer[8]  ; Lock_Controller:u_control|delay_timer[1]  ; CLOCK_50     ; CLOCK_50    ; 1.000        ; 0.000      ; 7.730      ;
; -6.690 ; Lock_Controller:u_control|delay_timer[8]  ; Lock_Controller:u_control|delay_timer[2]  ; CLOCK_50     ; CLOCK_50    ; 1.000        ; 0.000      ; 7.730      ;
; -6.690 ; Lock_Controller:u_control|delay_timer[8]  ; Lock_Controller:u_control|delay_timer[3]  ; CLOCK_50     ; CLOCK_50    ; 1.000        ; 0.000      ; 7.730      ;
; -6.690 ; Lock_Controller:u_control|delay_timer[8]  ; Lock_Controller:u_control|delay_timer[4]  ; CLOCK_50     ; CLOCK_50    ; 1.000        ; 0.000      ; 7.730      ;
; -6.690 ; Lock_Controller:u_control|delay_timer[8]  ; Lock_Controller:u_control|delay_timer[5]  ; CLOCK_50     ; CLOCK_50    ; 1.000        ; 0.000      ; 7.730      ;
; -6.690 ; Lock_Controller:u_control|delay_timer[8]  ; Lock_Controller:u_control|delay_timer[6]  ; CLOCK_50     ; CLOCK_50    ; 1.000        ; 0.000      ; 7.730      ;
; -6.690 ; Lock_Controller:u_control|delay_timer[8]  ; Lock_Controller:u_control|delay_timer[7]  ; CLOCK_50     ; CLOCK_50    ; 1.000        ; 0.000      ; 7.730      ;
; -6.690 ; Lock_Controller:u_control|delay_timer[8]  ; Lock_Controller:u_control|delay_timer[8]  ; CLOCK_50     ; CLOCK_50    ; 1.000        ; 0.000      ; 7.730      ;
; -6.690 ; Lock_Controller:u_control|delay_timer[8]  ; Lock_Controller:u_control|delay_timer[9]  ; CLOCK_50     ; CLOCK_50    ; 1.000        ; 0.000      ; 7.730      ;
; -6.690 ; Lock_Controller:u_control|delay_timer[8]  ; Lock_Controller:u_control|delay_timer[10] ; CLOCK_50     ; CLOCK_50    ; 1.000        ; 0.000      ; 7.730      ;
; -6.690 ; Lock_Controller:u_control|delay_timer[8]  ; Lock_Controller:u_control|delay_timer[11] ; CLOCK_50     ; CLOCK_50    ; 1.000        ; 0.000      ; 7.730      ;
; -6.690 ; Lock_Controller:u_control|delay_timer[8]  ; Lock_Controller:u_control|delay_timer[12] ; CLOCK_50     ; CLOCK_50    ; 1.000        ; 0.000      ; 7.730      ;
; -6.690 ; Lock_Controller:u_control|delay_timer[8]  ; Lock_Controller:u_control|delay_timer[13] ; CLOCK_50     ; CLOCK_50    ; 1.000        ; 0.000      ; 7.730      ;
; -6.690 ; Lock_Controller:u_control|delay_timer[8]  ; Lock_Controller:u_control|delay_timer[14] ; CLOCK_50     ; CLOCK_50    ; 1.000        ; 0.000      ; 7.730      ;
; -6.683 ; Lock_Controller:u_control|delay_timer[9]  ; Lock_Controller:u_control|lcd_status[1]   ; CLOCK_50     ; CLOCK_50    ; 1.000        ; -0.024     ; 7.699      ;
; -6.683 ; Lock_Controller:u_control|delay_timer[9]  ; Lock_Controller:u_control|lcd_status[2]   ; CLOCK_50     ; CLOCK_50    ; 1.000        ; -0.024     ; 7.699      ;
; -6.683 ; Lock_Controller:u_control|delay_timer[9]  ; Lock_Controller:u_control|lcd_status[0]   ; CLOCK_50     ; CLOCK_50    ; 1.000        ; -0.024     ; 7.699      ;
; -6.672 ; Lock_Controller:u_control|delay_timer[14] ; Lock_Controller:u_control|lcd_status[1]   ; CLOCK_50     ; CLOCK_50    ; 1.000        ; -0.024     ; 7.688      ;
; -6.672 ; Lock_Controller:u_control|delay_timer[14] ; Lock_Controller:u_control|lcd_status[2]   ; CLOCK_50     ; CLOCK_50    ; 1.000        ; -0.024     ; 7.688      ;
; -6.672 ; Lock_Controller:u_control|delay_timer[14] ; Lock_Controller:u_control|lcd_status[0]   ; CLOCK_50     ; CLOCK_50    ; 1.000        ; -0.024     ; 7.688      ;
; -6.647 ; Lock_Controller:u_control|delay_timer[9]  ; Lock_Controller:u_control|delay_timer[15] ; CLOCK_50     ; CLOCK_50    ; 1.000        ; 0.005      ; 7.692      ;
; -6.647 ; Lock_Controller:u_control|delay_timer[9]  ; Lock_Controller:u_control|delay_timer[16] ; CLOCK_50     ; CLOCK_50    ; 1.000        ; 0.005      ; 7.692      ;
; -6.647 ; Lock_Controller:u_control|delay_timer[9]  ; Lock_Controller:u_control|delay_timer[17] ; CLOCK_50     ; CLOCK_50    ; 1.000        ; 0.005      ; 7.692      ;
; -6.647 ; Lock_Controller:u_control|delay_timer[9]  ; Lock_Controller:u_control|delay_timer[18] ; CLOCK_50     ; CLOCK_50    ; 1.000        ; 0.005      ; 7.692      ;
; -6.647 ; Lock_Controller:u_control|delay_timer[9]  ; Lock_Controller:u_control|delay_timer[19] ; CLOCK_50     ; CLOCK_50    ; 1.000        ; 0.005      ; 7.692      ;
; -6.647 ; Lock_Controller:u_control|delay_timer[9]  ; Lock_Controller:u_control|delay_timer[20] ; CLOCK_50     ; CLOCK_50    ; 1.000        ; 0.005      ; 7.692      ;
; -6.647 ; Lock_Controller:u_control|delay_timer[9]  ; Lock_Controller:u_control|delay_timer[21] ; CLOCK_50     ; CLOCK_50    ; 1.000        ; 0.005      ; 7.692      ;
; -6.647 ; Lock_Controller:u_control|delay_timer[9]  ; Lock_Controller:u_control|delay_timer[22] ; CLOCK_50     ; CLOCK_50    ; 1.000        ; 0.005      ; 7.692      ;
; -6.647 ; Lock_Controller:u_control|delay_timer[9]  ; Lock_Controller:u_control|delay_timer[23] ; CLOCK_50     ; CLOCK_50    ; 1.000        ; 0.005      ; 7.692      ;
; -6.647 ; Lock_Controller:u_control|delay_timer[9]  ; Lock_Controller:u_control|delay_timer[24] ; CLOCK_50     ; CLOCK_50    ; 1.000        ; 0.005      ; 7.692      ;
; -6.647 ; Lock_Controller:u_control|delay_timer[9]  ; Lock_Controller:u_control|delay_timer[25] ; CLOCK_50     ; CLOCK_50    ; 1.000        ; 0.005      ; 7.692      ;
; -6.647 ; Lock_Controller:u_control|delay_timer[9]  ; Lock_Controller:u_control|delay_timer[26] ; CLOCK_50     ; CLOCK_50    ; 1.000        ; 0.005      ; 7.692      ;
; -6.647 ; Lock_Controller:u_control|delay_timer[9]  ; Lock_Controller:u_control|delay_timer[27] ; CLOCK_50     ; CLOCK_50    ; 1.000        ; 0.005      ; 7.692      ;
; -6.647 ; Lock_Controller:u_control|delay_timer[9]  ; Lock_Controller:u_control|delay_timer[28] ; CLOCK_50     ; CLOCK_50    ; 1.000        ; 0.005      ; 7.692      ;
; -6.647 ; Lock_Controller:u_control|delay_timer[9]  ; Lock_Controller:u_control|delay_timer[29] ; CLOCK_50     ; CLOCK_50    ; 1.000        ; 0.005      ; 7.692      ;
; -6.639 ; Lock_Controller:u_control|delay_timer[9]  ; Lock_Controller:u_control|delay_timer[0]  ; CLOCK_50     ; CLOCK_50    ; 1.000        ; 0.000      ; 7.679      ;
; -6.639 ; Lock_Controller:u_control|delay_timer[9]  ; Lock_Controller:u_control|delay_timer[1]  ; CLOCK_50     ; CLOCK_50    ; 1.000        ; 0.000      ; 7.679      ;
; -6.639 ; Lock_Controller:u_control|delay_timer[9]  ; Lock_Controller:u_control|delay_timer[2]  ; CLOCK_50     ; CLOCK_50    ; 1.000        ; 0.000      ; 7.679      ;
; -6.639 ; Lock_Controller:u_control|delay_timer[9]  ; Lock_Controller:u_control|delay_timer[3]  ; CLOCK_50     ; CLOCK_50    ; 1.000        ; 0.000      ; 7.679      ;
; -6.639 ; Lock_Controller:u_control|delay_timer[9]  ; Lock_Controller:u_control|delay_timer[4]  ; CLOCK_50     ; CLOCK_50    ; 1.000        ; 0.000      ; 7.679      ;
; -6.639 ; Lock_Controller:u_control|delay_timer[9]  ; Lock_Controller:u_control|delay_timer[5]  ; CLOCK_50     ; CLOCK_50    ; 1.000        ; 0.000      ; 7.679      ;
; -6.639 ; Lock_Controller:u_control|delay_timer[9]  ; Lock_Controller:u_control|delay_timer[6]  ; CLOCK_50     ; CLOCK_50    ; 1.000        ; 0.000      ; 7.679      ;
; -6.639 ; Lock_Controller:u_control|delay_timer[9]  ; Lock_Controller:u_control|delay_timer[7]  ; CLOCK_50     ; CLOCK_50    ; 1.000        ; 0.000      ; 7.679      ;
; -6.639 ; Lock_Controller:u_control|delay_timer[9]  ; Lock_Controller:u_control|delay_timer[8]  ; CLOCK_50     ; CLOCK_50    ; 1.000        ; 0.000      ; 7.679      ;
; -6.639 ; Lock_Controller:u_control|delay_timer[9]  ; Lock_Controller:u_control|delay_timer[9]  ; CLOCK_50     ; CLOCK_50    ; 1.000        ; 0.000      ; 7.679      ;
; -6.639 ; Lock_Controller:u_control|delay_timer[9]  ; Lock_Controller:u_control|delay_timer[10] ; CLOCK_50     ; CLOCK_50    ; 1.000        ; 0.000      ; 7.679      ;
; -6.639 ; Lock_Controller:u_control|delay_timer[9]  ; Lock_Controller:u_control|delay_timer[11] ; CLOCK_50     ; CLOCK_50    ; 1.000        ; 0.000      ; 7.679      ;
; -6.639 ; Lock_Controller:u_control|delay_timer[9]  ; Lock_Controller:u_control|delay_timer[12] ; CLOCK_50     ; CLOCK_50    ; 1.000        ; 0.000      ; 7.679      ;
; -6.639 ; Lock_Controller:u_control|delay_timer[9]  ; Lock_Controller:u_control|delay_timer[13] ; CLOCK_50     ; CLOCK_50    ; 1.000        ; 0.000      ; 7.679      ;
; -6.639 ; Lock_Controller:u_control|delay_timer[9]  ; Lock_Controller:u_control|delay_timer[14] ; CLOCK_50     ; CLOCK_50    ; 1.000        ; 0.000      ; 7.679      ;
; -6.636 ; Lock_Controller:u_control|delay_timer[14] ; Lock_Controller:u_control|delay_timer[15] ; CLOCK_50     ; CLOCK_50    ; 1.000        ; 0.005      ; 7.681      ;
; -6.636 ; Lock_Controller:u_control|delay_timer[14] ; Lock_Controller:u_control|delay_timer[16] ; CLOCK_50     ; CLOCK_50    ; 1.000        ; 0.005      ; 7.681      ;
; -6.636 ; Lock_Controller:u_control|delay_timer[14] ; Lock_Controller:u_control|delay_timer[17] ; CLOCK_50     ; CLOCK_50    ; 1.000        ; 0.005      ; 7.681      ;
; -6.636 ; Lock_Controller:u_control|delay_timer[14] ; Lock_Controller:u_control|delay_timer[18] ; CLOCK_50     ; CLOCK_50    ; 1.000        ; 0.005      ; 7.681      ;
; -6.636 ; Lock_Controller:u_control|delay_timer[14] ; Lock_Controller:u_control|delay_timer[19] ; CLOCK_50     ; CLOCK_50    ; 1.000        ; 0.005      ; 7.681      ;
; -6.636 ; Lock_Controller:u_control|delay_timer[14] ; Lock_Controller:u_control|delay_timer[20] ; CLOCK_50     ; CLOCK_50    ; 1.000        ; 0.005      ; 7.681      ;
; -6.636 ; Lock_Controller:u_control|delay_timer[14] ; Lock_Controller:u_control|delay_timer[21] ; CLOCK_50     ; CLOCK_50    ; 1.000        ; 0.005      ; 7.681      ;
; -6.636 ; Lock_Controller:u_control|delay_timer[14] ; Lock_Controller:u_control|delay_timer[22] ; CLOCK_50     ; CLOCK_50    ; 1.000        ; 0.005      ; 7.681      ;
; -6.636 ; Lock_Controller:u_control|delay_timer[14] ; Lock_Controller:u_control|delay_timer[23] ; CLOCK_50     ; CLOCK_50    ; 1.000        ; 0.005      ; 7.681      ;
; -6.636 ; Lock_Controller:u_control|delay_timer[14] ; Lock_Controller:u_control|delay_timer[24] ; CLOCK_50     ; CLOCK_50    ; 1.000        ; 0.005      ; 7.681      ;
; -6.636 ; Lock_Controller:u_control|delay_timer[14] ; Lock_Controller:u_control|delay_timer[25] ; CLOCK_50     ; CLOCK_50    ; 1.000        ; 0.005      ; 7.681      ;
; -6.636 ; Lock_Controller:u_control|delay_timer[14] ; Lock_Controller:u_control|delay_timer[26] ; CLOCK_50     ; CLOCK_50    ; 1.000        ; 0.005      ; 7.681      ;
; -6.636 ; Lock_Controller:u_control|delay_timer[14] ; Lock_Controller:u_control|delay_timer[27] ; CLOCK_50     ; CLOCK_50    ; 1.000        ; 0.005      ; 7.681      ;
; -6.636 ; Lock_Controller:u_control|delay_timer[14] ; Lock_Controller:u_control|delay_timer[28] ; CLOCK_50     ; CLOCK_50    ; 1.000        ; 0.005      ; 7.681      ;
; -6.636 ; Lock_Controller:u_control|delay_timer[14] ; Lock_Controller:u_control|delay_timer[29] ; CLOCK_50     ; CLOCK_50    ; 1.000        ; 0.005      ; 7.681      ;
; -6.628 ; Lock_Controller:u_control|delay_timer[14] ; Lock_Controller:u_control|delay_timer[0]  ; CLOCK_50     ; CLOCK_50    ; 1.000        ; 0.000      ; 7.668      ;
; -6.628 ; Lock_Controller:u_control|delay_timer[14] ; Lock_Controller:u_control|delay_timer[1]  ; CLOCK_50     ; CLOCK_50    ; 1.000        ; 0.000      ; 7.668      ;
; -6.628 ; Lock_Controller:u_control|delay_timer[14] ; Lock_Controller:u_control|delay_timer[2]  ; CLOCK_50     ; CLOCK_50    ; 1.000        ; 0.000      ; 7.668      ;
; -6.628 ; Lock_Controller:u_control|delay_timer[14] ; Lock_Controller:u_control|delay_timer[3]  ; CLOCK_50     ; CLOCK_50    ; 1.000        ; 0.000      ; 7.668      ;
; -6.628 ; Lock_Controller:u_control|delay_timer[14] ; Lock_Controller:u_control|delay_timer[4]  ; CLOCK_50     ; CLOCK_50    ; 1.000        ; 0.000      ; 7.668      ;
; -6.628 ; Lock_Controller:u_control|delay_timer[14] ; Lock_Controller:u_control|delay_timer[5]  ; CLOCK_50     ; CLOCK_50    ; 1.000        ; 0.000      ; 7.668      ;
; -6.628 ; Lock_Controller:u_control|delay_timer[14] ; Lock_Controller:u_control|delay_timer[6]  ; CLOCK_50     ; CLOCK_50    ; 1.000        ; 0.000      ; 7.668      ;
; -6.628 ; Lock_Controller:u_control|delay_timer[14] ; Lock_Controller:u_control|delay_timer[7]  ; CLOCK_50     ; CLOCK_50    ; 1.000        ; 0.000      ; 7.668      ;
; -6.628 ; Lock_Controller:u_control|delay_timer[14] ; Lock_Controller:u_control|delay_timer[8]  ; CLOCK_50     ; CLOCK_50    ; 1.000        ; 0.000      ; 7.668      ;
; -6.628 ; Lock_Controller:u_control|delay_timer[14] ; Lock_Controller:u_control|delay_timer[9]  ; CLOCK_50     ; CLOCK_50    ; 1.000        ; 0.000      ; 7.668      ;
; -6.628 ; Lock_Controller:u_control|delay_timer[14] ; Lock_Controller:u_control|delay_timer[10] ; CLOCK_50     ; CLOCK_50    ; 1.000        ; 0.000      ; 7.668      ;
; -6.628 ; Lock_Controller:u_control|delay_timer[14] ; Lock_Controller:u_control|delay_timer[11] ; CLOCK_50     ; CLOCK_50    ; 1.000        ; 0.000      ; 7.668      ;
; -6.628 ; Lock_Controller:u_control|delay_timer[14] ; Lock_Controller:u_control|delay_timer[12] ; CLOCK_50     ; CLOCK_50    ; 1.000        ; 0.000      ; 7.668      ;
; -6.628 ; Lock_Controller:u_control|delay_timer[14] ; Lock_Controller:u_control|delay_timer[13] ; CLOCK_50     ; CLOCK_50    ; 1.000        ; 0.000      ; 7.668      ;
; -6.628 ; Lock_Controller:u_control|delay_timer[14] ; Lock_Controller:u_control|delay_timer[14] ; CLOCK_50     ; CLOCK_50    ; 1.000        ; 0.000      ; 7.668      ;
; -6.618 ; Lock_Controller:u_control|delay_timer[7]  ; Lock_Controller:u_control|lcd_status[1]   ; CLOCK_50     ; CLOCK_50    ; 1.000        ; -0.024     ; 7.634      ;
+--------+-------------------------------------------+-------------------------------------------+--------------+-------------+--------------+------------+------------+


+-----------------------------------------------------------------------------------------------------------------------------------------------------------------------------------------------+
; Slow Model Setup: 'clk_divider:u_clk_div|clk_out'                                                                                                                                             ;
+--------+--------------------------------------+--------------------------------------+-------------------------------+-------------------------------+--------------+------------+------------+
; Slack  ; From Node                            ; To Node                              ; Launch Clock                  ; Latch Clock                   ; Relationship ; Clock Skew ; Data Delay ;
+--------+--------------------------------------+--------------------------------------+-------------------------------+-------------------------------+--------------+------------+------------+
; -3.031 ; keypad_scanner:u_scanner|state.01    ; keypad_scanner:u_scanner|data_out[2] ; clk_divider:u_clk_div|clk_out ; clk_divider:u_clk_div|clk_out ; 1.000        ; 0.027      ; 4.098      ;
; -2.913 ; keypad_scanner:u_scanner|state.11    ; keypad_scanner:u_scanner|data_out[3] ; clk_divider:u_clk_div|clk_out ; clk_divider:u_clk_div|clk_out ; 1.000        ; 0.000      ; 3.953      ;
; -2.889 ; keypad_scanner:u_scanner|state.10    ; keypad_scanner:u_scanner|data_out[1] ; clk_divider:u_clk_div|clk_out ; clk_divider:u_clk_div|clk_out ; 1.000        ; 0.027      ; 3.956      ;
; -2.886 ; keypad_scanner:u_scanner|state.01    ; keypad_scanner:u_scanner|data_out[3] ; clk_divider:u_clk_div|clk_out ; clk_divider:u_clk_div|clk_out ; 1.000        ; 0.000      ; 3.926      ;
; -2.806 ; keypad_scanner:u_scanner|state.11    ; keypad_scanner:u_scanner|data_out[2] ; clk_divider:u_clk_div|clk_out ; clk_divider:u_clk_div|clk_out ; 1.000        ; 0.027      ; 3.873      ;
; -2.740 ; keypad_scanner:u_scanner|state.00    ; keypad_scanner:u_scanner|data_out[2] ; clk_divider:u_clk_div|clk_out ; clk_divider:u_clk_div|clk_out ; 1.000        ; 0.000      ; 3.780      ;
; -2.683 ; keypad_scanner:u_scanner|state.10    ; keypad_scanner:u_scanner|data_out[3] ; clk_divider:u_clk_div|clk_out ; clk_divider:u_clk_div|clk_out ; 1.000        ; 0.000      ; 3.723      ;
; -2.651 ; keypad_scanner:u_scanner|state.10    ; keypad_scanner:u_scanner|data_out[2] ; clk_divider:u_clk_div|clk_out ; clk_divider:u_clk_div|clk_out ; 1.000        ; 0.027      ; 3.718      ;
; -2.632 ; keypad_scanner:u_scanner|state.01    ; keypad_scanner:u_scanner|data_out[1] ; clk_divider:u_clk_div|clk_out ; clk_divider:u_clk_div|clk_out ; 1.000        ; 0.027      ; 3.699      ;
; -2.450 ; keypad_scanner:u_scanner|state.11    ; keypad_scanner:u_scanner|data_out[1] ; clk_divider:u_clk_div|clk_out ; clk_divider:u_clk_div|clk_out ; 1.000        ; 0.027      ; 3.517      ;
; -2.168 ; keypad_scanner:u_scanner|state.00    ; keypad_scanner:u_scanner|data_out[1] ; clk_divider:u_clk_div|clk_out ; clk_divider:u_clk_div|clk_out ; 1.000        ; 0.000      ; 3.208      ;
; -1.884 ; keypad_scanner:u_scanner|data_out[0] ; keypad_scanner:u_scanner|data_out[0] ; clk_divider:u_clk_div|clk_out ; clk_divider:u_clk_div|clk_out ; 1.000        ; 0.000      ; 2.924      ;
; -1.814 ; keypad_scanner:u_scanner|state.11    ; keypad_scanner:u_scanner|data_out[0] ; clk_divider:u_clk_div|clk_out ; clk_divider:u_clk_div|clk_out ; 1.000        ; 0.002      ; 2.856      ;
; -1.809 ; keypad_scanner:u_scanner|state.01    ; keypad_scanner:u_scanner|data_out[0] ; clk_divider:u_clk_div|clk_out ; clk_divider:u_clk_div|clk_out ; 1.000        ; 0.002      ; 2.851      ;
; -1.805 ; keypad_scanner:u_scanner|state.10    ; keypad_scanner:u_scanner|data_out[0] ; clk_divider:u_clk_div|clk_out ; clk_divider:u_clk_div|clk_out ; 1.000        ; 0.002      ; 2.847      ;
; -1.725 ; keypad_scanner:u_scanner|state.00    ; keypad_scanner:u_scanner|data_out[3] ; clk_divider:u_clk_div|clk_out ; clk_divider:u_clk_div|clk_out ; 1.000        ; -0.027     ; 2.738      ;
; -1.550 ; keypad_scanner:u_scanner|state.00    ; keypad_scanner:u_scanner|data_out[0] ; clk_divider:u_clk_div|clk_out ; clk_divider:u_clk_div|clk_out ; 1.000        ; -0.025     ; 2.565      ;
; -1.238 ; keypad_scanner:u_scanner|state.10    ; keypad_scanner:u_scanner|row[2]      ; clk_divider:u_clk_div|clk_out ; clk_divider:u_clk_div|clk_out ; 1.000        ; 0.002      ; 2.280      ;
; -1.221 ; keypad_scanner:u_scanner|state.00    ; keypad_scanner:u_scanner|row[0]      ; clk_divider:u_clk_div|clk_out ; clk_divider:u_clk_div|clk_out ; 1.000        ; -0.025     ; 2.236      ;
; -1.165 ; keypad_scanner:u_scanner|state.11    ; keypad_scanner:u_scanner|state.00    ; clk_divider:u_clk_div|clk_out ; clk_divider:u_clk_div|clk_out ; 1.000        ; 0.027      ; 2.232      ;
; -1.162 ; keypad_scanner:u_scanner|state.00    ; keypad_scanner:u_scanner|state.01    ; clk_divider:u_clk_div|clk_out ; clk_divider:u_clk_div|clk_out ; 1.000        ; -0.027     ; 2.175      ;
; -0.469 ; keypad_scanner:u_scanner|state.01    ; keypad_scanner:u_scanner|state.10    ; clk_divider:u_clk_div|clk_out ; clk_divider:u_clk_div|clk_out ; 1.000        ; 0.000      ; 1.509      ;
; -0.225 ; keypad_scanner:u_scanner|state.01    ; keypad_scanner:u_scanner|row[1]      ; clk_divider:u_clk_div|clk_out ; clk_divider:u_clk_div|clk_out ; 1.000        ; 0.000      ; 1.265      ;
; -0.061 ; keypad_scanner:u_scanner|state.11    ; keypad_scanner:u_scanner|row[3]      ; clk_divider:u_clk_div|clk_out ; clk_divider:u_clk_div|clk_out ; 1.000        ; 0.000      ; 1.101      ;
; -0.026 ; keypad_scanner:u_scanner|state.10    ; keypad_scanner:u_scanner|state.11    ; clk_divider:u_clk_div|clk_out ; clk_divider:u_clk_div|clk_out ; 1.000        ; 0.000      ; 1.066      ;
; 0.235  ; keypad_scanner:u_scanner|data_out[2] ; keypad_scanner:u_scanner|data_out[2] ; clk_divider:u_clk_div|clk_out ; clk_divider:u_clk_div|clk_out ; 1.000        ; 0.000      ; 0.805      ;
; 0.235  ; keypad_scanner:u_scanner|data_out[3] ; keypad_scanner:u_scanner|data_out[3] ; clk_divider:u_clk_div|clk_out ; clk_divider:u_clk_div|clk_out ; 1.000        ; 0.000      ; 0.805      ;
; 0.235  ; keypad_scanner:u_scanner|data_out[1] ; keypad_scanner:u_scanner|data_out[1] ; clk_divider:u_clk_div|clk_out ; clk_divider:u_clk_div|clk_out ; 1.000        ; 0.000      ; 0.805      ;
; 0.235  ; keypad_scanner:u_scanner|state.00    ; keypad_scanner:u_scanner|state.00    ; clk_divider:u_clk_div|clk_out ; clk_divider:u_clk_div|clk_out ; 1.000        ; 0.000      ; 0.805      ;
; 0.235  ; keypad_scanner:u_scanner|state.01    ; keypad_scanner:u_scanner|state.01    ; clk_divider:u_clk_div|clk_out ; clk_divider:u_clk_div|clk_out ; 1.000        ; 0.000      ; 0.805      ;
; 0.235  ; keypad_scanner:u_scanner|state.10    ; keypad_scanner:u_scanner|state.10    ; clk_divider:u_clk_div|clk_out ; clk_divider:u_clk_div|clk_out ; 1.000        ; 0.000      ; 0.805      ;
; 0.235  ; keypad_scanner:u_scanner|state.11    ; keypad_scanner:u_scanner|state.11    ; clk_divider:u_clk_div|clk_out ; clk_divider:u_clk_div|clk_out ; 1.000        ; 0.000      ; 0.805      ;
+--------+--------------------------------------+--------------------------------------+-------------------------------+-------------------------------+--------------+------------+------------+


+-----------------------------------------------------------------------------------------------------------------------------------------------------------------------------------------------------------------------------------------------------------------------------------------+
; Slow Model Setup: 'Top_LCD:u_lcd_display|LCD_Controller:u_lcd|clk_1k'                                                                                                                                                                                                                   ;
+--------+---------------------------------------------------------------+---------------------------------------------------------------+---------------------------------------------------+---------------------------------------------------+--------------+------------+------------+
; Slack  ; From Node                                                     ; To Node                                                       ; Launch Clock                                      ; Latch Clock                                       ; Relationship ; Clock Skew ; Data Delay ;
+--------+---------------------------------------------------------------+---------------------------------------------------------------+---------------------------------------------------+---------------------------------------------------+--------------+------------+------------+
; -1.838 ; Top_LCD:u_lcd_display|LCD_Controller:u_lcd|state.INIT         ; Top_LCD:u_lcd_display|LCD_Controller:u_lcd|LCD_DATA[6]        ; Top_LCD:u_lcd_display|LCD_Controller:u_lcd|clk_1k ; Top_LCD:u_lcd_display|LCD_Controller:u_lcd|clk_1k ; 1.000        ; -0.002     ; 2.876      ;
; -1.826 ; Top_LCD:u_lcd_display|LCD_Controller:u_lcd|state.SET_POS      ; Top_LCD:u_lcd_display|LCD_Controller:u_lcd|LCD_DATA[0]        ; Top_LCD:u_lcd_display|LCD_Controller:u_lcd|clk_1k ; Top_LCD:u_lcd_display|LCD_Controller:u_lcd|clk_1k ; 1.000        ; 0.001      ; 2.867      ;
; -1.826 ; Top_LCD:u_lcd_display|LCD_Controller:u_lcd|state.SET_POS      ; Top_LCD:u_lcd_display|LCD_Controller:u_lcd|LCD_DATA[1]        ; Top_LCD:u_lcd_display|LCD_Controller:u_lcd|clk_1k ; Top_LCD:u_lcd_display|LCD_Controller:u_lcd|clk_1k ; 1.000        ; 0.001      ; 2.867      ;
; -1.826 ; Top_LCD:u_lcd_display|LCD_Controller:u_lcd|state.SET_POS      ; Top_LCD:u_lcd_display|LCD_Controller:u_lcd|LCD_DATA[2]        ; Top_LCD:u_lcd_display|LCD_Controller:u_lcd|clk_1k ; Top_LCD:u_lcd_display|LCD_Controller:u_lcd|clk_1k ; 1.000        ; 0.001      ; 2.867      ;
; -1.826 ; Top_LCD:u_lcd_display|LCD_Controller:u_lcd|state.SET_POS      ; Top_LCD:u_lcd_display|LCD_Controller:u_lcd|LCD_DATA[3]        ; Top_LCD:u_lcd_display|LCD_Controller:u_lcd|clk_1k ; Top_LCD:u_lcd_display|LCD_Controller:u_lcd|clk_1k ; 1.000        ; 0.001      ; 2.867      ;
; -1.826 ; Top_LCD:u_lcd_display|LCD_Controller:u_lcd|state.SET_POS      ; Top_LCD:u_lcd_display|LCD_Controller:u_lcd|LCD_DATA[4]        ; Top_LCD:u_lcd_display|LCD_Controller:u_lcd|clk_1k ; Top_LCD:u_lcd_display|LCD_Controller:u_lcd|clk_1k ; 1.000        ; 0.001      ; 2.867      ;
; -1.826 ; Top_LCD:u_lcd_display|LCD_Controller:u_lcd|state.SET_POS      ; Top_LCD:u_lcd_display|LCD_Controller:u_lcd|LCD_DATA[5]        ; Top_LCD:u_lcd_display|LCD_Controller:u_lcd|clk_1k ; Top_LCD:u_lcd_display|LCD_Controller:u_lcd|clk_1k ; 1.000        ; 0.001      ; 2.867      ;
; -1.750 ; Top_LCD:u_lcd_display|LCD_Controller:u_lcd|state.SEND         ; Top_LCD:u_lcd_display|LCD_Controller:u_lcd|LCD_DATA[6]        ; Top_LCD:u_lcd_display|LCD_Controller:u_lcd|clk_1k ; Top_LCD:u_lcd_display|LCD_Controller:u_lcd|clk_1k ; 1.000        ; -0.002     ; 2.788      ;
; -1.589 ; Top_LCD:u_lcd_display|LCD_Controller:u_lcd|state.SEND         ; Top_LCD:u_lcd_display|LCD_Controller:u_lcd|LCD_DATA[0]        ; Top_LCD:u_lcd_display|LCD_Controller:u_lcd|clk_1k ; Top_LCD:u_lcd_display|LCD_Controller:u_lcd|clk_1k ; 1.000        ; 0.001      ; 2.630      ;
; -1.589 ; Top_LCD:u_lcd_display|LCD_Controller:u_lcd|state.SEND         ; Top_LCD:u_lcd_display|LCD_Controller:u_lcd|LCD_DATA[1]        ; Top_LCD:u_lcd_display|LCD_Controller:u_lcd|clk_1k ; Top_LCD:u_lcd_display|LCD_Controller:u_lcd|clk_1k ; 1.000        ; 0.001      ; 2.630      ;
; -1.589 ; Top_LCD:u_lcd_display|LCD_Controller:u_lcd|state.SEND         ; Top_LCD:u_lcd_display|LCD_Controller:u_lcd|LCD_DATA[2]        ; Top_LCD:u_lcd_display|LCD_Controller:u_lcd|clk_1k ; Top_LCD:u_lcd_display|LCD_Controller:u_lcd|clk_1k ; 1.000        ; 0.001      ; 2.630      ;
; -1.589 ; Top_LCD:u_lcd_display|LCD_Controller:u_lcd|state.SEND         ; Top_LCD:u_lcd_display|LCD_Controller:u_lcd|LCD_DATA[3]        ; Top_LCD:u_lcd_display|LCD_Controller:u_lcd|clk_1k ; Top_LCD:u_lcd_display|LCD_Controller:u_lcd|clk_1k ; 1.000        ; 0.001      ; 2.630      ;
; -1.589 ; Top_LCD:u_lcd_display|LCD_Controller:u_lcd|state.SEND         ; Top_LCD:u_lcd_display|LCD_Controller:u_lcd|LCD_DATA[4]        ; Top_LCD:u_lcd_display|LCD_Controller:u_lcd|clk_1k ; Top_LCD:u_lcd_display|LCD_Controller:u_lcd|clk_1k ; 1.000        ; 0.001      ; 2.630      ;
; -1.589 ; Top_LCD:u_lcd_display|LCD_Controller:u_lcd|state.SEND         ; Top_LCD:u_lcd_display|LCD_Controller:u_lcd|LCD_DATA[5]        ; Top_LCD:u_lcd_display|LCD_Controller:u_lcd|clk_1k ; Top_LCD:u_lcd_display|LCD_Controller:u_lcd|clk_1k ; 1.000        ; 0.001      ; 2.630      ;
; -1.548 ; Top_LCD:u_lcd_display|LCD_Controller:u_lcd|state.SEND         ; Top_LCD:u_lcd_display|LCD_Controller:u_lcd|state.SEND_HOLD    ; Top_LCD:u_lcd_display|LCD_Controller:u_lcd|clk_1k ; Top_LCD:u_lcd_display|LCD_Controller:u_lcd|clk_1k ; 1.000        ; 0.000      ; 2.588      ;
; -1.486 ; Top_LCD:u_lcd_display|LCD_Controller:u_lcd|count[0]           ; Top_LCD:u_lcd_display|LCD_Controller:u_lcd|state.IDLE         ; Top_LCD:u_lcd_display|LCD_Controller:u_lcd|clk_1k ; Top_LCD:u_lcd_display|LCD_Controller:u_lcd|clk_1k ; 1.000        ; 0.000      ; 2.526      ;
; -1.462 ; Top_LCD:u_lcd_display|LCD_Controller:u_lcd|state.INIT         ; Top_LCD:u_lcd_display|LCD_Controller:u_lcd|LCD_EN             ; Top_LCD:u_lcd_display|LCD_Controller:u_lcd|clk_1k ; Top_LCD:u_lcd_display|LCD_Controller:u_lcd|clk_1k ; 1.000        ; 0.000      ; 2.502      ;
; -1.448 ; Top_LCD:u_lcd_display|LCD_Controller:u_lcd|state.INIT         ; Top_LCD:u_lcd_display|LCD_Controller:u_lcd|state.INIT_HOLD    ; Top_LCD:u_lcd_display|LCD_Controller:u_lcd|clk_1k ; Top_LCD:u_lcd_display|LCD_Controller:u_lcd|clk_1k ; 1.000        ; 0.000      ; 2.488      ;
; -1.434 ; Top_LCD:u_lcd_display|LCD_Controller:u_lcd|count[1]           ; Top_LCD:u_lcd_display|LCD_Controller:u_lcd|state.IDLE         ; Top_LCD:u_lcd_display|LCD_Controller:u_lcd|clk_1k ; Top_LCD:u_lcd_display|LCD_Controller:u_lcd|clk_1k ; 1.000        ; 0.000      ; 2.474      ;
; -1.429 ; Top_LCD:u_lcd_display|LCD_Controller:u_lcd|count[2]           ; Top_LCD:u_lcd_display|LCD_Controller:u_lcd|LCD_DATA[0]        ; Top_LCD:u_lcd_display|LCD_Controller:u_lcd|clk_1k ; Top_LCD:u_lcd_display|LCD_Controller:u_lcd|clk_1k ; 1.000        ; 0.001      ; 2.470      ;
; -1.397 ; Top_LCD:u_lcd_display|LCD_Controller:u_lcd|state.SET_POS      ; Top_LCD:u_lcd_display|LCD_Controller:u_lcd|LCD_DATA[6]        ; Top_LCD:u_lcd_display|LCD_Controller:u_lcd|clk_1k ; Top_LCD:u_lcd_display|LCD_Controller:u_lcd|clk_1k ; 1.000        ; -0.002     ; 2.435      ;
; -1.394 ; Top_LCD:u_lcd_display|LCD_Controller:u_lcd|count[2]           ; Top_LCD:u_lcd_display|LCD_Controller:u_lcd|state.IDLE         ; Top_LCD:u_lcd_display|LCD_Controller:u_lcd|clk_1k ; Top_LCD:u_lcd_display|LCD_Controller:u_lcd|clk_1k ; 1.000        ; 0.000      ; 2.434      ;
; -1.369 ; Top_LCD:u_lcd_display|LCD_Controller:u_lcd|count[0]           ; Top_LCD:u_lcd_display|LCD_Controller:u_lcd|LCD_DATA[3]        ; Top_LCD:u_lcd_display|LCD_Controller:u_lcd|clk_1k ; Top_LCD:u_lcd_display|LCD_Controller:u_lcd|clk_1k ; 1.000        ; 0.001      ; 2.410      ;
; -1.328 ; Top_LCD:u_lcd_display|LCD_Controller:u_lcd|count[0]           ; Top_LCD:u_lcd_display|LCD_Controller:u_lcd|LCD_DATA[0]        ; Top_LCD:u_lcd_display|LCD_Controller:u_lcd|clk_1k ; Top_LCD:u_lcd_display|LCD_Controller:u_lcd|clk_1k ; 1.000        ; 0.001      ; 2.369      ;
; -1.322 ; Top_LCD:u_lcd_display|LCD_Controller:u_lcd|count[1]           ; Top_LCD:u_lcd_display|LCD_Controller:u_lcd|LCD_DATA[1]        ; Top_LCD:u_lcd_display|LCD_Controller:u_lcd|clk_1k ; Top_LCD:u_lcd_display|LCD_Controller:u_lcd|clk_1k ; 1.000        ; 0.001      ; 2.363      ;
; -1.318 ; Top_LCD:u_lcd_display|LCD_Controller:u_lcd|count[1]           ; Top_LCD:u_lcd_display|LCD_Controller:u_lcd|LCD_DATA[3]        ; Top_LCD:u_lcd_display|LCD_Controller:u_lcd|clk_1k ; Top_LCD:u_lcd_display|LCD_Controller:u_lcd|clk_1k ; 1.000        ; 0.001      ; 2.359      ;
; -1.313 ; Top_LCD:u_lcd_display|LCD_Controller:u_lcd|state.INIT         ; Top_LCD:u_lcd_display|LCD_Controller:u_lcd|LCD_DATA[0]        ; Top_LCD:u_lcd_display|LCD_Controller:u_lcd|clk_1k ; Top_LCD:u_lcd_display|LCD_Controller:u_lcd|clk_1k ; 1.000        ; 0.001      ; 2.354      ;
; -1.313 ; Top_LCD:u_lcd_display|LCD_Controller:u_lcd|state.INIT         ; Top_LCD:u_lcd_display|LCD_Controller:u_lcd|LCD_DATA[1]        ; Top_LCD:u_lcd_display|LCD_Controller:u_lcd|clk_1k ; Top_LCD:u_lcd_display|LCD_Controller:u_lcd|clk_1k ; 1.000        ; 0.001      ; 2.354      ;
; -1.313 ; Top_LCD:u_lcd_display|LCD_Controller:u_lcd|state.INIT         ; Top_LCD:u_lcd_display|LCD_Controller:u_lcd|LCD_DATA[2]        ; Top_LCD:u_lcd_display|LCD_Controller:u_lcd|clk_1k ; Top_LCD:u_lcd_display|LCD_Controller:u_lcd|clk_1k ; 1.000        ; 0.001      ; 2.354      ;
; -1.313 ; Top_LCD:u_lcd_display|LCD_Controller:u_lcd|state.INIT         ; Top_LCD:u_lcd_display|LCD_Controller:u_lcd|LCD_DATA[3]        ; Top_LCD:u_lcd_display|LCD_Controller:u_lcd|clk_1k ; Top_LCD:u_lcd_display|LCD_Controller:u_lcd|clk_1k ; 1.000        ; 0.001      ; 2.354      ;
; -1.313 ; Top_LCD:u_lcd_display|LCD_Controller:u_lcd|state.INIT         ; Top_LCD:u_lcd_display|LCD_Controller:u_lcd|LCD_DATA[4]        ; Top_LCD:u_lcd_display|LCD_Controller:u_lcd|clk_1k ; Top_LCD:u_lcd_display|LCD_Controller:u_lcd|clk_1k ; 1.000        ; 0.001      ; 2.354      ;
; -1.313 ; Top_LCD:u_lcd_display|LCD_Controller:u_lcd|state.INIT         ; Top_LCD:u_lcd_display|LCD_Controller:u_lcd|LCD_DATA[5]        ; Top_LCD:u_lcd_display|LCD_Controller:u_lcd|clk_1k ; Top_LCD:u_lcd_display|LCD_Controller:u_lcd|clk_1k ; 1.000        ; 0.001      ; 2.354      ;
; -1.310 ; Top_LCD:u_lcd_display|LCD_Controller:u_lcd|count[1]           ; Top_LCD:u_lcd_display|LCD_Controller:u_lcd|LCD_DATA[2]        ; Top_LCD:u_lcd_display|LCD_Controller:u_lcd|clk_1k ; Top_LCD:u_lcd_display|LCD_Controller:u_lcd|clk_1k ; 1.000        ; 0.001      ; 2.351      ;
; -1.281 ; Top_LCD:u_lcd_display|LCD_Controller:u_lcd|count[2]           ; Top_LCD:u_lcd_display|LCD_Controller:u_lcd|LCD_DATA[1]        ; Top_LCD:u_lcd_display|LCD_Controller:u_lcd|clk_1k ; Top_LCD:u_lcd_display|LCD_Controller:u_lcd|clk_1k ; 1.000        ; 0.001      ; 2.322      ;
; -1.276 ; Top_LCD:u_lcd_display|LCD_Controller:u_lcd|count[2]           ; Top_LCD:u_lcd_display|LCD_Controller:u_lcd|LCD_DATA[3]        ; Top_LCD:u_lcd_display|LCD_Controller:u_lcd|clk_1k ; Top_LCD:u_lcd_display|LCD_Controller:u_lcd|clk_1k ; 1.000        ; 0.001      ; 2.317      ;
; -1.259 ; Top_LCD:u_lcd_display|LCD_Controller:u_lcd|count[2]           ; Top_LCD:u_lcd_display|LCD_Controller:u_lcd|LCD_DATA[2]        ; Top_LCD:u_lcd_display|LCD_Controller:u_lcd|clk_1k ; Top_LCD:u_lcd_display|LCD_Controller:u_lcd|clk_1k ; 1.000        ; 0.001      ; 2.300      ;
; -1.257 ; Top_LCD:u_lcd_display|LCD_Controller:u_lcd|count[0]           ; Top_LCD:u_lcd_display|LCD_Controller:u_lcd|LCD_DATA[1]        ; Top_LCD:u_lcd_display|LCD_Controller:u_lcd|clk_1k ; Top_LCD:u_lcd_display|LCD_Controller:u_lcd|clk_1k ; 1.000        ; 0.001      ; 2.298      ;
; -1.220 ; Top_LCD:u_lcd_display|LCD_Controller:u_lcd|state.INIT_HOLD    ; Top_LCD:u_lcd_display|LCD_Controller:u_lcd|state.IDLE         ; Top_LCD:u_lcd_display|LCD_Controller:u_lcd|clk_1k ; Top_LCD:u_lcd_display|LCD_Controller:u_lcd|clk_1k ; 1.000        ; 0.000      ; 2.260      ;
; -1.184 ; Top_LCD:u_lcd_display|LCD_Controller:u_lcd|state.SEND         ; Top_LCD:u_lcd_display|LCD_Controller:u_lcd|LCD_RS             ; Top_LCD:u_lcd_display|LCD_Controller:u_lcd|clk_1k ; Top_LCD:u_lcd_display|LCD_Controller:u_lcd|clk_1k ; 1.000        ; -0.002     ; 2.222      ;
; -1.182 ; Top_LCD:u_lcd_display|LCD_Controller:u_lcd|state.SEND         ; Top_LCD:u_lcd_display|LCD_Controller:u_lcd|LCD_DATA[7]        ; Top_LCD:u_lcd_display|LCD_Controller:u_lcd|clk_1k ; Top_LCD:u_lcd_display|LCD_Controller:u_lcd|clk_1k ; 1.000        ; -0.002     ; 2.220      ;
; -1.159 ; Top_LCD:u_lcd_display|LCD_Controller:u_lcd|state.INIT         ; Top_LCD:u_lcd_display|LCD_Controller:u_lcd|LCD_RS             ; Top_LCD:u_lcd_display|LCD_Controller:u_lcd|clk_1k ; Top_LCD:u_lcd_display|LCD_Controller:u_lcd|clk_1k ; 1.000        ; -0.002     ; 2.197      ;
; -1.157 ; Top_LCD:u_lcd_display|LCD_Controller:u_lcd|state.INIT         ; Top_LCD:u_lcd_display|LCD_Controller:u_lcd|LCD_DATA[7]        ; Top_LCD:u_lcd_display|LCD_Controller:u_lcd|clk_1k ; Top_LCD:u_lcd_display|LCD_Controller:u_lcd|clk_1k ; 1.000        ; -0.002     ; 2.195      ;
; -1.126 ; Top_LCD:u_lcd_display|LCD_Controller:u_lcd|count[2]           ; Top_LCD:u_lcd_display|LCD_Controller:u_lcd|LCD_DATA[4]        ; Top_LCD:u_lcd_display|LCD_Controller:u_lcd|clk_1k ; Top_LCD:u_lcd_display|LCD_Controller:u_lcd|clk_1k ; 1.000        ; 0.001      ; 2.167      ;
; -1.110 ; Top_LCD:u_lcd_display|LCD_Controller:u_lcd|count[0]           ; Top_LCD:u_lcd_display|LCD_Controller:u_lcd|count[1]           ; Top_LCD:u_lcd_display|LCD_Controller:u_lcd|clk_1k ; Top_LCD:u_lcd_display|LCD_Controller:u_lcd|clk_1k ; 1.000        ; 0.000      ; 2.150      ;
; -1.110 ; Top_LCD:u_lcd_display|LCD_Controller:u_lcd|count[0]           ; Top_LCD:u_lcd_display|LCD_Controller:u_lcd|count[2]           ; Top_LCD:u_lcd_display|LCD_Controller:u_lcd|clk_1k ; Top_LCD:u_lcd_display|LCD_Controller:u_lcd|clk_1k ; 1.000        ; 0.000      ; 2.150      ;
; -1.109 ; Top_LCD:u_lcd_display|LCD_Controller:u_lcd|count[0]           ; Top_LCD:u_lcd_display|LCD_Controller:u_lcd|state.INIT         ; Top_LCD:u_lcd_display|LCD_Controller:u_lcd|clk_1k ; Top_LCD:u_lcd_display|LCD_Controller:u_lcd|clk_1k ; 1.000        ; 0.000      ; 2.149      ;
; -1.021 ; Top_LCD:u_lcd_display|LCD_Controller:u_lcd|state.SET_POS      ; Top_LCD:u_lcd_display|LCD_Controller:u_lcd|LCD_EN             ; Top_LCD:u_lcd_display|LCD_Controller:u_lcd|clk_1k ; Top_LCD:u_lcd_display|LCD_Controller:u_lcd|clk_1k ; 1.000        ; 0.000      ; 2.061      ;
; -0.920 ; Top_LCD:u_lcd_display|LCD_Controller:u_lcd|count[1]           ; Top_LCD:u_lcd_display|LCD_Controller:u_lcd|LCD_DATA[0]        ; Top_LCD:u_lcd_display|LCD_Controller:u_lcd|clk_1k ; Top_LCD:u_lcd_display|LCD_Controller:u_lcd|clk_1k ; 1.000        ; 0.001      ; 1.961      ;
; -0.804 ; Top_LCD:u_lcd_display|LCD_Controller:u_lcd|count[1]           ; Top_LCD:u_lcd_display|LCD_Controller:u_lcd|state.INIT         ; Top_LCD:u_lcd_display|LCD_Controller:u_lcd|clk_1k ; Top_LCD:u_lcd_display|LCD_Controller:u_lcd|clk_1k ; 1.000        ; 0.000      ; 1.844      ;
; -0.783 ; Top_LCD:u_lcd_display|LCD_Controller:u_lcd|state.SEND_HOLD    ; Top_LCD:u_lcd_display|LCD_Controller:u_lcd|state.IDLE         ; Top_LCD:u_lcd_display|LCD_Controller:u_lcd|clk_1k ; Top_LCD:u_lcd_display|LCD_Controller:u_lcd|clk_1k ; 1.000        ; 0.000      ; 1.823      ;
; -0.755 ; Top_LCD:u_lcd_display|LCD_Controller:u_lcd|state.SEND         ; Top_LCD:u_lcd_display|LCD_Controller:u_lcd|LCD_EN             ; Top_LCD:u_lcd_display|LCD_Controller:u_lcd|clk_1k ; Top_LCD:u_lcd_display|LCD_Controller:u_lcd|clk_1k ; 1.000        ; 0.000      ; 1.795      ;
; -0.698 ; Top_LCD:u_lcd_display|LCD_Controller:u_lcd|state.SET_POS      ; Top_LCD:u_lcd_display|LCD_Controller:u_lcd|LCD_DATA[7]        ; Top_LCD:u_lcd_display|LCD_Controller:u_lcd|clk_1k ; Top_LCD:u_lcd_display|LCD_Controller:u_lcd|clk_1k ; 1.000        ; -0.002     ; 1.736      ;
; -0.697 ; Top_LCD:u_lcd_display|LCD_Controller:u_lcd|state.SET_POS      ; Top_LCD:u_lcd_display|LCD_Controller:u_lcd|LCD_RS             ; Top_LCD:u_lcd_display|LCD_Controller:u_lcd|clk_1k ; Top_LCD:u_lcd_display|LCD_Controller:u_lcd|clk_1k ; 1.000        ; -0.002     ; 1.735      ;
; -0.534 ; Top_LCD:u_lcd_display|LCD_Controller:u_lcd|count[2]           ; Top_LCD:u_lcd_display|LCD_Controller:u_lcd|LCD_DATA[5]        ; Top_LCD:u_lcd_display|LCD_Controller:u_lcd|clk_1k ; Top_LCD:u_lcd_display|LCD_Controller:u_lcd|clk_1k ; 1.000        ; 0.001      ; 1.575      ;
; -0.529 ; Top_LCD:u_lcd_display|LCD_Controller:u_lcd|state.INIT_HOLD    ; Top_LCD:u_lcd_display|LCD_Controller:u_lcd|count[1]           ; Top_LCD:u_lcd_display|LCD_Controller:u_lcd|clk_1k ; Top_LCD:u_lcd_display|LCD_Controller:u_lcd|clk_1k ; 1.000        ; 0.000      ; 1.569      ;
; -0.523 ; Top_LCD:u_lcd_display|LCD_Controller:u_lcd|state.INIT_HOLD    ; Top_LCD:u_lcd_display|LCD_Controller:u_lcd|count[2]           ; Top_LCD:u_lcd_display|LCD_Controller:u_lcd|clk_1k ; Top_LCD:u_lcd_display|LCD_Controller:u_lcd|clk_1k ; 1.000        ; 0.000      ; 1.563      ;
; -0.520 ; Top_LCD:u_lcd_display|LCD_Controller:u_lcd|state.INIT_HOLD    ; Top_LCD:u_lcd_display|LCD_Controller:u_lcd|count[0]           ; Top_LCD:u_lcd_display|LCD_Controller:u_lcd|clk_1k ; Top_LCD:u_lcd_display|LCD_Controller:u_lcd|clk_1k ; 1.000        ; 0.000      ; 1.560      ;
; -0.480 ; Top_LCD:u_lcd_display|LCD_Controller:u_lcd|count[1]           ; Top_LCD:u_lcd_display|LCD_Controller:u_lcd|count[0]           ; Top_LCD:u_lcd_display|LCD_Controller:u_lcd|clk_1k ; Top_LCD:u_lcd_display|LCD_Controller:u_lcd|clk_1k ; 1.000        ; 0.000      ; 1.520      ;
; -0.464 ; Top_LCD:u_lcd_display|LCD_Controller:u_lcd|state.SET_POS_HOLD ; Top_LCD:u_lcd_display|LCD_Controller:u_lcd|state.SEND         ; Top_LCD:u_lcd_display|LCD_Controller:u_lcd|clk_1k ; Top_LCD:u_lcd_display|LCD_Controller:u_lcd|clk_1k ; 1.000        ; 0.000      ; 1.504      ;
; -0.453 ; Top_LCD:u_lcd_display|lcd_data_in[6]                          ; Top_LCD:u_lcd_display|LCD_Controller:u_lcd|LCD_DATA[6]        ; CLOCK_50                                          ; Top_LCD:u_lcd_display|LCD_Controller:u_lcd|clk_1k ; 1.000        ; 0.839      ; 2.332      ;
; -0.452 ; Top_LCD:u_lcd_display|LCD_Controller:u_lcd|state.IDLE         ; Top_LCD:u_lcd_display|LCD_Controller:u_lcd|oReady             ; Top_LCD:u_lcd_display|LCD_Controller:u_lcd|clk_1k ; Top_LCD:u_lcd_display|LCD_Controller:u_lcd|clk_1k ; 1.000        ; 0.000      ; 1.492      ;
; -0.415 ; Top_LCD:u_lcd_display|LCD_Controller:u_lcd|state.IDLE         ; Top_LCD:u_lcd_display|LCD_Controller:u_lcd|state.SET_POS      ; Top_LCD:u_lcd_display|LCD_Controller:u_lcd|clk_1k ; Top_LCD:u_lcd_display|LCD_Controller:u_lcd|clk_1k ; 1.000        ; 0.000      ; 1.455      ;
; -0.409 ; Top_LCD:u_lcd_display|LCD_Controller:u_lcd|state.SET_POS      ; Top_LCD:u_lcd_display|LCD_Controller:u_lcd|state.SET_POS_HOLD ; Top_LCD:u_lcd_display|LCD_Controller:u_lcd|clk_1k ; Top_LCD:u_lcd_display|LCD_Controller:u_lcd|clk_1k ; 1.000        ; 0.000      ; 1.449      ;
; -0.400 ; Top_LCD:u_lcd_display|LCD_Controller:u_lcd|count[2]           ; Top_LCD:u_lcd_display|LCD_Controller:u_lcd|count[1]           ; Top_LCD:u_lcd_display|LCD_Controller:u_lcd|clk_1k ; Top_LCD:u_lcd_display|LCD_Controller:u_lcd|clk_1k ; 1.000        ; 0.000      ; 1.440      ;
; -0.400 ; Top_LCD:u_lcd_display|LCD_Controller:u_lcd|count[2]           ; Top_LCD:u_lcd_display|LCD_Controller:u_lcd|state.INIT         ; Top_LCD:u_lcd_display|LCD_Controller:u_lcd|clk_1k ; Top_LCD:u_lcd_display|LCD_Controller:u_lcd|clk_1k ; 1.000        ; 0.000      ; 1.440      ;
; -0.397 ; Top_LCD:u_lcd_display|LCD_Controller:u_lcd|count[2]           ; Top_LCD:u_lcd_display|LCD_Controller:u_lcd|count[0]           ; Top_LCD:u_lcd_display|LCD_Controller:u_lcd|clk_1k ; Top_LCD:u_lcd_display|LCD_Controller:u_lcd|clk_1k ; 1.000        ; 0.000      ; 1.437      ;
; -0.333 ; Top_LCD:u_lcd_display|LCD_Controller:u_lcd|count[1]           ; Top_LCD:u_lcd_display|LCD_Controller:u_lcd|count[2]           ; Top_LCD:u_lcd_display|LCD_Controller:u_lcd|clk_1k ; Top_LCD:u_lcd_display|LCD_Controller:u_lcd|clk_1k ; 1.000        ; 0.000      ; 1.373      ;
; -0.225 ; Top_LCD:u_lcd_display|LCD_Controller:u_lcd|state.INIT_HOLD    ; Top_LCD:u_lcd_display|LCD_Controller:u_lcd|state.INIT         ; Top_LCD:u_lcd_display|LCD_Controller:u_lcd|clk_1k ; Top_LCD:u_lcd_display|LCD_Controller:u_lcd|clk_1k ; 1.000        ; 0.000      ; 1.265      ;
; -0.057 ; Top_LCD:u_lcd_display|lcd_data_in[1]                          ; Top_LCD:u_lcd_display|LCD_Controller:u_lcd|LCD_DATA[1]        ; CLOCK_50                                          ; Top_LCD:u_lcd_display|LCD_Controller:u_lcd|clk_1k ; 1.000        ; 0.842      ; 1.939      ;
; -0.023 ; Top_LCD:u_lcd_display|LCD_Controller:u_lcd|state.IDLE         ; Top_LCD:u_lcd_display|LCD_Controller:u_lcd|LCD_EN             ; Top_LCD:u_lcd_display|LCD_Controller:u_lcd|clk_1k ; Top_LCD:u_lcd_display|LCD_Controller:u_lcd|clk_1k ; 1.000        ; 0.000      ; 1.063      ;
; 0.022  ; Top_LCD:u_lcd_display|lcd_data_in[0]                          ; Top_LCD:u_lcd_display|LCD_Controller:u_lcd|LCD_DATA[0]        ; CLOCK_50                                          ; Top_LCD:u_lcd_display|LCD_Controller:u_lcd|clk_1k ; 1.000        ; 0.842      ; 1.860      ;
; 0.125  ; Top_LCD:u_lcd_display|lcd_data_in[4]                          ; Top_LCD:u_lcd_display|LCD_Controller:u_lcd|LCD_DATA[4]        ; CLOCK_50                                          ; Top_LCD:u_lcd_display|LCD_Controller:u_lcd|clk_1k ; 1.000        ; 0.842      ; 1.757      ;
; 0.235  ; Top_LCD:u_lcd_display|LCD_Controller:u_lcd|LCD_DATA[6]        ; Top_LCD:u_lcd_display|LCD_Controller:u_lcd|LCD_DATA[6]        ; Top_LCD:u_lcd_display|LCD_Controller:u_lcd|clk_1k ; Top_LCD:u_lcd_display|LCD_Controller:u_lcd|clk_1k ; 1.000        ; 0.000      ; 0.805      ;
; 0.235  ; Top_LCD:u_lcd_display|LCD_Controller:u_lcd|state.IDLE         ; Top_LCD:u_lcd_display|LCD_Controller:u_lcd|state.IDLE         ; Top_LCD:u_lcd_display|LCD_Controller:u_lcd|clk_1k ; Top_LCD:u_lcd_display|LCD_Controller:u_lcd|clk_1k ; 1.000        ; 0.000      ; 0.805      ;
; 0.235  ; Top_LCD:u_lcd_display|LCD_Controller:u_lcd|LCD_EN             ; Top_LCD:u_lcd_display|LCD_Controller:u_lcd|LCD_EN             ; Top_LCD:u_lcd_display|LCD_Controller:u_lcd|clk_1k ; Top_LCD:u_lcd_display|LCD_Controller:u_lcd|clk_1k ; 1.000        ; 0.000      ; 0.805      ;
; 0.235  ; Top_LCD:u_lcd_display|LCD_Controller:u_lcd|LCD_RS             ; Top_LCD:u_lcd_display|LCD_Controller:u_lcd|LCD_RS             ; Top_LCD:u_lcd_display|LCD_Controller:u_lcd|clk_1k ; Top_LCD:u_lcd_display|LCD_Controller:u_lcd|clk_1k ; 1.000        ; 0.000      ; 0.805      ;
; 0.235  ; Top_LCD:u_lcd_display|LCD_Controller:u_lcd|LCD_DATA[7]        ; Top_LCD:u_lcd_display|LCD_Controller:u_lcd|LCD_DATA[7]        ; Top_LCD:u_lcd_display|LCD_Controller:u_lcd|clk_1k ; Top_LCD:u_lcd_display|LCD_Controller:u_lcd|clk_1k ; 1.000        ; 0.000      ; 0.805      ;
; 0.235  ; Top_LCD:u_lcd_display|LCD_Controller:u_lcd|count[1]           ; Top_LCD:u_lcd_display|LCD_Controller:u_lcd|count[1]           ; Top_LCD:u_lcd_display|LCD_Controller:u_lcd|clk_1k ; Top_LCD:u_lcd_display|LCD_Controller:u_lcd|clk_1k ; 1.000        ; 0.000      ; 0.805      ;
; 0.235  ; Top_LCD:u_lcd_display|LCD_Controller:u_lcd|count[2]           ; Top_LCD:u_lcd_display|LCD_Controller:u_lcd|count[2]           ; Top_LCD:u_lcd_display|LCD_Controller:u_lcd|clk_1k ; Top_LCD:u_lcd_display|LCD_Controller:u_lcd|clk_1k ; 1.000        ; 0.000      ; 0.805      ;
; 0.235  ; Top_LCD:u_lcd_display|LCD_Controller:u_lcd|count[0]           ; Top_LCD:u_lcd_display|LCD_Controller:u_lcd|count[0]           ; Top_LCD:u_lcd_display|LCD_Controller:u_lcd|clk_1k ; Top_LCD:u_lcd_display|LCD_Controller:u_lcd|clk_1k ; 1.000        ; 0.000      ; 0.805      ;
; 0.235  ; Top_LCD:u_lcd_display|LCD_Controller:u_lcd|oReady             ; Top_LCD:u_lcd_display|LCD_Controller:u_lcd|oReady             ; Top_LCD:u_lcd_display|LCD_Controller:u_lcd|clk_1k ; Top_LCD:u_lcd_display|LCD_Controller:u_lcd|clk_1k ; 1.000        ; 0.000      ; 0.805      ;
; 0.391  ; Top_LCD:u_lcd_display|lcd_col[3]                              ; Top_LCD:u_lcd_display|LCD_Controller:u_lcd|LCD_DATA[3]        ; CLOCK_50                                          ; Top_LCD:u_lcd_display|LCD_Controller:u_lcd|clk_1k ; 1.000        ; 0.833      ; 1.482      ;
; 0.395  ; Top_LCD:u_lcd_display|lcd_col[1]                              ; Top_LCD:u_lcd_display|LCD_Controller:u_lcd|LCD_DATA[1]        ; CLOCK_50                                          ; Top_LCD:u_lcd_display|LCD_Controller:u_lcd|clk_1k ; 1.000        ; 0.833      ; 1.478      ;
; 0.395  ; Top_LCD:u_lcd_display|lcd_col[2]                              ; Top_LCD:u_lcd_display|LCD_Controller:u_lcd|LCD_DATA[2]        ; CLOCK_50                                          ; Top_LCD:u_lcd_display|LCD_Controller:u_lcd|clk_1k ; 1.000        ; 0.833      ; 1.478      ;
; 0.400  ; Top_LCD:u_lcd_display|lcd_col[0]                              ; Top_LCD:u_lcd_display|LCD_Controller:u_lcd|LCD_DATA[0]        ; CLOCK_50                                          ; Top_LCD:u_lcd_display|LCD_Controller:u_lcd|clk_1k ; 1.000        ; 0.833      ; 1.473      ;
; 0.411  ; Top_LCD:u_lcd_display|lcd_data_in[5]                          ; Top_LCD:u_lcd_display|LCD_Controller:u_lcd|LCD_DATA[5]        ; CLOCK_50                                          ; Top_LCD:u_lcd_display|LCD_Controller:u_lcd|clk_1k ; 1.000        ; 0.833      ; 1.462      ;
; 0.502  ; Top_LCD:u_lcd_display|lcd_row                                 ; Top_LCD:u_lcd_display|LCD_Controller:u_lcd|LCD_DATA[6]        ; CLOCK_50                                          ; Top_LCD:u_lcd_display|LCD_Controller:u_lcd|clk_1k ; 1.000        ; 0.833      ; 1.371      ;
; 0.666  ; Top_LCD:u_lcd_display|lcd_data_in[2]                          ; Top_LCD:u_lcd_display|LCD_Controller:u_lcd|LCD_DATA[2]        ; CLOCK_50                                          ; Top_LCD:u_lcd_display|LCD_Controller:u_lcd|clk_1k ; 1.000        ; 0.833      ; 1.207      ;
; 0.667  ; Top_LCD:u_lcd_display|lcd_data_in[3]                          ; Top_LCD:u_lcd_display|LCD_Controller:u_lcd|LCD_DATA[3]        ; CLOCK_50                                          ; Top_LCD:u_lcd_display|LCD_Controller:u_lcd|clk_1k ; 1.000        ; 0.833      ; 1.206      ;
; 0.809  ; Top_LCD:u_lcd_display|lcd_valid                               ; Top_LCD:u_lcd_display|LCD_Controller:u_lcd|state.IDLE         ; CLOCK_50                                          ; Top_LCD:u_lcd_display|LCD_Controller:u_lcd|clk_1k ; 1.000        ; 0.833      ; 1.064      ;
; 0.810  ; Top_LCD:u_lcd_display|lcd_valid                               ; Top_LCD:u_lcd_display|LCD_Controller:u_lcd|state.SET_POS      ; CLOCK_50                                          ; Top_LCD:u_lcd_display|LCD_Controller:u_lcd|clk_1k ; 1.000        ; 0.833      ; 1.063      ;
; 0.814  ; Top_LCD:u_lcd_display|lcd_valid                               ; Top_LCD:u_lcd_display|LCD_Controller:u_lcd|oReady             ; CLOCK_50                                          ; Top_LCD:u_lcd_display|LCD_Controller:u_lcd|clk_1k ; 1.000        ; 0.833      ; 1.059      ;
+--------+---------------------------------------------------------------+---------------------------------------------------------------+---------------------------------------------------+---------------------------------------------------+--------------+------------+------------+


+-----------------------------------------------------------------------------------------------------------------------------------------------------------------------------------------------------------------------------------------+
; Slow Model Hold: 'CLOCK_50'                                                                                                                                                                                                             ;
+--------+----------------------------------------------------------+----------------------------------------------------------+---------------------------------------------------+-------------+--------------+------------+------------+
; Slack  ; From Node                                                ; To Node                                                  ; Launch Clock                                      ; Latch Clock ; Relationship ; Clock Skew ; Data Delay ;
+--------+----------------------------------------------------------+----------------------------------------------------------+---------------------------------------------------+-------------+--------------+------------+------------+
; -3.031 ; Top_LCD:u_lcd_display|LCD_Controller:u_lcd|clk_1k        ; Top_LCD:u_lcd_display|LCD_Controller:u_lcd|clk_1k        ; Top_LCD:u_lcd_display|LCD_Controller:u_lcd|clk_1k ; CLOCK_50    ; 0.000        ; 3.226      ; 0.805      ;
; -2.994 ; clk_divider:u_clk_div|clk_out                            ; clk_divider:u_clk_div|clk_out                            ; clk_divider:u_clk_div|clk_out                     ; CLOCK_50    ; 0.000        ; 3.189      ; 0.805      ;
; -2.531 ; Top_LCD:u_lcd_display|LCD_Controller:u_lcd|clk_1k        ; Top_LCD:u_lcd_display|LCD_Controller:u_lcd|clk_1k        ; Top_LCD:u_lcd_display|LCD_Controller:u_lcd|clk_1k ; CLOCK_50    ; -0.500       ; 3.226      ; 0.805      ;
; -2.494 ; clk_divider:u_clk_div|clk_out                            ; clk_divider:u_clk_div|clk_out                            ; clk_divider:u_clk_div|clk_out                     ; CLOCK_50    ; -0.500       ; 3.189      ; 0.805      ;
; 0.499  ; Lock_Controller:u_control|digit_count[0]                 ; Lock_Controller:u_control|digit_count[0]                 ; CLOCK_50                                          ; CLOCK_50    ; 0.000        ; 0.000      ; 0.805      ;
; 0.499  ; Lock_Controller:u_control|wrong_count[0]                 ; Lock_Controller:u_control|wrong_count[0]                 ; CLOCK_50                                          ; CLOCK_50    ; 0.000        ; 0.000      ; 0.805      ;
; 0.499  ; Lock_Controller:u_control|wrong_count[1]                 ; Lock_Controller:u_control|wrong_count[1]                 ; CLOCK_50                                          ; CLOCK_50    ; 0.000        ; 0.000      ; 0.805      ;
; 0.499  ; Lock_Controller:u_control|wrong_count[2]                 ; Lock_Controller:u_control|wrong_count[2]                 ; CLOCK_50                                          ; CLOCK_50    ; 0.000        ; 0.000      ; 0.805      ;
; 0.499  ; Lock_Controller:u_control|digit_count[2]                 ; Lock_Controller:u_control|digit_count[2]                 ; CLOCK_50                                          ; CLOCK_50    ; 0.000        ; 0.000      ; 0.805      ;
; 0.499  ; Lock_Controller:u_control|digit_count[1]                 ; Lock_Controller:u_control|digit_count[1]                 ; CLOCK_50                                          ; CLOCK_50    ; 0.000        ; 0.000      ; 0.805      ;
; 0.499  ; Top_LCD:u_lcd_display|disp_state.10                      ; Top_LCD:u_lcd_display|disp_state.10                      ; CLOCK_50                                          ; CLOCK_50    ; 0.000        ; 0.000      ; 0.805      ;
; 0.499  ; Top_LCD:u_lcd_display|disp_state.11                      ; Top_LCD:u_lcd_display|disp_state.11                      ; CLOCK_50                                          ; CLOCK_50    ; 0.000        ; 0.000      ; 0.805      ;
; 0.499  ; Top_LCD:u_lcd_display|lcd_valid                          ; Top_LCD:u_lcd_display|lcd_valid                          ; CLOCK_50                                          ; CLOCK_50    ; 0.000        ; 0.000      ; 0.805      ;
; 0.499  ; Top_LCD:u_lcd_display|digit_count[0]                     ; Top_LCD:u_lcd_display|digit_count[0]                     ; CLOCK_50                                          ; CLOCK_50    ; 0.000        ; 0.000      ; 0.805      ;
; 0.499  ; Top_LCD:u_lcd_display|digit_count[1]                     ; Top_LCD:u_lcd_display|digit_count[1]                     ; CLOCK_50                                          ; CLOCK_50    ; 0.000        ; 0.000      ; 0.805      ;
; 0.499  ; Top_LCD:u_lcd_display|digit_count[2]                     ; Top_LCD:u_lcd_display|digit_count[2]                     ; CLOCK_50                                          ; CLOCK_50    ; 0.000        ; 0.000      ; 0.805      ;
; 0.499  ; Top_LCD:u_lcd_display|line2_buffer[6][5]                 ; Top_LCD:u_lcd_display|line2_buffer[6][5]                 ; CLOCK_50                                          ; CLOCK_50    ; 0.000        ; 0.000      ; 0.805      ;
; 0.499  ; Top_LCD:u_lcd_display|line2_buffer[8][5]                 ; Top_LCD:u_lcd_display|line2_buffer[8][5]                 ; CLOCK_50                                          ; CLOCK_50    ; 0.000        ; 0.000      ; 0.805      ;
; 0.745  ; Top_LCD:u_lcd_display|btn_digit_prev                     ; Top_LCD:u_lcd_display|refresh_tick                       ; CLOCK_50                                          ; CLOCK_50    ; 0.000        ; 0.000      ; 1.051      ;
; 0.749  ; Lock_Controller:u_control|delay_timer[29]                ; Lock_Controller:u_control|delay_timer[29]                ; CLOCK_50                                          ; CLOCK_50    ; 0.000        ; 0.000      ; 1.055      ;
; 0.753  ; Top_LCD:u_lcd_display|LCD_Controller:u_lcd|clk_count[15] ; Top_LCD:u_lcd_display|LCD_Controller:u_lcd|clk_count[15] ; CLOCK_50                                          ; CLOCK_50    ; 0.000        ; 0.000      ; 1.059      ;
; 0.753  ; clk_divider:u_clk_div|count[15]                          ; clk_divider:u_clk_div|count[15]                          ; CLOCK_50                                          ; CLOCK_50    ; 0.000        ; 0.000      ; 1.059      ;
; 0.781  ; Top_LCD:u_lcd_display|char_idx[4]                        ; Top_LCD:u_lcd_display|char_idx[4]                        ; CLOCK_50                                          ; CLOCK_50    ; 0.000        ; 0.000      ; 1.087      ;
; 0.791  ; Top_LCD:u_lcd_display|digit_count[1]                     ; Top_LCD:u_lcd_display|line2_buffer[9][5]                 ; CLOCK_50                                          ; CLOCK_50    ; 0.000        ; 0.000      ; 1.097      ;
; 0.793  ; Top_LCD:u_lcd_display|digit_count[1]                     ; Top_LCD:u_lcd_display|digit_count[2]                     ; CLOCK_50                                          ; CLOCK_50    ; 0.000        ; 0.000      ; 1.099      ;
; 0.795  ; Top_LCD:u_lcd_display|digit_count[0]                     ; Top_LCD:u_lcd_display|digit_count[1]                     ; CLOCK_50                                          ; CLOCK_50    ; 0.000        ; 0.000      ; 1.101      ;
; 0.885  ; keypad_scanner:u_scanner|valid                           ; Lock_Controller:u_control|valid_sync1                    ; clk_divider:u_clk_div|clk_out                     ; CLOCK_50    ; 0.000        ; -0.139     ; 1.052      ;
; 0.918  ; Lock_Controller:u_control|entered_pass[3]                ; Lock_Controller:u_control|entered_pass[7]                ; CLOCK_50                                          ; CLOCK_50    ; 0.000        ; 0.000      ; 1.224      ;
; 0.922  ; Lock_Controller:u_control|valid_sync2                    ; Lock_Controller:u_control|valid_prev                     ; CLOCK_50                                          ; CLOCK_50    ; 0.000        ; 0.000      ; 1.228      ;
; 1.096  ; Top_LCD:u_lcd_display|digit_count[2]                     ; Top_LCD:u_lcd_display|digit_count[0]                     ; CLOCK_50                                          ; CLOCK_50    ; 0.000        ; 0.000      ; 1.402      ;
; 1.107  ; Lock_Controller:u_control|entered_pass[12]               ; Lock_Controller:u_control|saved_pass[12]                 ; CLOCK_50                                          ; CLOCK_50    ; 0.000        ; 0.000      ; 1.413      ;
; 1.141  ; Lock_Controller:u_control|state.S2_LOCK_PENALTY          ; Lock_Controller:u_control|wrong_count[0]                 ; CLOCK_50                                          ; CLOCK_50    ; 0.000        ; 0.000      ; 1.447      ;
; 1.162  ; Top_LCD:u_lcd_display|btn_status_prev                    ; Top_LCD:u_lcd_display|refresh_tick                       ; CLOCK_50                                          ; CLOCK_50    ; 0.000        ; 0.000      ; 1.468      ;
; 1.164  ; Top_LCD:u_lcd_display|LCD_Controller:u_lcd|clk_count[2]  ; Top_LCD:u_lcd_display|LCD_Controller:u_lcd|clk_count[2]  ; CLOCK_50                                          ; CLOCK_50    ; 0.000        ; 0.000      ; 1.470      ;
; 1.167  ; Top_LCD:u_lcd_display|LCD_Controller:u_lcd|clk_count[1]  ; Top_LCD:u_lcd_display|LCD_Controller:u_lcd|clk_count[1]  ; CLOCK_50                                          ; CLOCK_50    ; 0.000        ; 0.000      ; 1.473      ;
; 1.168  ; Lock_Controller:u_control|delay_timer[1]                 ; Lock_Controller:u_control|delay_timer[1]                 ; CLOCK_50                                          ; CLOCK_50    ; 0.000        ; 0.000      ; 1.474      ;
; 1.169  ; Top_LCD:u_lcd_display|LCD_Controller:u_lcd|clk_count[0]  ; Top_LCD:u_lcd_display|LCD_Controller:u_lcd|clk_count[0]  ; CLOCK_50                                          ; CLOCK_50    ; 0.000        ; 0.000      ; 1.475      ;
; 1.169  ; Lock_Controller:u_control|delay_timer[3]                 ; Lock_Controller:u_control|delay_timer[3]                 ; CLOCK_50                                          ; CLOCK_50    ; 0.000        ; 0.000      ; 1.475      ;
; 1.169  ; Lock_Controller:u_control|delay_timer[6]                 ; Lock_Controller:u_control|delay_timer[6]                 ; CLOCK_50                                          ; CLOCK_50    ; 0.000        ; 0.000      ; 1.475      ;
; 1.172  ; Top_LCD:u_lcd_display|LCD_Controller:u_lcd|clk_count[7]  ; Top_LCD:u_lcd_display|LCD_Controller:u_lcd|clk_count[7]  ; CLOCK_50                                          ; CLOCK_50    ; 0.000        ; 0.000      ; 1.478      ;
; 1.172  ; clk_divider:u_clk_div|count[9]                           ; clk_divider:u_clk_div|count[9]                           ; CLOCK_50                                          ; CLOCK_50    ; 0.000        ; 0.000      ; 1.478      ;
; 1.172  ; clk_divider:u_clk_div|count[11]                          ; clk_divider:u_clk_div|count[11]                          ; CLOCK_50                                          ; CLOCK_50    ; 0.000        ; 0.000      ; 1.478      ;
; 1.174  ; Lock_Controller:u_control|entered_pass[7]                ; Lock_Controller:u_control|entered_pass[11]               ; CLOCK_50                                          ; CLOCK_50    ; 0.000        ; 0.000      ; 1.480      ;
; 1.174  ; Lock_Controller:u_control|entered_pass[4]                ; Lock_Controller:u_control|entered_pass[8]                ; CLOCK_50                                          ; CLOCK_50    ; 0.000        ; 0.000      ; 1.480      ;
; 1.175  ; Lock_Controller:u_control|delay_timer[15]                ; Lock_Controller:u_control|delay_timer[15]                ; CLOCK_50                                          ; CLOCK_50    ; 0.000        ; 0.000      ; 1.481      ;
; 1.176  ; Top_LCD:u_lcd_display|LCD_Controller:u_lcd|clk_count[9]  ; Top_LCD:u_lcd_display|LCD_Controller:u_lcd|clk_count[9]  ; CLOCK_50                                          ; CLOCK_50    ; 0.000        ; 0.000      ; 1.482      ;
; 1.176  ; clk_divider:u_clk_div|count[2]                           ; clk_divider:u_clk_div|count[2]                           ; CLOCK_50                                          ; CLOCK_50    ; 0.000        ; 0.000      ; 1.482      ;
; 1.177  ; Top_LCD:u_lcd_display|LCD_Controller:u_lcd|clk_count[11] ; Top_LCD:u_lcd_display|LCD_Controller:u_lcd|clk_count[11] ; CLOCK_50                                          ; CLOCK_50    ; 0.000        ; 0.000      ; 1.483      ;
; 1.177  ; Top_LCD:u_lcd_display|LCD_Controller:u_lcd|clk_count[13] ; Top_LCD:u_lcd_display|LCD_Controller:u_lcd|clk_count[13] ; CLOCK_50                                          ; CLOCK_50    ; 0.000        ; 0.000      ; 1.483      ;
; 1.177  ; Top_LCD:u_lcd_display|LCD_Controller:u_lcd|clk_count[14] ; Top_LCD:u_lcd_display|LCD_Controller:u_lcd|clk_count[14] ; CLOCK_50                                          ; CLOCK_50    ; 0.000        ; 0.000      ; 1.483      ;
; 1.177  ; clk_divider:u_clk_div|count[4]                           ; clk_divider:u_clk_div|count[4]                           ; CLOCK_50                                          ; CLOCK_50    ; 0.000        ; 0.000      ; 1.483      ;
; 1.177  ; clk_divider:u_clk_div|count[7]                           ; clk_divider:u_clk_div|count[7]                           ; CLOCK_50                                          ; CLOCK_50    ; 0.000        ; 0.000      ; 1.483      ;
; 1.177  ; clk_divider:u_clk_div|count[13]                          ; clk_divider:u_clk_div|count[13]                          ; CLOCK_50                                          ; CLOCK_50    ; 0.000        ; 0.000      ; 1.483      ;
; 1.177  ; clk_divider:u_clk_div|count[14]                          ; clk_divider:u_clk_div|count[14]                          ; CLOCK_50                                          ; CLOCK_50    ; 0.000        ; 0.000      ; 1.483      ;
; 1.177  ; Lock_Controller:u_control|delay_timer[12]                ; Lock_Controller:u_control|delay_timer[12]                ; CLOCK_50                                          ; CLOCK_50    ; 0.000        ; 0.000      ; 1.483      ;
; 1.177  ; Lock_Controller:u_control|delay_timer[13]                ; Lock_Controller:u_control|delay_timer[13]                ; CLOCK_50                                          ; CLOCK_50    ; 0.000        ; 0.000      ; 1.483      ;
; 1.177  ; Lock_Controller:u_control|delay_timer[14]                ; Lock_Controller:u_control|delay_timer[14]                ; CLOCK_50                                          ; CLOCK_50    ; 0.000        ; 0.000      ; 1.483      ;
; 1.178  ; Lock_Controller:u_control|delay_timer[0]                 ; Lock_Controller:u_control|delay_timer[0]                 ; CLOCK_50                                          ; CLOCK_50    ; 0.000        ; 0.000      ; 1.484      ;
; 1.181  ; Lock_Controller:u_control|delay_timer[22]                ; Lock_Controller:u_control|delay_timer[22]                ; CLOCK_50                                          ; CLOCK_50    ; 0.000        ; 0.000      ; 1.487      ;
; 1.181  ; Lock_Controller:u_control|delay_timer[24]                ; Lock_Controller:u_control|delay_timer[24]                ; CLOCK_50                                          ; CLOCK_50    ; 0.000        ; 0.000      ; 1.487      ;
; 1.181  ; Lock_Controller:u_control|delay_timer[26]                ; Lock_Controller:u_control|delay_timer[26]                ; CLOCK_50                                          ; CLOCK_50    ; 0.000        ; 0.000      ; 1.487      ;
; 1.181  ; Lock_Controller:u_control|delay_timer[28]                ; Lock_Controller:u_control|delay_timer[28]                ; CLOCK_50                                          ; CLOCK_50    ; 0.000        ; 0.000      ; 1.487      ;
; 1.184  ; Lock_Controller:u_control|delay_timer[16]                ; Lock_Controller:u_control|delay_timer[16]                ; CLOCK_50                                          ; CLOCK_50    ; 0.000        ; 0.000      ; 1.490      ;
; 1.184  ; Lock_Controller:u_control|delay_timer[17]                ; Lock_Controller:u_control|delay_timer[17]                ; CLOCK_50                                          ; CLOCK_50    ; 0.000        ; 0.000      ; 1.490      ;
; 1.184  ; Lock_Controller:u_control|entered_pass[2]                ; Lock_Controller:u_control|entered_pass[6]                ; CLOCK_50                                          ; CLOCK_50    ; 0.000        ; 0.000      ; 1.490      ;
; 1.184  ; Lock_Controller:u_control|entered_pass[0]                ; Lock_Controller:u_control|entered_pass[4]                ; CLOCK_50                                          ; CLOCK_50    ; 0.000        ; 0.000      ; 1.490      ;
; 1.188  ; Lock_Controller:u_control|delay_timer[8]                 ; Lock_Controller:u_control|delay_timer[8]                 ; CLOCK_50                                          ; CLOCK_50    ; 0.000        ; 0.000      ; 1.494      ;
; 1.190  ; Lock_Controller:u_control|delay_timer[10]                ; Lock_Controller:u_control|delay_timer[10]                ; CLOCK_50                                          ; CLOCK_50    ; 0.000        ; 0.000      ; 1.496      ;
; 1.192  ; Lock_Controller:u_control|wrong_count[0]                 ; Lock_Controller:u_control|wrong_count[1]                 ; CLOCK_50                                          ; CLOCK_50    ; 0.000        ; 0.000      ; 1.498      ;
; 1.196  ; Lock_Controller:u_control|digit_count[0]                 ; Lock_Controller:u_control|digit_count[1]                 ; CLOCK_50                                          ; CLOCK_50    ; 0.000        ; 0.000      ; 1.502      ;
; 1.197  ; Lock_Controller:u_control|wrong_count[0]                 ; Lock_Controller:u_control|wrong_count[2]                 ; CLOCK_50                                          ; CLOCK_50    ; 0.000        ; 0.000      ; 1.503      ;
; 1.198  ; Lock_Controller:u_control|entered_pass[13]               ; Lock_Controller:u_control|saved_pass[13]                 ; CLOCK_50                                          ; CLOCK_50    ; 0.000        ; 0.000      ; 1.504      ;
; 1.204  ; Top_LCD:u_lcd_display|char_idx[3]                        ; Top_LCD:u_lcd_display|char_idx[3]                        ; CLOCK_50                                          ; CLOCK_50    ; 0.000        ; 0.000      ; 1.510      ;
; 1.207  ; Top_LCD:u_lcd_display|char_idx[1]                        ; Top_LCD:u_lcd_display|char_idx[1]                        ; CLOCK_50                                          ; CLOCK_50    ; 0.000        ; 0.000      ; 1.513      ;
; 1.217  ; Lock_Controller:u_control|delay_timer[2]                 ; Lock_Controller:u_control|delay_timer[2]                 ; CLOCK_50                                          ; CLOCK_50    ; 0.000        ; 0.000      ; 1.523      ;
; 1.218  ; Lock_Controller:u_control|delay_timer[4]                 ; Lock_Controller:u_control|delay_timer[4]                 ; CLOCK_50                                          ; CLOCK_50    ; 0.000        ; 0.000      ; 1.524      ;
; 1.218  ; Lock_Controller:u_control|delay_timer[5]                 ; Lock_Controller:u_control|delay_timer[5]                 ; CLOCK_50                                          ; CLOCK_50    ; 0.000        ; 0.000      ; 1.524      ;
; 1.220  ; Top_LCD:u_lcd_display|LCD_Controller:u_lcd|clk_count[8]  ; Top_LCD:u_lcd_display|LCD_Controller:u_lcd|clk_count[8]  ; CLOCK_50                                          ; CLOCK_50    ; 0.000        ; 0.000      ; 1.526      ;
; 1.220  ; Top_LCD:u_lcd_display|digit_count[1]                     ; Top_LCD:u_lcd_display|line2_buffer[7][5]                 ; CLOCK_50                                          ; CLOCK_50    ; 0.000        ; 0.000      ; 1.526      ;
; 1.221  ; Top_LCD:u_lcd_display|LCD_Controller:u_lcd|clk_count[3]  ; Top_LCD:u_lcd_display|LCD_Controller:u_lcd|clk_count[3]  ; CLOCK_50                                          ; CLOCK_50    ; 0.000        ; 0.000      ; 1.527      ;
; 1.221  ; Top_LCD:u_lcd_display|LCD_Controller:u_lcd|clk_count[5]  ; Top_LCD:u_lcd_display|LCD_Controller:u_lcd|clk_count[5]  ; CLOCK_50                                          ; CLOCK_50    ; 0.000        ; 0.000      ; 1.527      ;
; 1.221  ; Top_LCD:u_lcd_display|LCD_Controller:u_lcd|clk_count[12] ; Top_LCD:u_lcd_display|LCD_Controller:u_lcd|clk_count[12] ; CLOCK_50                                          ; CLOCK_50    ; 0.000        ; 0.000      ; 1.527      ;
; 1.225  ; clk_divider:u_clk_div|count[3]                           ; clk_divider:u_clk_div|count[3]                           ; CLOCK_50                                          ; CLOCK_50    ; 0.000        ; 0.000      ; 1.531      ;
; 1.225  ; clk_divider:u_clk_div|count[8]                           ; clk_divider:u_clk_div|count[8]                           ; CLOCK_50                                          ; CLOCK_50    ; 0.000        ; 0.000      ; 1.531      ;
; 1.225  ; clk_divider:u_clk_div|count[10]                          ; clk_divider:u_clk_div|count[10]                          ; CLOCK_50                                          ; CLOCK_50    ; 0.000        ; 0.000      ; 1.531      ;
; 1.225  ; Lock_Controller:u_control|delay_timer[23]                ; Lock_Controller:u_control|delay_timer[23]                ; CLOCK_50                                          ; CLOCK_50    ; 0.000        ; 0.000      ; 1.531      ;
; 1.225  ; Lock_Controller:u_control|delay_timer[25]                ; Lock_Controller:u_control|delay_timer[25]                ; CLOCK_50                                          ; CLOCK_50    ; 0.000        ; 0.000      ; 1.531      ;
; 1.226  ; clk_divider:u_clk_div|count[5]                           ; clk_divider:u_clk_div|count[5]                           ; CLOCK_50                                          ; CLOCK_50    ; 0.000        ; 0.000      ; 1.532      ;
; 1.226  ; clk_divider:u_clk_div|count[6]                           ; clk_divider:u_clk_div|count[6]                           ; CLOCK_50                                          ; CLOCK_50    ; 0.000        ; 0.000      ; 1.532      ;
; 1.226  ; clk_divider:u_clk_div|count[12]                          ; clk_divider:u_clk_div|count[12]                          ; CLOCK_50                                          ; CLOCK_50    ; 0.000        ; 0.000      ; 1.532      ;
; 1.226  ; Lock_Controller:u_control|delay_timer[27]                ; Lock_Controller:u_control|delay_timer[27]                ; CLOCK_50                                          ; CLOCK_50    ; 0.000        ; 0.000      ; 1.532      ;
; 1.230  ; Lock_Controller:u_control|delay_timer[20]                ; Lock_Controller:u_control|delay_timer[20]                ; CLOCK_50                                          ; CLOCK_50    ; 0.000        ; 0.000      ; 1.536      ;
; 1.230  ; Lock_Controller:u_control|delay_timer[21]                ; Lock_Controller:u_control|delay_timer[21]                ; CLOCK_50                                          ; CLOCK_50    ; 0.000        ; 0.000      ; 1.536      ;
; 1.230  ; Lock_Controller:u_control|entered_pass[6]                ; Lock_Controller:u_control|entered_pass[10]               ; CLOCK_50                                          ; CLOCK_50    ; 0.000        ; 0.000      ; 1.536      ;
; 1.233  ; Lock_Controller:u_control|delay_timer[18]                ; Lock_Controller:u_control|delay_timer[18]                ; CLOCK_50                                          ; CLOCK_50    ; 0.000        ; 0.000      ; 1.539      ;
; 1.234  ; Lock_Controller:u_control|delay_timer[11]                ; Lock_Controller:u_control|delay_timer[11]                ; CLOCK_50                                          ; CLOCK_50    ; 0.000        ; 0.000      ; 1.540      ;
; 1.236  ; Lock_Controller:u_control|delay_timer[7]                 ; Lock_Controller:u_control|delay_timer[7]                 ; CLOCK_50                                          ; CLOCK_50    ; 0.000        ; 0.000      ; 1.542      ;
; 1.237  ; Lock_Controller:u_control|delay_timer[9]                 ; Lock_Controller:u_control|delay_timer[9]                 ; CLOCK_50                                          ; CLOCK_50    ; 0.000        ; 0.000      ; 1.543      ;
; 1.249  ; Lock_Controller:u_control|entered_pass[5]                ; Lock_Controller:u_control|entered_pass[9]                ; CLOCK_50                                          ; CLOCK_50    ; 0.000        ; 0.000      ; 1.555      ;
; 1.253  ; Top_LCD:u_lcd_display|char_idx[0]                        ; Top_LCD:u_lcd_display|char_idx[0]                        ; CLOCK_50                                          ; CLOCK_50    ; 0.000        ; 0.000      ; 1.559      ;
+--------+----------------------------------------------------------+----------------------------------------------------------+---------------------------------------------------+-------------+--------------+------------+------------+


+-----------------------------------------------------------------------------------------------------------------------------------------------------------------------------------------------------------------------------------------------------------------------------------------+
; Slow Model Hold: 'Top_LCD:u_lcd_display|LCD_Controller:u_lcd|clk_1k'                                                                                                                                                                                                                    ;
+--------+---------------------------------------------------------------+---------------------------------------------------------------+---------------------------------------------------+---------------------------------------------------+--------------+------------+------------+
; Slack  ; From Node                                                     ; To Node                                                       ; Launch Clock                                      ; Latch Clock                                       ; Relationship ; Clock Skew ; Data Delay ;
+--------+---------------------------------------------------------------+---------------------------------------------------------------+---------------------------------------------------+---------------------------------------------------+--------------+------------+------------+
; -0.080 ; Top_LCD:u_lcd_display|lcd_valid                               ; Top_LCD:u_lcd_display|LCD_Controller:u_lcd|oReady             ; CLOCK_50                                          ; Top_LCD:u_lcd_display|LCD_Controller:u_lcd|clk_1k ; 0.000        ; 0.833      ; 1.059      ;
; -0.076 ; Top_LCD:u_lcd_display|lcd_valid                               ; Top_LCD:u_lcd_display|LCD_Controller:u_lcd|state.SET_POS      ; CLOCK_50                                          ; Top_LCD:u_lcd_display|LCD_Controller:u_lcd|clk_1k ; 0.000        ; 0.833      ; 1.063      ;
; -0.075 ; Top_LCD:u_lcd_display|lcd_valid                               ; Top_LCD:u_lcd_display|LCD_Controller:u_lcd|state.IDLE         ; CLOCK_50                                          ; Top_LCD:u_lcd_display|LCD_Controller:u_lcd|clk_1k ; 0.000        ; 0.833      ; 1.064      ;
; 0.067  ; Top_LCD:u_lcd_display|lcd_data_in[3]                          ; Top_LCD:u_lcd_display|LCD_Controller:u_lcd|LCD_DATA[3]        ; CLOCK_50                                          ; Top_LCD:u_lcd_display|LCD_Controller:u_lcd|clk_1k ; 0.000        ; 0.833      ; 1.206      ;
; 0.068  ; Top_LCD:u_lcd_display|lcd_data_in[2]                          ; Top_LCD:u_lcd_display|LCD_Controller:u_lcd|LCD_DATA[2]        ; CLOCK_50                                          ; Top_LCD:u_lcd_display|LCD_Controller:u_lcd|clk_1k ; 0.000        ; 0.833      ; 1.207      ;
; 0.232  ; Top_LCD:u_lcd_display|lcd_row                                 ; Top_LCD:u_lcd_display|LCD_Controller:u_lcd|LCD_DATA[6]        ; CLOCK_50                                          ; Top_LCD:u_lcd_display|LCD_Controller:u_lcd|clk_1k ; 0.000        ; 0.833      ; 1.371      ;
; 0.323  ; Top_LCD:u_lcd_display|lcd_data_in[5]                          ; Top_LCD:u_lcd_display|LCD_Controller:u_lcd|LCD_DATA[5]        ; CLOCK_50                                          ; Top_LCD:u_lcd_display|LCD_Controller:u_lcd|clk_1k ; 0.000        ; 0.833      ; 1.462      ;
; 0.334  ; Top_LCD:u_lcd_display|lcd_col[0]                              ; Top_LCD:u_lcd_display|LCD_Controller:u_lcd|LCD_DATA[0]        ; CLOCK_50                                          ; Top_LCD:u_lcd_display|LCD_Controller:u_lcd|clk_1k ; 0.000        ; 0.833      ; 1.473      ;
; 0.339  ; Top_LCD:u_lcd_display|lcd_col[1]                              ; Top_LCD:u_lcd_display|LCD_Controller:u_lcd|LCD_DATA[1]        ; CLOCK_50                                          ; Top_LCD:u_lcd_display|LCD_Controller:u_lcd|clk_1k ; 0.000        ; 0.833      ; 1.478      ;
; 0.339  ; Top_LCD:u_lcd_display|lcd_col[2]                              ; Top_LCD:u_lcd_display|LCD_Controller:u_lcd|LCD_DATA[2]        ; CLOCK_50                                          ; Top_LCD:u_lcd_display|LCD_Controller:u_lcd|clk_1k ; 0.000        ; 0.833      ; 1.478      ;
; 0.343  ; Top_LCD:u_lcd_display|lcd_col[3]                              ; Top_LCD:u_lcd_display|LCD_Controller:u_lcd|LCD_DATA[3]        ; CLOCK_50                                          ; Top_LCD:u_lcd_display|LCD_Controller:u_lcd|clk_1k ; 0.000        ; 0.833      ; 1.482      ;
; 0.499  ; Top_LCD:u_lcd_display|LCD_Controller:u_lcd|count[0]           ; Top_LCD:u_lcd_display|LCD_Controller:u_lcd|count[0]           ; Top_LCD:u_lcd_display|LCD_Controller:u_lcd|clk_1k ; Top_LCD:u_lcd_display|LCD_Controller:u_lcd|clk_1k ; 0.000        ; 0.000      ; 0.805      ;
; 0.499  ; Top_LCD:u_lcd_display|LCD_Controller:u_lcd|count[1]           ; Top_LCD:u_lcd_display|LCD_Controller:u_lcd|count[1]           ; Top_LCD:u_lcd_display|LCD_Controller:u_lcd|clk_1k ; Top_LCD:u_lcd_display|LCD_Controller:u_lcd|clk_1k ; 0.000        ; 0.000      ; 0.805      ;
; 0.499  ; Top_LCD:u_lcd_display|LCD_Controller:u_lcd|count[2]           ; Top_LCD:u_lcd_display|LCD_Controller:u_lcd|count[2]           ; Top_LCD:u_lcd_display|LCD_Controller:u_lcd|clk_1k ; Top_LCD:u_lcd_display|LCD_Controller:u_lcd|clk_1k ; 0.000        ; 0.000      ; 0.805      ;
; 0.499  ; Top_LCD:u_lcd_display|LCD_Controller:u_lcd|state.IDLE         ; Top_LCD:u_lcd_display|LCD_Controller:u_lcd|state.IDLE         ; Top_LCD:u_lcd_display|LCD_Controller:u_lcd|clk_1k ; Top_LCD:u_lcd_display|LCD_Controller:u_lcd|clk_1k ; 0.000        ; 0.000      ; 0.805      ;
; 0.499  ; Top_LCD:u_lcd_display|LCD_Controller:u_lcd|oReady             ; Top_LCD:u_lcd_display|LCD_Controller:u_lcd|oReady             ; Top_LCD:u_lcd_display|LCD_Controller:u_lcd|clk_1k ; Top_LCD:u_lcd_display|LCD_Controller:u_lcd|clk_1k ; 0.000        ; 0.000      ; 0.805      ;
; 0.499  ; Top_LCD:u_lcd_display|LCD_Controller:u_lcd|LCD_DATA[6]        ; Top_LCD:u_lcd_display|LCD_Controller:u_lcd|LCD_DATA[6]        ; Top_LCD:u_lcd_display|LCD_Controller:u_lcd|clk_1k ; Top_LCD:u_lcd_display|LCD_Controller:u_lcd|clk_1k ; 0.000        ; 0.000      ; 0.805      ;
; 0.499  ; Top_LCD:u_lcd_display|LCD_Controller:u_lcd|LCD_DATA[7]        ; Top_LCD:u_lcd_display|LCD_Controller:u_lcd|LCD_DATA[7]        ; Top_LCD:u_lcd_display|LCD_Controller:u_lcd|clk_1k ; Top_LCD:u_lcd_display|LCD_Controller:u_lcd|clk_1k ; 0.000        ; 0.000      ; 0.805      ;
; 0.499  ; Top_LCD:u_lcd_display|LCD_Controller:u_lcd|LCD_EN             ; Top_LCD:u_lcd_display|LCD_Controller:u_lcd|LCD_EN             ; Top_LCD:u_lcd_display|LCD_Controller:u_lcd|clk_1k ; Top_LCD:u_lcd_display|LCD_Controller:u_lcd|clk_1k ; 0.000        ; 0.000      ; 0.805      ;
; 0.499  ; Top_LCD:u_lcd_display|LCD_Controller:u_lcd|LCD_RS             ; Top_LCD:u_lcd_display|LCD_Controller:u_lcd|LCD_RS             ; Top_LCD:u_lcd_display|LCD_Controller:u_lcd|clk_1k ; Top_LCD:u_lcd_display|LCD_Controller:u_lcd|clk_1k ; 0.000        ; 0.000      ; 0.805      ;
; 0.609  ; Top_LCD:u_lcd_display|lcd_data_in[4]                          ; Top_LCD:u_lcd_display|LCD_Controller:u_lcd|LCD_DATA[4]        ; CLOCK_50                                          ; Top_LCD:u_lcd_display|LCD_Controller:u_lcd|clk_1k ; 0.000        ; 0.842      ; 1.757      ;
; 0.712  ; Top_LCD:u_lcd_display|lcd_data_in[0]                          ; Top_LCD:u_lcd_display|LCD_Controller:u_lcd|LCD_DATA[0]        ; CLOCK_50                                          ; Top_LCD:u_lcd_display|LCD_Controller:u_lcd|clk_1k ; 0.000        ; 0.842      ; 1.860      ;
; 0.757  ; Top_LCD:u_lcd_display|LCD_Controller:u_lcd|state.IDLE         ; Top_LCD:u_lcd_display|LCD_Controller:u_lcd|LCD_EN             ; Top_LCD:u_lcd_display|LCD_Controller:u_lcd|clk_1k ; Top_LCD:u_lcd_display|LCD_Controller:u_lcd|clk_1k ; 0.000        ; 0.000      ; 1.063      ;
; 0.791  ; Top_LCD:u_lcd_display|lcd_data_in[1]                          ; Top_LCD:u_lcd_display|LCD_Controller:u_lcd|LCD_DATA[1]        ; CLOCK_50                                          ; Top_LCD:u_lcd_display|LCD_Controller:u_lcd|clk_1k ; 0.000        ; 0.842      ; 1.939      ;
; 0.959  ; Top_LCD:u_lcd_display|LCD_Controller:u_lcd|state.INIT_HOLD    ; Top_LCD:u_lcd_display|LCD_Controller:u_lcd|state.INIT         ; Top_LCD:u_lcd_display|LCD_Controller:u_lcd|clk_1k ; Top_LCD:u_lcd_display|LCD_Controller:u_lcd|clk_1k ; 0.000        ; 0.000      ; 1.265      ;
; 1.067  ; Top_LCD:u_lcd_display|LCD_Controller:u_lcd|count[1]           ; Top_LCD:u_lcd_display|LCD_Controller:u_lcd|count[2]           ; Top_LCD:u_lcd_display|LCD_Controller:u_lcd|clk_1k ; Top_LCD:u_lcd_display|LCD_Controller:u_lcd|clk_1k ; 0.000        ; 0.000      ; 1.373      ;
; 1.131  ; Top_LCD:u_lcd_display|LCD_Controller:u_lcd|count[2]           ; Top_LCD:u_lcd_display|LCD_Controller:u_lcd|count[0]           ; Top_LCD:u_lcd_display|LCD_Controller:u_lcd|clk_1k ; Top_LCD:u_lcd_display|LCD_Controller:u_lcd|clk_1k ; 0.000        ; 0.000      ; 1.437      ;
; 1.134  ; Top_LCD:u_lcd_display|LCD_Controller:u_lcd|count[2]           ; Top_LCD:u_lcd_display|LCD_Controller:u_lcd|count[1]           ; Top_LCD:u_lcd_display|LCD_Controller:u_lcd|clk_1k ; Top_LCD:u_lcd_display|LCD_Controller:u_lcd|clk_1k ; 0.000        ; 0.000      ; 1.440      ;
; 1.134  ; Top_LCD:u_lcd_display|LCD_Controller:u_lcd|count[2]           ; Top_LCD:u_lcd_display|LCD_Controller:u_lcd|state.INIT         ; Top_LCD:u_lcd_display|LCD_Controller:u_lcd|clk_1k ; Top_LCD:u_lcd_display|LCD_Controller:u_lcd|clk_1k ; 0.000        ; 0.000      ; 1.440      ;
; 1.143  ; Top_LCD:u_lcd_display|LCD_Controller:u_lcd|state.SET_POS      ; Top_LCD:u_lcd_display|LCD_Controller:u_lcd|state.SET_POS_HOLD ; Top_LCD:u_lcd_display|LCD_Controller:u_lcd|clk_1k ; Top_LCD:u_lcd_display|LCD_Controller:u_lcd|clk_1k ; 0.000        ; 0.000      ; 1.449      ;
; 1.149  ; Top_LCD:u_lcd_display|LCD_Controller:u_lcd|state.IDLE         ; Top_LCD:u_lcd_display|LCD_Controller:u_lcd|state.SET_POS      ; Top_LCD:u_lcd_display|LCD_Controller:u_lcd|clk_1k ; Top_LCD:u_lcd_display|LCD_Controller:u_lcd|clk_1k ; 0.000        ; 0.000      ; 1.455      ;
; 1.186  ; Top_LCD:u_lcd_display|LCD_Controller:u_lcd|state.IDLE         ; Top_LCD:u_lcd_display|LCD_Controller:u_lcd|oReady             ; Top_LCD:u_lcd_display|LCD_Controller:u_lcd|clk_1k ; Top_LCD:u_lcd_display|LCD_Controller:u_lcd|clk_1k ; 0.000        ; 0.000      ; 1.492      ;
; 1.187  ; Top_LCD:u_lcd_display|lcd_data_in[6]                          ; Top_LCD:u_lcd_display|LCD_Controller:u_lcd|LCD_DATA[6]        ; CLOCK_50                                          ; Top_LCD:u_lcd_display|LCD_Controller:u_lcd|clk_1k ; 0.000        ; 0.839      ; 2.332      ;
; 1.189  ; Top_LCD:u_lcd_display|LCD_Controller:u_lcd|state.SET_POS      ; Top_LCD:u_lcd_display|LCD_Controller:u_lcd|LCD_DATA[4]        ; Top_LCD:u_lcd_display|LCD_Controller:u_lcd|clk_1k ; Top_LCD:u_lcd_display|LCD_Controller:u_lcd|clk_1k ; 0.000        ; 0.001      ; 1.496      ;
; 1.198  ; Top_LCD:u_lcd_display|LCD_Controller:u_lcd|state.SET_POS_HOLD ; Top_LCD:u_lcd_display|LCD_Controller:u_lcd|state.SEND         ; Top_LCD:u_lcd_display|LCD_Controller:u_lcd|clk_1k ; Top_LCD:u_lcd_display|LCD_Controller:u_lcd|clk_1k ; 0.000        ; 0.000      ; 1.504      ;
; 1.214  ; Top_LCD:u_lcd_display|LCD_Controller:u_lcd|count[1]           ; Top_LCD:u_lcd_display|LCD_Controller:u_lcd|count[0]           ; Top_LCD:u_lcd_display|LCD_Controller:u_lcd|clk_1k ; Top_LCD:u_lcd_display|LCD_Controller:u_lcd|clk_1k ; 0.000        ; 0.000      ; 1.520      ;
; 1.254  ; Top_LCD:u_lcd_display|LCD_Controller:u_lcd|state.INIT_HOLD    ; Top_LCD:u_lcd_display|LCD_Controller:u_lcd|count[0]           ; Top_LCD:u_lcd_display|LCD_Controller:u_lcd|clk_1k ; Top_LCD:u_lcd_display|LCD_Controller:u_lcd|clk_1k ; 0.000        ; 0.000      ; 1.560      ;
; 1.257  ; Top_LCD:u_lcd_display|LCD_Controller:u_lcd|state.INIT_HOLD    ; Top_LCD:u_lcd_display|LCD_Controller:u_lcd|count[2]           ; Top_LCD:u_lcd_display|LCD_Controller:u_lcd|clk_1k ; Top_LCD:u_lcd_display|LCD_Controller:u_lcd|clk_1k ; 0.000        ; 0.000      ; 1.563      ;
; 1.263  ; Top_LCD:u_lcd_display|LCD_Controller:u_lcd|state.INIT_HOLD    ; Top_LCD:u_lcd_display|LCD_Controller:u_lcd|count[1]           ; Top_LCD:u_lcd_display|LCD_Controller:u_lcd|clk_1k ; Top_LCD:u_lcd_display|LCD_Controller:u_lcd|clk_1k ; 0.000        ; 0.000      ; 1.569      ;
; 1.268  ; Top_LCD:u_lcd_display|LCD_Controller:u_lcd|count[2]           ; Top_LCD:u_lcd_display|LCD_Controller:u_lcd|LCD_DATA[5]        ; Top_LCD:u_lcd_display|LCD_Controller:u_lcd|clk_1k ; Top_LCD:u_lcd_display|LCD_Controller:u_lcd|clk_1k ; 0.000        ; 0.001      ; 1.575      ;
; 1.431  ; Top_LCD:u_lcd_display|LCD_Controller:u_lcd|state.SET_POS      ; Top_LCD:u_lcd_display|LCD_Controller:u_lcd|LCD_RS             ; Top_LCD:u_lcd_display|LCD_Controller:u_lcd|clk_1k ; Top_LCD:u_lcd_display|LCD_Controller:u_lcd|clk_1k ; 0.000        ; -0.002     ; 1.735      ;
; 1.432  ; Top_LCD:u_lcd_display|LCD_Controller:u_lcd|state.SET_POS      ; Top_LCD:u_lcd_display|LCD_Controller:u_lcd|LCD_DATA[7]        ; Top_LCD:u_lcd_display|LCD_Controller:u_lcd|clk_1k ; Top_LCD:u_lcd_display|LCD_Controller:u_lcd|clk_1k ; 0.000        ; -0.002     ; 1.736      ;
; 1.448  ; Top_LCD:u_lcd_display|LCD_Controller:u_lcd|state.SEND         ; Top_LCD:u_lcd_display|LCD_Controller:u_lcd|LCD_DATA[5]        ; Top_LCD:u_lcd_display|LCD_Controller:u_lcd|clk_1k ; Top_LCD:u_lcd_display|LCD_Controller:u_lcd|clk_1k ; 0.000        ; 0.001      ; 1.755      ;
; 1.466  ; Top_LCD:u_lcd_display|LCD_Controller:u_lcd|state.SEND         ; Top_LCD:u_lcd_display|LCD_Controller:u_lcd|LCD_DATA[4]        ; Top_LCD:u_lcd_display|LCD_Controller:u_lcd|clk_1k ; Top_LCD:u_lcd_display|LCD_Controller:u_lcd|clk_1k ; 0.000        ; 0.001      ; 1.773      ;
; 1.489  ; Top_LCD:u_lcd_display|LCD_Controller:u_lcd|state.SEND         ; Top_LCD:u_lcd_display|LCD_Controller:u_lcd|LCD_EN             ; Top_LCD:u_lcd_display|LCD_Controller:u_lcd|clk_1k ; Top_LCD:u_lcd_display|LCD_Controller:u_lcd|clk_1k ; 0.000        ; 0.000      ; 1.795      ;
; 1.517  ; Top_LCD:u_lcd_display|LCD_Controller:u_lcd|state.SEND_HOLD    ; Top_LCD:u_lcd_display|LCD_Controller:u_lcd|state.IDLE         ; Top_LCD:u_lcd_display|LCD_Controller:u_lcd|clk_1k ; Top_LCD:u_lcd_display|LCD_Controller:u_lcd|clk_1k ; 0.000        ; 0.000      ; 1.823      ;
; 1.538  ; Top_LCD:u_lcd_display|LCD_Controller:u_lcd|count[1]           ; Top_LCD:u_lcd_display|LCD_Controller:u_lcd|state.INIT         ; Top_LCD:u_lcd_display|LCD_Controller:u_lcd|clk_1k ; Top_LCD:u_lcd_display|LCD_Controller:u_lcd|clk_1k ; 0.000        ; 0.000      ; 1.844      ;
; 1.569  ; Top_LCD:u_lcd_display|LCD_Controller:u_lcd|state.SET_POS      ; Top_LCD:u_lcd_display|LCD_Controller:u_lcd|LCD_DATA[5]        ; Top_LCD:u_lcd_display|LCD_Controller:u_lcd|clk_1k ; Top_LCD:u_lcd_display|LCD_Controller:u_lcd|clk_1k ; 0.000        ; 0.001      ; 1.876      ;
; 1.601  ; Top_LCD:u_lcd_display|LCD_Controller:u_lcd|state.SET_POS      ; Top_LCD:u_lcd_display|LCD_Controller:u_lcd|LCD_DATA[3]        ; Top_LCD:u_lcd_display|LCD_Controller:u_lcd|clk_1k ; Top_LCD:u_lcd_display|LCD_Controller:u_lcd|clk_1k ; 0.000        ; 0.001      ; 1.908      ;
; 1.602  ; Top_LCD:u_lcd_display|LCD_Controller:u_lcd|state.SET_POS      ; Top_LCD:u_lcd_display|LCD_Controller:u_lcd|LCD_DATA[0]        ; Top_LCD:u_lcd_display|LCD_Controller:u_lcd|clk_1k ; Top_LCD:u_lcd_display|LCD_Controller:u_lcd|clk_1k ; 0.000        ; 0.001      ; 1.909      ;
; 1.602  ; Top_LCD:u_lcd_display|LCD_Controller:u_lcd|state.SET_POS      ; Top_LCD:u_lcd_display|LCD_Controller:u_lcd|LCD_DATA[2]        ; Top_LCD:u_lcd_display|LCD_Controller:u_lcd|clk_1k ; Top_LCD:u_lcd_display|LCD_Controller:u_lcd|clk_1k ; 0.000        ; 0.001      ; 1.909      ;
; 1.603  ; Top_LCD:u_lcd_display|LCD_Controller:u_lcd|state.SET_POS      ; Top_LCD:u_lcd_display|LCD_Controller:u_lcd|LCD_DATA[1]        ; Top_LCD:u_lcd_display|LCD_Controller:u_lcd|clk_1k ; Top_LCD:u_lcd_display|LCD_Controller:u_lcd|clk_1k ; 0.000        ; 0.001      ; 1.910      ;
; 1.654  ; Top_LCD:u_lcd_display|LCD_Controller:u_lcd|count[1]           ; Top_LCD:u_lcd_display|LCD_Controller:u_lcd|LCD_DATA[0]        ; Top_LCD:u_lcd_display|LCD_Controller:u_lcd|clk_1k ; Top_LCD:u_lcd_display|LCD_Controller:u_lcd|clk_1k ; 0.000        ; 0.001      ; 1.961      ;
; 1.755  ; Top_LCD:u_lcd_display|LCD_Controller:u_lcd|state.SET_POS      ; Top_LCD:u_lcd_display|LCD_Controller:u_lcd|LCD_EN             ; Top_LCD:u_lcd_display|LCD_Controller:u_lcd|clk_1k ; Top_LCD:u_lcd_display|LCD_Controller:u_lcd|clk_1k ; 0.000        ; 0.000      ; 2.061      ;
; 1.843  ; Top_LCD:u_lcd_display|LCD_Controller:u_lcd|count[0]           ; Top_LCD:u_lcd_display|LCD_Controller:u_lcd|state.INIT         ; Top_LCD:u_lcd_display|LCD_Controller:u_lcd|clk_1k ; Top_LCD:u_lcd_display|LCD_Controller:u_lcd|clk_1k ; 0.000        ; 0.000      ; 2.149      ;
; 1.844  ; Top_LCD:u_lcd_display|LCD_Controller:u_lcd|count[0]           ; Top_LCD:u_lcd_display|LCD_Controller:u_lcd|count[1]           ; Top_LCD:u_lcd_display|LCD_Controller:u_lcd|clk_1k ; Top_LCD:u_lcd_display|LCD_Controller:u_lcd|clk_1k ; 0.000        ; 0.000      ; 2.150      ;
; 1.844  ; Top_LCD:u_lcd_display|LCD_Controller:u_lcd|count[0]           ; Top_LCD:u_lcd_display|LCD_Controller:u_lcd|count[2]           ; Top_LCD:u_lcd_display|LCD_Controller:u_lcd|clk_1k ; Top_LCD:u_lcd_display|LCD_Controller:u_lcd|clk_1k ; 0.000        ; 0.000      ; 2.150      ;
; 1.860  ; Top_LCD:u_lcd_display|LCD_Controller:u_lcd|count[2]           ; Top_LCD:u_lcd_display|LCD_Controller:u_lcd|LCD_DATA[4]        ; Top_LCD:u_lcd_display|LCD_Controller:u_lcd|clk_1k ; Top_LCD:u_lcd_display|LCD_Controller:u_lcd|clk_1k ; 0.000        ; 0.001      ; 2.167      ;
; 1.865  ; Top_LCD:u_lcd_display|LCD_Controller:u_lcd|state.SEND         ; Top_LCD:u_lcd_display|LCD_Controller:u_lcd|LCD_DATA[6]        ; Top_LCD:u_lcd_display|LCD_Controller:u_lcd|clk_1k ; Top_LCD:u_lcd_display|LCD_Controller:u_lcd|clk_1k ; 0.000        ; -0.002     ; 2.169      ;
; 1.891  ; Top_LCD:u_lcd_display|LCD_Controller:u_lcd|state.INIT         ; Top_LCD:u_lcd_display|LCD_Controller:u_lcd|LCD_DATA[7]        ; Top_LCD:u_lcd_display|LCD_Controller:u_lcd|clk_1k ; Top_LCD:u_lcd_display|LCD_Controller:u_lcd|clk_1k ; 0.000        ; -0.002     ; 2.195      ;
; 1.893  ; Top_LCD:u_lcd_display|LCD_Controller:u_lcd|state.INIT         ; Top_LCD:u_lcd_display|LCD_Controller:u_lcd|LCD_RS             ; Top_LCD:u_lcd_display|LCD_Controller:u_lcd|clk_1k ; Top_LCD:u_lcd_display|LCD_Controller:u_lcd|clk_1k ; 0.000        ; -0.002     ; 2.197      ;
; 1.916  ; Top_LCD:u_lcd_display|LCD_Controller:u_lcd|state.SEND         ; Top_LCD:u_lcd_display|LCD_Controller:u_lcd|LCD_DATA[7]        ; Top_LCD:u_lcd_display|LCD_Controller:u_lcd|clk_1k ; Top_LCD:u_lcd_display|LCD_Controller:u_lcd|clk_1k ; 0.000        ; -0.002     ; 2.220      ;
; 1.917  ; Top_LCD:u_lcd_display|LCD_Controller:u_lcd|state.SEND         ; Top_LCD:u_lcd_display|LCD_Controller:u_lcd|LCD_DATA[0]        ; Top_LCD:u_lcd_display|LCD_Controller:u_lcd|clk_1k ; Top_LCD:u_lcd_display|LCD_Controller:u_lcd|clk_1k ; 0.000        ; 0.001      ; 2.224      ;
; 1.917  ; Top_LCD:u_lcd_display|LCD_Controller:u_lcd|state.SEND         ; Top_LCD:u_lcd_display|LCD_Controller:u_lcd|LCD_DATA[1]        ; Top_LCD:u_lcd_display|LCD_Controller:u_lcd|clk_1k ; Top_LCD:u_lcd_display|LCD_Controller:u_lcd|clk_1k ; 0.000        ; 0.001      ; 2.224      ;
; 1.917  ; Top_LCD:u_lcd_display|LCD_Controller:u_lcd|state.SEND         ; Top_LCD:u_lcd_display|LCD_Controller:u_lcd|LCD_DATA[2]        ; Top_LCD:u_lcd_display|LCD_Controller:u_lcd|clk_1k ; Top_LCD:u_lcd_display|LCD_Controller:u_lcd|clk_1k ; 0.000        ; 0.001      ; 2.224      ;
; 1.917  ; Top_LCD:u_lcd_display|LCD_Controller:u_lcd|state.SEND         ; Top_LCD:u_lcd_display|LCD_Controller:u_lcd|LCD_DATA[3]        ; Top_LCD:u_lcd_display|LCD_Controller:u_lcd|clk_1k ; Top_LCD:u_lcd_display|LCD_Controller:u_lcd|clk_1k ; 0.000        ; 0.001      ; 2.224      ;
; 1.918  ; Top_LCD:u_lcd_display|LCD_Controller:u_lcd|state.SEND         ; Top_LCD:u_lcd_display|LCD_Controller:u_lcd|LCD_RS             ; Top_LCD:u_lcd_display|LCD_Controller:u_lcd|clk_1k ; Top_LCD:u_lcd_display|LCD_Controller:u_lcd|clk_1k ; 0.000        ; -0.002     ; 2.222      ;
; 1.954  ; Top_LCD:u_lcd_display|LCD_Controller:u_lcd|state.INIT_HOLD    ; Top_LCD:u_lcd_display|LCD_Controller:u_lcd|state.IDLE         ; Top_LCD:u_lcd_display|LCD_Controller:u_lcd|clk_1k ; Top_LCD:u_lcd_display|LCD_Controller:u_lcd|clk_1k ; 0.000        ; 0.000      ; 2.260      ;
; 1.991  ; Top_LCD:u_lcd_display|LCD_Controller:u_lcd|count[0]           ; Top_LCD:u_lcd_display|LCD_Controller:u_lcd|LCD_DATA[1]        ; Top_LCD:u_lcd_display|LCD_Controller:u_lcd|clk_1k ; Top_LCD:u_lcd_display|LCD_Controller:u_lcd|clk_1k ; 0.000        ; 0.001      ; 2.298      ;
; 1.993  ; Top_LCD:u_lcd_display|LCD_Controller:u_lcd|count[2]           ; Top_LCD:u_lcd_display|LCD_Controller:u_lcd|LCD_DATA[2]        ; Top_LCD:u_lcd_display|LCD_Controller:u_lcd|clk_1k ; Top_LCD:u_lcd_display|LCD_Controller:u_lcd|clk_1k ; 0.000        ; 0.001      ; 2.300      ;
; 1.997  ; Top_LCD:u_lcd_display|LCD_Controller:u_lcd|state.SET_POS      ; Top_LCD:u_lcd_display|LCD_Controller:u_lcd|LCD_DATA[6]        ; Top_LCD:u_lcd_display|LCD_Controller:u_lcd|clk_1k ; Top_LCD:u_lcd_display|LCD_Controller:u_lcd|clk_1k ; 0.000        ; -0.002     ; 2.301      ;
; 2.010  ; Top_LCD:u_lcd_display|LCD_Controller:u_lcd|count[2]           ; Top_LCD:u_lcd_display|LCD_Controller:u_lcd|LCD_DATA[3]        ; Top_LCD:u_lcd_display|LCD_Controller:u_lcd|clk_1k ; Top_LCD:u_lcd_display|LCD_Controller:u_lcd|clk_1k ; 0.000        ; 0.001      ; 2.317      ;
; 2.015  ; Top_LCD:u_lcd_display|LCD_Controller:u_lcd|count[2]           ; Top_LCD:u_lcd_display|LCD_Controller:u_lcd|LCD_DATA[1]        ; Top_LCD:u_lcd_display|LCD_Controller:u_lcd|clk_1k ; Top_LCD:u_lcd_display|LCD_Controller:u_lcd|clk_1k ; 0.000        ; 0.001      ; 2.322      ;
; 2.044  ; Top_LCD:u_lcd_display|LCD_Controller:u_lcd|count[1]           ; Top_LCD:u_lcd_display|LCD_Controller:u_lcd|LCD_DATA[2]        ; Top_LCD:u_lcd_display|LCD_Controller:u_lcd|clk_1k ; Top_LCD:u_lcd_display|LCD_Controller:u_lcd|clk_1k ; 0.000        ; 0.001      ; 2.351      ;
; 2.047  ; Top_LCD:u_lcd_display|LCD_Controller:u_lcd|state.INIT         ; Top_LCD:u_lcd_display|LCD_Controller:u_lcd|LCD_DATA[0]        ; Top_LCD:u_lcd_display|LCD_Controller:u_lcd|clk_1k ; Top_LCD:u_lcd_display|LCD_Controller:u_lcd|clk_1k ; 0.000        ; 0.001      ; 2.354      ;
; 2.047  ; Top_LCD:u_lcd_display|LCD_Controller:u_lcd|state.INIT         ; Top_LCD:u_lcd_display|LCD_Controller:u_lcd|LCD_DATA[1]        ; Top_LCD:u_lcd_display|LCD_Controller:u_lcd|clk_1k ; Top_LCD:u_lcd_display|LCD_Controller:u_lcd|clk_1k ; 0.000        ; 0.001      ; 2.354      ;
; 2.047  ; Top_LCD:u_lcd_display|LCD_Controller:u_lcd|state.INIT         ; Top_LCD:u_lcd_display|LCD_Controller:u_lcd|LCD_DATA[2]        ; Top_LCD:u_lcd_display|LCD_Controller:u_lcd|clk_1k ; Top_LCD:u_lcd_display|LCD_Controller:u_lcd|clk_1k ; 0.000        ; 0.001      ; 2.354      ;
; 2.047  ; Top_LCD:u_lcd_display|LCD_Controller:u_lcd|state.INIT         ; Top_LCD:u_lcd_display|LCD_Controller:u_lcd|LCD_DATA[3]        ; Top_LCD:u_lcd_display|LCD_Controller:u_lcd|clk_1k ; Top_LCD:u_lcd_display|LCD_Controller:u_lcd|clk_1k ; 0.000        ; 0.001      ; 2.354      ;
; 2.047  ; Top_LCD:u_lcd_display|LCD_Controller:u_lcd|state.INIT         ; Top_LCD:u_lcd_display|LCD_Controller:u_lcd|LCD_DATA[4]        ; Top_LCD:u_lcd_display|LCD_Controller:u_lcd|clk_1k ; Top_LCD:u_lcd_display|LCD_Controller:u_lcd|clk_1k ; 0.000        ; 0.001      ; 2.354      ;
; 2.047  ; Top_LCD:u_lcd_display|LCD_Controller:u_lcd|state.INIT         ; Top_LCD:u_lcd_display|LCD_Controller:u_lcd|LCD_DATA[5]        ; Top_LCD:u_lcd_display|LCD_Controller:u_lcd|clk_1k ; Top_LCD:u_lcd_display|LCD_Controller:u_lcd|clk_1k ; 0.000        ; 0.001      ; 2.354      ;
; 2.052  ; Top_LCD:u_lcd_display|LCD_Controller:u_lcd|count[1]           ; Top_LCD:u_lcd_display|LCD_Controller:u_lcd|LCD_DATA[3]        ; Top_LCD:u_lcd_display|LCD_Controller:u_lcd|clk_1k ; Top_LCD:u_lcd_display|LCD_Controller:u_lcd|clk_1k ; 0.000        ; 0.001      ; 2.359      ;
; 2.056  ; Top_LCD:u_lcd_display|LCD_Controller:u_lcd|count[1]           ; Top_LCD:u_lcd_display|LCD_Controller:u_lcd|LCD_DATA[1]        ; Top_LCD:u_lcd_display|LCD_Controller:u_lcd|clk_1k ; Top_LCD:u_lcd_display|LCD_Controller:u_lcd|clk_1k ; 0.000        ; 0.001      ; 2.363      ;
; 2.062  ; Top_LCD:u_lcd_display|LCD_Controller:u_lcd|count[0]           ; Top_LCD:u_lcd_display|LCD_Controller:u_lcd|LCD_DATA[0]        ; Top_LCD:u_lcd_display|LCD_Controller:u_lcd|clk_1k ; Top_LCD:u_lcd_display|LCD_Controller:u_lcd|clk_1k ; 0.000        ; 0.001      ; 2.369      ;
; 2.103  ; Top_LCD:u_lcd_display|LCD_Controller:u_lcd|count[0]           ; Top_LCD:u_lcd_display|LCD_Controller:u_lcd|LCD_DATA[3]        ; Top_LCD:u_lcd_display|LCD_Controller:u_lcd|clk_1k ; Top_LCD:u_lcd_display|LCD_Controller:u_lcd|clk_1k ; 0.000        ; 0.001      ; 2.410      ;
; 2.128  ; Top_LCD:u_lcd_display|LCD_Controller:u_lcd|count[2]           ; Top_LCD:u_lcd_display|LCD_Controller:u_lcd|state.IDLE         ; Top_LCD:u_lcd_display|LCD_Controller:u_lcd|clk_1k ; Top_LCD:u_lcd_display|LCD_Controller:u_lcd|clk_1k ; 0.000        ; 0.000      ; 2.434      ;
; 2.163  ; Top_LCD:u_lcd_display|LCD_Controller:u_lcd|count[2]           ; Top_LCD:u_lcd_display|LCD_Controller:u_lcd|LCD_DATA[0]        ; Top_LCD:u_lcd_display|LCD_Controller:u_lcd|clk_1k ; Top_LCD:u_lcd_display|LCD_Controller:u_lcd|clk_1k ; 0.000        ; 0.001      ; 2.470      ;
; 2.168  ; Top_LCD:u_lcd_display|LCD_Controller:u_lcd|count[1]           ; Top_LCD:u_lcd_display|LCD_Controller:u_lcd|state.IDLE         ; Top_LCD:u_lcd_display|LCD_Controller:u_lcd|clk_1k ; Top_LCD:u_lcd_display|LCD_Controller:u_lcd|clk_1k ; 0.000        ; 0.000      ; 2.474      ;
; 2.182  ; Top_LCD:u_lcd_display|LCD_Controller:u_lcd|state.INIT         ; Top_LCD:u_lcd_display|LCD_Controller:u_lcd|state.INIT_HOLD    ; Top_LCD:u_lcd_display|LCD_Controller:u_lcd|clk_1k ; Top_LCD:u_lcd_display|LCD_Controller:u_lcd|clk_1k ; 0.000        ; 0.000      ; 2.488      ;
; 2.196  ; Top_LCD:u_lcd_display|LCD_Controller:u_lcd|state.INIT         ; Top_LCD:u_lcd_display|LCD_Controller:u_lcd|LCD_EN             ; Top_LCD:u_lcd_display|LCD_Controller:u_lcd|clk_1k ; Top_LCD:u_lcd_display|LCD_Controller:u_lcd|clk_1k ; 0.000        ; 0.000      ; 2.502      ;
; 2.220  ; Top_LCD:u_lcd_display|LCD_Controller:u_lcd|count[0]           ; Top_LCD:u_lcd_display|LCD_Controller:u_lcd|state.IDLE         ; Top_LCD:u_lcd_display|LCD_Controller:u_lcd|clk_1k ; Top_LCD:u_lcd_display|LCD_Controller:u_lcd|clk_1k ; 0.000        ; 0.000      ; 2.526      ;
; 2.282  ; Top_LCD:u_lcd_display|LCD_Controller:u_lcd|state.SEND         ; Top_LCD:u_lcd_display|LCD_Controller:u_lcd|state.SEND_HOLD    ; Top_LCD:u_lcd_display|LCD_Controller:u_lcd|clk_1k ; Top_LCD:u_lcd_display|LCD_Controller:u_lcd|clk_1k ; 0.000        ; 0.000      ; 2.588      ;
; 2.572  ; Top_LCD:u_lcd_display|LCD_Controller:u_lcd|state.INIT         ; Top_LCD:u_lcd_display|LCD_Controller:u_lcd|LCD_DATA[6]        ; Top_LCD:u_lcd_display|LCD_Controller:u_lcd|clk_1k ; Top_LCD:u_lcd_display|LCD_Controller:u_lcd|clk_1k ; 0.000        ; -0.002     ; 2.876      ;
+--------+---------------------------------------------------------------+---------------------------------------------------------------+---------------------------------------------------+---------------------------------------------------+--------------+------------+------------+


+----------------------------------------------------------------------------------------------------------------------------------------------------------------------------------------------+
; Slow Model Hold: 'clk_divider:u_clk_div|clk_out'                                                                                                                                             ;
+-------+--------------------------------------+--------------------------------------+-------------------------------+-------------------------------+--------------+------------+------------+
; Slack ; From Node                            ; To Node                              ; Launch Clock                  ; Latch Clock                   ; Relationship ; Clock Skew ; Data Delay ;
+-------+--------------------------------------+--------------------------------------+-------------------------------+-------------------------------+--------------+------------+------------+
; 0.499 ; keypad_scanner:u_scanner|state.01    ; keypad_scanner:u_scanner|state.01    ; clk_divider:u_clk_div|clk_out ; clk_divider:u_clk_div|clk_out ; 0.000        ; 0.000      ; 0.805      ;
; 0.499 ; keypad_scanner:u_scanner|state.10    ; keypad_scanner:u_scanner|state.10    ; clk_divider:u_clk_div|clk_out ; clk_divider:u_clk_div|clk_out ; 0.000        ; 0.000      ; 0.805      ;
; 0.499 ; keypad_scanner:u_scanner|state.11    ; keypad_scanner:u_scanner|state.11    ; clk_divider:u_clk_div|clk_out ; clk_divider:u_clk_div|clk_out ; 0.000        ; 0.000      ; 0.805      ;
; 0.499 ; keypad_scanner:u_scanner|state.00    ; keypad_scanner:u_scanner|state.00    ; clk_divider:u_clk_div|clk_out ; clk_divider:u_clk_div|clk_out ; 0.000        ; 0.000      ; 0.805      ;
; 0.499 ; keypad_scanner:u_scanner|data_out[2] ; keypad_scanner:u_scanner|data_out[2] ; clk_divider:u_clk_div|clk_out ; clk_divider:u_clk_div|clk_out ; 0.000        ; 0.000      ; 0.805      ;
; 0.499 ; keypad_scanner:u_scanner|data_out[3] ; keypad_scanner:u_scanner|data_out[3] ; clk_divider:u_clk_div|clk_out ; clk_divider:u_clk_div|clk_out ; 0.000        ; 0.000      ; 0.805      ;
; 0.499 ; keypad_scanner:u_scanner|data_out[1] ; keypad_scanner:u_scanner|data_out[1] ; clk_divider:u_clk_div|clk_out ; clk_divider:u_clk_div|clk_out ; 0.000        ; 0.000      ; 0.805      ;
; 0.760 ; keypad_scanner:u_scanner|state.10    ; keypad_scanner:u_scanner|state.11    ; clk_divider:u_clk_div|clk_out ; clk_divider:u_clk_div|clk_out ; 0.000        ; 0.000      ; 1.066      ;
; 0.795 ; keypad_scanner:u_scanner|state.11    ; keypad_scanner:u_scanner|row[3]      ; clk_divider:u_clk_div|clk_out ; clk_divider:u_clk_div|clk_out ; 0.000        ; 0.000      ; 1.101      ;
; 0.959 ; keypad_scanner:u_scanner|state.01    ; keypad_scanner:u_scanner|row[1]      ; clk_divider:u_clk_div|clk_out ; clk_divider:u_clk_div|clk_out ; 0.000        ; 0.000      ; 1.265      ;
; 1.203 ; keypad_scanner:u_scanner|state.01    ; keypad_scanner:u_scanner|state.10    ; clk_divider:u_clk_div|clk_out ; clk_divider:u_clk_div|clk_out ; 0.000        ; 0.000      ; 1.509      ;
; 1.779 ; keypad_scanner:u_scanner|state.00    ; keypad_scanner:u_scanner|data_out[2] ; clk_divider:u_clk_div|clk_out ; clk_divider:u_clk_div|clk_out ; 0.000        ; 0.000      ; 2.085      ;
; 1.787 ; keypad_scanner:u_scanner|data_out[0] ; keypad_scanner:u_scanner|data_out[0] ; clk_divider:u_clk_div|clk_out ; clk_divider:u_clk_div|clk_out ; 0.000        ; 0.000      ; 2.093      ;
; 1.864 ; keypad_scanner:u_scanner|state.00    ; keypad_scanner:u_scanner|data_out[3] ; clk_divider:u_clk_div|clk_out ; clk_divider:u_clk_div|clk_out ; 0.000        ; -0.027     ; 2.143      ;
; 1.896 ; keypad_scanner:u_scanner|state.00    ; keypad_scanner:u_scanner|state.01    ; clk_divider:u_clk_div|clk_out ; clk_divider:u_clk_div|clk_out ; 0.000        ; -0.027     ; 2.175      ;
; 1.899 ; keypad_scanner:u_scanner|state.11    ; keypad_scanner:u_scanner|state.00    ; clk_divider:u_clk_div|clk_out ; clk_divider:u_clk_div|clk_out ; 0.000        ; 0.027      ; 2.232      ;
; 1.955 ; keypad_scanner:u_scanner|state.00    ; keypad_scanner:u_scanner|row[0]      ; clk_divider:u_clk_div|clk_out ; clk_divider:u_clk_div|clk_out ; 0.000        ; -0.025     ; 2.236      ;
; 1.972 ; keypad_scanner:u_scanner|state.10    ; keypad_scanner:u_scanner|row[2]      ; clk_divider:u_clk_div|clk_out ; clk_divider:u_clk_div|clk_out ; 0.000        ; 0.002      ; 2.280      ;
; 2.284 ; keypad_scanner:u_scanner|state.00    ; keypad_scanner:u_scanner|data_out[0] ; clk_divider:u_clk_div|clk_out ; clk_divider:u_clk_div|clk_out ; 0.000        ; -0.025     ; 2.565      ;
; 2.322 ; keypad_scanner:u_scanner|state.00    ; keypad_scanner:u_scanner|data_out[1] ; clk_divider:u_clk_div|clk_out ; clk_divider:u_clk_div|clk_out ; 0.000        ; 0.000      ; 2.628      ;
; 2.531 ; keypad_scanner:u_scanner|state.01    ; keypad_scanner:u_scanner|data_out[2] ; clk_divider:u_clk_div|clk_out ; clk_divider:u_clk_div|clk_out ; 0.000        ; 0.027      ; 2.864      ;
; 2.539 ; keypad_scanner:u_scanner|state.10    ; keypad_scanner:u_scanner|data_out[0] ; clk_divider:u_clk_div|clk_out ; clk_divider:u_clk_div|clk_out ; 0.000        ; 0.002      ; 2.847      ;
; 2.543 ; keypad_scanner:u_scanner|state.01    ; keypad_scanner:u_scanner|data_out[0] ; clk_divider:u_clk_div|clk_out ; clk_divider:u_clk_div|clk_out ; 0.000        ; 0.002      ; 2.851      ;
; 2.548 ; keypad_scanner:u_scanner|state.11    ; keypad_scanner:u_scanner|data_out[0] ; clk_divider:u_clk_div|clk_out ; clk_divider:u_clk_div|clk_out ; 0.000        ; 0.002      ; 2.856      ;
; 2.728 ; keypad_scanner:u_scanner|state.01    ; keypad_scanner:u_scanner|data_out[1] ; clk_divider:u_clk_div|clk_out ; clk_divider:u_clk_div|clk_out ; 0.000        ; 0.027      ; 3.061      ;
; 2.793 ; keypad_scanner:u_scanner|state.10    ; keypad_scanner:u_scanner|data_out[2] ; clk_divider:u_clk_div|clk_out ; clk_divider:u_clk_div|clk_out ; 0.000        ; 0.027      ; 3.126      ;
; 2.818 ; keypad_scanner:u_scanner|state.11    ; keypad_scanner:u_scanner|data_out[3] ; clk_divider:u_clk_div|clk_out ; clk_divider:u_clk_div|clk_out ; 0.000        ; 0.000      ; 3.124      ;
; 2.916 ; keypad_scanner:u_scanner|state.11    ; keypad_scanner:u_scanner|data_out[1] ; clk_divider:u_clk_div|clk_out ; clk_divider:u_clk_div|clk_out ; 0.000        ; 0.027      ; 3.249      ;
; 2.927 ; keypad_scanner:u_scanner|state.10    ; keypad_scanner:u_scanner|data_out[3] ; clk_divider:u_clk_div|clk_out ; clk_divider:u_clk_div|clk_out ; 0.000        ; 0.000      ; 3.233      ;
; 2.945 ; keypad_scanner:u_scanner|state.11    ; keypad_scanner:u_scanner|data_out[2] ; clk_divider:u_clk_div|clk_out ; clk_divider:u_clk_div|clk_out ; 0.000        ; 0.027      ; 3.278      ;
; 3.087 ; keypad_scanner:u_scanner|state.10    ; keypad_scanner:u_scanner|data_out[1] ; clk_divider:u_clk_div|clk_out ; clk_divider:u_clk_div|clk_out ; 0.000        ; 0.027      ; 3.420      ;
; 3.130 ; keypad_scanner:u_scanner|state.01    ; keypad_scanner:u_scanner|data_out[3] ; clk_divider:u_clk_div|clk_out ; clk_divider:u_clk_div|clk_out ; 0.000        ; 0.000      ; 3.436      ;
+-------+--------------------------------------+--------------------------------------+-------------------------------+-------------------------------+--------------+------------+------------+


+--------------------------------------------------------------------------------------------------------------------------------+
; Slow Model Minimum Pulse Width: 'CLOCK_50'                                                                                     ;
+--------+--------------+----------------+------------------+----------+------------+--------------------------------------------+
; Slack  ; Actual Width ; Required Width ; Type             ; Clock    ; Clock Edge ; Target                                     ;
+--------+--------------+----------------+------------------+----------+------------+--------------------------------------------+
; -1.941 ; 1.000        ; 2.941          ; Port Rate        ; CLOCK_50 ; Rise       ; CLOCK_50                                   ;
; -0.742 ; 0.500        ; 1.242          ; High Pulse Width ; CLOCK_50 ; Rise       ; Lock_Controller:u_control|delay_timer[0]   ;
; -0.742 ; 0.500        ; 1.242          ; Low Pulse Width  ; CLOCK_50 ; Rise       ; Lock_Controller:u_control|delay_timer[0]   ;
; -0.742 ; 0.500        ; 1.242          ; High Pulse Width ; CLOCK_50 ; Rise       ; Lock_Controller:u_control|delay_timer[10]  ;
; -0.742 ; 0.500        ; 1.242          ; Low Pulse Width  ; CLOCK_50 ; Rise       ; Lock_Controller:u_control|delay_timer[10]  ;
; -0.742 ; 0.500        ; 1.242          ; High Pulse Width ; CLOCK_50 ; Rise       ; Lock_Controller:u_control|delay_timer[11]  ;
; -0.742 ; 0.500        ; 1.242          ; Low Pulse Width  ; CLOCK_50 ; Rise       ; Lock_Controller:u_control|delay_timer[11]  ;
; -0.742 ; 0.500        ; 1.242          ; High Pulse Width ; CLOCK_50 ; Rise       ; Lock_Controller:u_control|delay_timer[12]  ;
; -0.742 ; 0.500        ; 1.242          ; Low Pulse Width  ; CLOCK_50 ; Rise       ; Lock_Controller:u_control|delay_timer[12]  ;
; -0.742 ; 0.500        ; 1.242          ; High Pulse Width ; CLOCK_50 ; Rise       ; Lock_Controller:u_control|delay_timer[13]  ;
; -0.742 ; 0.500        ; 1.242          ; Low Pulse Width  ; CLOCK_50 ; Rise       ; Lock_Controller:u_control|delay_timer[13]  ;
; -0.742 ; 0.500        ; 1.242          ; High Pulse Width ; CLOCK_50 ; Rise       ; Lock_Controller:u_control|delay_timer[14]  ;
; -0.742 ; 0.500        ; 1.242          ; Low Pulse Width  ; CLOCK_50 ; Rise       ; Lock_Controller:u_control|delay_timer[14]  ;
; -0.742 ; 0.500        ; 1.242          ; High Pulse Width ; CLOCK_50 ; Rise       ; Lock_Controller:u_control|delay_timer[15]  ;
; -0.742 ; 0.500        ; 1.242          ; Low Pulse Width  ; CLOCK_50 ; Rise       ; Lock_Controller:u_control|delay_timer[15]  ;
; -0.742 ; 0.500        ; 1.242          ; High Pulse Width ; CLOCK_50 ; Rise       ; Lock_Controller:u_control|delay_timer[16]  ;
; -0.742 ; 0.500        ; 1.242          ; Low Pulse Width  ; CLOCK_50 ; Rise       ; Lock_Controller:u_control|delay_timer[16]  ;
; -0.742 ; 0.500        ; 1.242          ; High Pulse Width ; CLOCK_50 ; Rise       ; Lock_Controller:u_control|delay_timer[17]  ;
; -0.742 ; 0.500        ; 1.242          ; Low Pulse Width  ; CLOCK_50 ; Rise       ; Lock_Controller:u_control|delay_timer[17]  ;
; -0.742 ; 0.500        ; 1.242          ; High Pulse Width ; CLOCK_50 ; Rise       ; Lock_Controller:u_control|delay_timer[18]  ;
; -0.742 ; 0.500        ; 1.242          ; Low Pulse Width  ; CLOCK_50 ; Rise       ; Lock_Controller:u_control|delay_timer[18]  ;
; -0.742 ; 0.500        ; 1.242          ; High Pulse Width ; CLOCK_50 ; Rise       ; Lock_Controller:u_control|delay_timer[19]  ;
; -0.742 ; 0.500        ; 1.242          ; Low Pulse Width  ; CLOCK_50 ; Rise       ; Lock_Controller:u_control|delay_timer[19]  ;
; -0.742 ; 0.500        ; 1.242          ; High Pulse Width ; CLOCK_50 ; Rise       ; Lock_Controller:u_control|delay_timer[1]   ;
; -0.742 ; 0.500        ; 1.242          ; Low Pulse Width  ; CLOCK_50 ; Rise       ; Lock_Controller:u_control|delay_timer[1]   ;
; -0.742 ; 0.500        ; 1.242          ; High Pulse Width ; CLOCK_50 ; Rise       ; Lock_Controller:u_control|delay_timer[20]  ;
; -0.742 ; 0.500        ; 1.242          ; Low Pulse Width  ; CLOCK_50 ; Rise       ; Lock_Controller:u_control|delay_timer[20]  ;
; -0.742 ; 0.500        ; 1.242          ; High Pulse Width ; CLOCK_50 ; Rise       ; Lock_Controller:u_control|delay_timer[21]  ;
; -0.742 ; 0.500        ; 1.242          ; Low Pulse Width  ; CLOCK_50 ; Rise       ; Lock_Controller:u_control|delay_timer[21]  ;
; -0.742 ; 0.500        ; 1.242          ; High Pulse Width ; CLOCK_50 ; Rise       ; Lock_Controller:u_control|delay_timer[22]  ;
; -0.742 ; 0.500        ; 1.242          ; Low Pulse Width  ; CLOCK_50 ; Rise       ; Lock_Controller:u_control|delay_timer[22]  ;
; -0.742 ; 0.500        ; 1.242          ; High Pulse Width ; CLOCK_50 ; Rise       ; Lock_Controller:u_control|delay_timer[23]  ;
; -0.742 ; 0.500        ; 1.242          ; Low Pulse Width  ; CLOCK_50 ; Rise       ; Lock_Controller:u_control|delay_timer[23]  ;
; -0.742 ; 0.500        ; 1.242          ; High Pulse Width ; CLOCK_50 ; Rise       ; Lock_Controller:u_control|delay_timer[24]  ;
; -0.742 ; 0.500        ; 1.242          ; Low Pulse Width  ; CLOCK_50 ; Rise       ; Lock_Controller:u_control|delay_timer[24]  ;
; -0.742 ; 0.500        ; 1.242          ; High Pulse Width ; CLOCK_50 ; Rise       ; Lock_Controller:u_control|delay_timer[25]  ;
; -0.742 ; 0.500        ; 1.242          ; Low Pulse Width  ; CLOCK_50 ; Rise       ; Lock_Controller:u_control|delay_timer[25]  ;
; -0.742 ; 0.500        ; 1.242          ; High Pulse Width ; CLOCK_50 ; Rise       ; Lock_Controller:u_control|delay_timer[26]  ;
; -0.742 ; 0.500        ; 1.242          ; Low Pulse Width  ; CLOCK_50 ; Rise       ; Lock_Controller:u_control|delay_timer[26]  ;
; -0.742 ; 0.500        ; 1.242          ; High Pulse Width ; CLOCK_50 ; Rise       ; Lock_Controller:u_control|delay_timer[27]  ;
; -0.742 ; 0.500        ; 1.242          ; Low Pulse Width  ; CLOCK_50 ; Rise       ; Lock_Controller:u_control|delay_timer[27]  ;
; -0.742 ; 0.500        ; 1.242          ; High Pulse Width ; CLOCK_50 ; Rise       ; Lock_Controller:u_control|delay_timer[28]  ;
; -0.742 ; 0.500        ; 1.242          ; Low Pulse Width  ; CLOCK_50 ; Rise       ; Lock_Controller:u_control|delay_timer[28]  ;
; -0.742 ; 0.500        ; 1.242          ; High Pulse Width ; CLOCK_50 ; Rise       ; Lock_Controller:u_control|delay_timer[29]  ;
; -0.742 ; 0.500        ; 1.242          ; Low Pulse Width  ; CLOCK_50 ; Rise       ; Lock_Controller:u_control|delay_timer[29]  ;
; -0.742 ; 0.500        ; 1.242          ; High Pulse Width ; CLOCK_50 ; Rise       ; Lock_Controller:u_control|delay_timer[2]   ;
; -0.742 ; 0.500        ; 1.242          ; Low Pulse Width  ; CLOCK_50 ; Rise       ; Lock_Controller:u_control|delay_timer[2]   ;
; -0.742 ; 0.500        ; 1.242          ; High Pulse Width ; CLOCK_50 ; Rise       ; Lock_Controller:u_control|delay_timer[3]   ;
; -0.742 ; 0.500        ; 1.242          ; Low Pulse Width  ; CLOCK_50 ; Rise       ; Lock_Controller:u_control|delay_timer[3]   ;
; -0.742 ; 0.500        ; 1.242          ; High Pulse Width ; CLOCK_50 ; Rise       ; Lock_Controller:u_control|delay_timer[4]   ;
; -0.742 ; 0.500        ; 1.242          ; Low Pulse Width  ; CLOCK_50 ; Rise       ; Lock_Controller:u_control|delay_timer[4]   ;
; -0.742 ; 0.500        ; 1.242          ; High Pulse Width ; CLOCK_50 ; Rise       ; Lock_Controller:u_control|delay_timer[5]   ;
; -0.742 ; 0.500        ; 1.242          ; Low Pulse Width  ; CLOCK_50 ; Rise       ; Lock_Controller:u_control|delay_timer[5]   ;
; -0.742 ; 0.500        ; 1.242          ; High Pulse Width ; CLOCK_50 ; Rise       ; Lock_Controller:u_control|delay_timer[6]   ;
; -0.742 ; 0.500        ; 1.242          ; Low Pulse Width  ; CLOCK_50 ; Rise       ; Lock_Controller:u_control|delay_timer[6]   ;
; -0.742 ; 0.500        ; 1.242          ; High Pulse Width ; CLOCK_50 ; Rise       ; Lock_Controller:u_control|delay_timer[7]   ;
; -0.742 ; 0.500        ; 1.242          ; Low Pulse Width  ; CLOCK_50 ; Rise       ; Lock_Controller:u_control|delay_timer[7]   ;
; -0.742 ; 0.500        ; 1.242          ; High Pulse Width ; CLOCK_50 ; Rise       ; Lock_Controller:u_control|delay_timer[8]   ;
; -0.742 ; 0.500        ; 1.242          ; Low Pulse Width  ; CLOCK_50 ; Rise       ; Lock_Controller:u_control|delay_timer[8]   ;
; -0.742 ; 0.500        ; 1.242          ; High Pulse Width ; CLOCK_50 ; Rise       ; Lock_Controller:u_control|delay_timer[9]   ;
; -0.742 ; 0.500        ; 1.242          ; Low Pulse Width  ; CLOCK_50 ; Rise       ; Lock_Controller:u_control|delay_timer[9]   ;
; -0.742 ; 0.500        ; 1.242          ; High Pulse Width ; CLOCK_50 ; Rise       ; Lock_Controller:u_control|digit_count[0]   ;
; -0.742 ; 0.500        ; 1.242          ; Low Pulse Width  ; CLOCK_50 ; Rise       ; Lock_Controller:u_control|digit_count[0]   ;
; -0.742 ; 0.500        ; 1.242          ; High Pulse Width ; CLOCK_50 ; Rise       ; Lock_Controller:u_control|digit_count[1]   ;
; -0.742 ; 0.500        ; 1.242          ; Low Pulse Width  ; CLOCK_50 ; Rise       ; Lock_Controller:u_control|digit_count[1]   ;
; -0.742 ; 0.500        ; 1.242          ; High Pulse Width ; CLOCK_50 ; Rise       ; Lock_Controller:u_control|digit_count[2]   ;
; -0.742 ; 0.500        ; 1.242          ; Low Pulse Width  ; CLOCK_50 ; Rise       ; Lock_Controller:u_control|digit_count[2]   ;
; -0.742 ; 0.500        ; 1.242          ; High Pulse Width ; CLOCK_50 ; Rise       ; Lock_Controller:u_control|entered_pass[0]  ;
; -0.742 ; 0.500        ; 1.242          ; Low Pulse Width  ; CLOCK_50 ; Rise       ; Lock_Controller:u_control|entered_pass[0]  ;
; -0.742 ; 0.500        ; 1.242          ; High Pulse Width ; CLOCK_50 ; Rise       ; Lock_Controller:u_control|entered_pass[10] ;
; -0.742 ; 0.500        ; 1.242          ; Low Pulse Width  ; CLOCK_50 ; Rise       ; Lock_Controller:u_control|entered_pass[10] ;
; -0.742 ; 0.500        ; 1.242          ; High Pulse Width ; CLOCK_50 ; Rise       ; Lock_Controller:u_control|entered_pass[11] ;
; -0.742 ; 0.500        ; 1.242          ; Low Pulse Width  ; CLOCK_50 ; Rise       ; Lock_Controller:u_control|entered_pass[11] ;
; -0.742 ; 0.500        ; 1.242          ; High Pulse Width ; CLOCK_50 ; Rise       ; Lock_Controller:u_control|entered_pass[12] ;
; -0.742 ; 0.500        ; 1.242          ; Low Pulse Width  ; CLOCK_50 ; Rise       ; Lock_Controller:u_control|entered_pass[12] ;
; -0.742 ; 0.500        ; 1.242          ; High Pulse Width ; CLOCK_50 ; Rise       ; Lock_Controller:u_control|entered_pass[13] ;
; -0.742 ; 0.500        ; 1.242          ; Low Pulse Width  ; CLOCK_50 ; Rise       ; Lock_Controller:u_control|entered_pass[13] ;
; -0.742 ; 0.500        ; 1.242          ; High Pulse Width ; CLOCK_50 ; Rise       ; Lock_Controller:u_control|entered_pass[14] ;
; -0.742 ; 0.500        ; 1.242          ; Low Pulse Width  ; CLOCK_50 ; Rise       ; Lock_Controller:u_control|entered_pass[14] ;
; -0.742 ; 0.500        ; 1.242          ; High Pulse Width ; CLOCK_50 ; Rise       ; Lock_Controller:u_control|entered_pass[15] ;
; -0.742 ; 0.500        ; 1.242          ; Low Pulse Width  ; CLOCK_50 ; Rise       ; Lock_Controller:u_control|entered_pass[15] ;
; -0.742 ; 0.500        ; 1.242          ; High Pulse Width ; CLOCK_50 ; Rise       ; Lock_Controller:u_control|entered_pass[1]  ;
; -0.742 ; 0.500        ; 1.242          ; Low Pulse Width  ; CLOCK_50 ; Rise       ; Lock_Controller:u_control|entered_pass[1]  ;
; -0.742 ; 0.500        ; 1.242          ; High Pulse Width ; CLOCK_50 ; Rise       ; Lock_Controller:u_control|entered_pass[2]  ;
; -0.742 ; 0.500        ; 1.242          ; Low Pulse Width  ; CLOCK_50 ; Rise       ; Lock_Controller:u_control|entered_pass[2]  ;
; -0.742 ; 0.500        ; 1.242          ; High Pulse Width ; CLOCK_50 ; Rise       ; Lock_Controller:u_control|entered_pass[3]  ;
; -0.742 ; 0.500        ; 1.242          ; Low Pulse Width  ; CLOCK_50 ; Rise       ; Lock_Controller:u_control|entered_pass[3]  ;
; -0.742 ; 0.500        ; 1.242          ; High Pulse Width ; CLOCK_50 ; Rise       ; Lock_Controller:u_control|entered_pass[4]  ;
; -0.742 ; 0.500        ; 1.242          ; Low Pulse Width  ; CLOCK_50 ; Rise       ; Lock_Controller:u_control|entered_pass[4]  ;
; -0.742 ; 0.500        ; 1.242          ; High Pulse Width ; CLOCK_50 ; Rise       ; Lock_Controller:u_control|entered_pass[5]  ;
; -0.742 ; 0.500        ; 1.242          ; Low Pulse Width  ; CLOCK_50 ; Rise       ; Lock_Controller:u_control|entered_pass[5]  ;
; -0.742 ; 0.500        ; 1.242          ; High Pulse Width ; CLOCK_50 ; Rise       ; Lock_Controller:u_control|entered_pass[6]  ;
; -0.742 ; 0.500        ; 1.242          ; Low Pulse Width  ; CLOCK_50 ; Rise       ; Lock_Controller:u_control|entered_pass[6]  ;
; -0.742 ; 0.500        ; 1.242          ; High Pulse Width ; CLOCK_50 ; Rise       ; Lock_Controller:u_control|entered_pass[7]  ;
; -0.742 ; 0.500        ; 1.242          ; Low Pulse Width  ; CLOCK_50 ; Rise       ; Lock_Controller:u_control|entered_pass[7]  ;
; -0.742 ; 0.500        ; 1.242          ; High Pulse Width ; CLOCK_50 ; Rise       ; Lock_Controller:u_control|entered_pass[8]  ;
; -0.742 ; 0.500        ; 1.242          ; Low Pulse Width  ; CLOCK_50 ; Rise       ; Lock_Controller:u_control|entered_pass[8]  ;
; -0.742 ; 0.500        ; 1.242          ; High Pulse Width ; CLOCK_50 ; Rise       ; Lock_Controller:u_control|entered_pass[9]  ;
; -0.742 ; 0.500        ; 1.242          ; Low Pulse Width  ; CLOCK_50 ; Rise       ; Lock_Controller:u_control|entered_pass[9]  ;
; -0.742 ; 0.500        ; 1.242          ; High Pulse Width ; CLOCK_50 ; Rise       ; Lock_Controller:u_control|lcd_status[0]    ;
+--------+--------------+----------------+------------------+----------+------------+--------------------------------------------+


+--------------------------------------------------------------------------------------------------------------------------------------------------------------------------------------------+
; Slow Model Minimum Pulse Width: 'Top_LCD:u_lcd_display|LCD_Controller:u_lcd|clk_1k'                                                                                                        ;
+--------+--------------+----------------+------------------+---------------------------------------------------+------------+---------------------------------------------------------------+
; Slack  ; Actual Width ; Required Width ; Type             ; Clock                                             ; Clock Edge ; Target                                                        ;
+--------+--------------+----------------+------------------+---------------------------------------------------+------------+---------------------------------------------------------------+
; -0.742 ; 0.500        ; 1.242          ; High Pulse Width ; Top_LCD:u_lcd_display|LCD_Controller:u_lcd|clk_1k ; Rise       ; Top_LCD:u_lcd_display|LCD_Controller:u_lcd|LCD_DATA[0]        ;
; -0.742 ; 0.500        ; 1.242          ; Low Pulse Width  ; Top_LCD:u_lcd_display|LCD_Controller:u_lcd|clk_1k ; Rise       ; Top_LCD:u_lcd_display|LCD_Controller:u_lcd|LCD_DATA[0]        ;
; -0.742 ; 0.500        ; 1.242          ; High Pulse Width ; Top_LCD:u_lcd_display|LCD_Controller:u_lcd|clk_1k ; Rise       ; Top_LCD:u_lcd_display|LCD_Controller:u_lcd|LCD_DATA[1]        ;
; -0.742 ; 0.500        ; 1.242          ; Low Pulse Width  ; Top_LCD:u_lcd_display|LCD_Controller:u_lcd|clk_1k ; Rise       ; Top_LCD:u_lcd_display|LCD_Controller:u_lcd|LCD_DATA[1]        ;
; -0.742 ; 0.500        ; 1.242          ; High Pulse Width ; Top_LCD:u_lcd_display|LCD_Controller:u_lcd|clk_1k ; Rise       ; Top_LCD:u_lcd_display|LCD_Controller:u_lcd|LCD_DATA[2]        ;
; -0.742 ; 0.500        ; 1.242          ; Low Pulse Width  ; Top_LCD:u_lcd_display|LCD_Controller:u_lcd|clk_1k ; Rise       ; Top_LCD:u_lcd_display|LCD_Controller:u_lcd|LCD_DATA[2]        ;
; -0.742 ; 0.500        ; 1.242          ; High Pulse Width ; Top_LCD:u_lcd_display|LCD_Controller:u_lcd|clk_1k ; Rise       ; Top_LCD:u_lcd_display|LCD_Controller:u_lcd|LCD_DATA[3]        ;
; -0.742 ; 0.500        ; 1.242          ; Low Pulse Width  ; Top_LCD:u_lcd_display|LCD_Controller:u_lcd|clk_1k ; Rise       ; Top_LCD:u_lcd_display|LCD_Controller:u_lcd|LCD_DATA[3]        ;
; -0.742 ; 0.500        ; 1.242          ; High Pulse Width ; Top_LCD:u_lcd_display|LCD_Controller:u_lcd|clk_1k ; Rise       ; Top_LCD:u_lcd_display|LCD_Controller:u_lcd|LCD_DATA[4]        ;
; -0.742 ; 0.500        ; 1.242          ; Low Pulse Width  ; Top_LCD:u_lcd_display|LCD_Controller:u_lcd|clk_1k ; Rise       ; Top_LCD:u_lcd_display|LCD_Controller:u_lcd|LCD_DATA[4]        ;
; -0.742 ; 0.500        ; 1.242          ; High Pulse Width ; Top_LCD:u_lcd_display|LCD_Controller:u_lcd|clk_1k ; Rise       ; Top_LCD:u_lcd_display|LCD_Controller:u_lcd|LCD_DATA[5]        ;
; -0.742 ; 0.500        ; 1.242          ; Low Pulse Width  ; Top_LCD:u_lcd_display|LCD_Controller:u_lcd|clk_1k ; Rise       ; Top_LCD:u_lcd_display|LCD_Controller:u_lcd|LCD_DATA[5]        ;
; -0.742 ; 0.500        ; 1.242          ; High Pulse Width ; Top_LCD:u_lcd_display|LCD_Controller:u_lcd|clk_1k ; Rise       ; Top_LCD:u_lcd_display|LCD_Controller:u_lcd|LCD_DATA[6]        ;
; -0.742 ; 0.500        ; 1.242          ; Low Pulse Width  ; Top_LCD:u_lcd_display|LCD_Controller:u_lcd|clk_1k ; Rise       ; Top_LCD:u_lcd_display|LCD_Controller:u_lcd|LCD_DATA[6]        ;
; -0.742 ; 0.500        ; 1.242          ; High Pulse Width ; Top_LCD:u_lcd_display|LCD_Controller:u_lcd|clk_1k ; Rise       ; Top_LCD:u_lcd_display|LCD_Controller:u_lcd|LCD_DATA[7]        ;
; -0.742 ; 0.500        ; 1.242          ; Low Pulse Width  ; Top_LCD:u_lcd_display|LCD_Controller:u_lcd|clk_1k ; Rise       ; Top_LCD:u_lcd_display|LCD_Controller:u_lcd|LCD_DATA[7]        ;
; -0.742 ; 0.500        ; 1.242          ; High Pulse Width ; Top_LCD:u_lcd_display|LCD_Controller:u_lcd|clk_1k ; Rise       ; Top_LCD:u_lcd_display|LCD_Controller:u_lcd|LCD_EN             ;
; -0.742 ; 0.500        ; 1.242          ; Low Pulse Width  ; Top_LCD:u_lcd_display|LCD_Controller:u_lcd|clk_1k ; Rise       ; Top_LCD:u_lcd_display|LCD_Controller:u_lcd|LCD_EN             ;
; -0.742 ; 0.500        ; 1.242          ; High Pulse Width ; Top_LCD:u_lcd_display|LCD_Controller:u_lcd|clk_1k ; Rise       ; Top_LCD:u_lcd_display|LCD_Controller:u_lcd|LCD_RS             ;
; -0.742 ; 0.500        ; 1.242          ; Low Pulse Width  ; Top_LCD:u_lcd_display|LCD_Controller:u_lcd|clk_1k ; Rise       ; Top_LCD:u_lcd_display|LCD_Controller:u_lcd|LCD_RS             ;
; -0.742 ; 0.500        ; 1.242          ; High Pulse Width ; Top_LCD:u_lcd_display|LCD_Controller:u_lcd|clk_1k ; Rise       ; Top_LCD:u_lcd_display|LCD_Controller:u_lcd|count[0]           ;
; -0.742 ; 0.500        ; 1.242          ; Low Pulse Width  ; Top_LCD:u_lcd_display|LCD_Controller:u_lcd|clk_1k ; Rise       ; Top_LCD:u_lcd_display|LCD_Controller:u_lcd|count[0]           ;
; -0.742 ; 0.500        ; 1.242          ; High Pulse Width ; Top_LCD:u_lcd_display|LCD_Controller:u_lcd|clk_1k ; Rise       ; Top_LCD:u_lcd_display|LCD_Controller:u_lcd|count[1]           ;
; -0.742 ; 0.500        ; 1.242          ; Low Pulse Width  ; Top_LCD:u_lcd_display|LCD_Controller:u_lcd|clk_1k ; Rise       ; Top_LCD:u_lcd_display|LCD_Controller:u_lcd|count[1]           ;
; -0.742 ; 0.500        ; 1.242          ; High Pulse Width ; Top_LCD:u_lcd_display|LCD_Controller:u_lcd|clk_1k ; Rise       ; Top_LCD:u_lcd_display|LCD_Controller:u_lcd|count[2]           ;
; -0.742 ; 0.500        ; 1.242          ; Low Pulse Width  ; Top_LCD:u_lcd_display|LCD_Controller:u_lcd|clk_1k ; Rise       ; Top_LCD:u_lcd_display|LCD_Controller:u_lcd|count[2]           ;
; -0.742 ; 0.500        ; 1.242          ; High Pulse Width ; Top_LCD:u_lcd_display|LCD_Controller:u_lcd|clk_1k ; Rise       ; Top_LCD:u_lcd_display|LCD_Controller:u_lcd|oReady             ;
; -0.742 ; 0.500        ; 1.242          ; Low Pulse Width  ; Top_LCD:u_lcd_display|LCD_Controller:u_lcd|clk_1k ; Rise       ; Top_LCD:u_lcd_display|LCD_Controller:u_lcd|oReady             ;
; -0.742 ; 0.500        ; 1.242          ; High Pulse Width ; Top_LCD:u_lcd_display|LCD_Controller:u_lcd|clk_1k ; Rise       ; Top_LCD:u_lcd_display|LCD_Controller:u_lcd|state.IDLE         ;
; -0.742 ; 0.500        ; 1.242          ; Low Pulse Width  ; Top_LCD:u_lcd_display|LCD_Controller:u_lcd|clk_1k ; Rise       ; Top_LCD:u_lcd_display|LCD_Controller:u_lcd|state.IDLE         ;
; -0.742 ; 0.500        ; 1.242          ; High Pulse Width ; Top_LCD:u_lcd_display|LCD_Controller:u_lcd|clk_1k ; Rise       ; Top_LCD:u_lcd_display|LCD_Controller:u_lcd|state.INIT         ;
; -0.742 ; 0.500        ; 1.242          ; Low Pulse Width  ; Top_LCD:u_lcd_display|LCD_Controller:u_lcd|clk_1k ; Rise       ; Top_LCD:u_lcd_display|LCD_Controller:u_lcd|state.INIT         ;
; -0.742 ; 0.500        ; 1.242          ; High Pulse Width ; Top_LCD:u_lcd_display|LCD_Controller:u_lcd|clk_1k ; Rise       ; Top_LCD:u_lcd_display|LCD_Controller:u_lcd|state.INIT_HOLD    ;
; -0.742 ; 0.500        ; 1.242          ; Low Pulse Width  ; Top_LCD:u_lcd_display|LCD_Controller:u_lcd|clk_1k ; Rise       ; Top_LCD:u_lcd_display|LCD_Controller:u_lcd|state.INIT_HOLD    ;
; -0.742 ; 0.500        ; 1.242          ; High Pulse Width ; Top_LCD:u_lcd_display|LCD_Controller:u_lcd|clk_1k ; Rise       ; Top_LCD:u_lcd_display|LCD_Controller:u_lcd|state.SEND         ;
; -0.742 ; 0.500        ; 1.242          ; Low Pulse Width  ; Top_LCD:u_lcd_display|LCD_Controller:u_lcd|clk_1k ; Rise       ; Top_LCD:u_lcd_display|LCD_Controller:u_lcd|state.SEND         ;
; -0.742 ; 0.500        ; 1.242          ; High Pulse Width ; Top_LCD:u_lcd_display|LCD_Controller:u_lcd|clk_1k ; Rise       ; Top_LCD:u_lcd_display|LCD_Controller:u_lcd|state.SEND_HOLD    ;
; -0.742 ; 0.500        ; 1.242          ; Low Pulse Width  ; Top_LCD:u_lcd_display|LCD_Controller:u_lcd|clk_1k ; Rise       ; Top_LCD:u_lcd_display|LCD_Controller:u_lcd|state.SEND_HOLD    ;
; -0.742 ; 0.500        ; 1.242          ; High Pulse Width ; Top_LCD:u_lcd_display|LCD_Controller:u_lcd|clk_1k ; Rise       ; Top_LCD:u_lcd_display|LCD_Controller:u_lcd|state.SET_POS      ;
; -0.742 ; 0.500        ; 1.242          ; Low Pulse Width  ; Top_LCD:u_lcd_display|LCD_Controller:u_lcd|clk_1k ; Rise       ; Top_LCD:u_lcd_display|LCD_Controller:u_lcd|state.SET_POS      ;
; -0.742 ; 0.500        ; 1.242          ; High Pulse Width ; Top_LCD:u_lcd_display|LCD_Controller:u_lcd|clk_1k ; Rise       ; Top_LCD:u_lcd_display|LCD_Controller:u_lcd|state.SET_POS_HOLD ;
; -0.742 ; 0.500        ; 1.242          ; Low Pulse Width  ; Top_LCD:u_lcd_display|LCD_Controller:u_lcd|clk_1k ; Rise       ; Top_LCD:u_lcd_display|LCD_Controller:u_lcd|state.SET_POS_HOLD ;
; 0.500  ; 0.500        ; 0.000          ; High Pulse Width ; Top_LCD:u_lcd_display|LCD_Controller:u_lcd|clk_1k ; Rise       ; u_lcd_display|u_lcd|LCD_DATA[0]|clk                           ;
; 0.500  ; 0.500        ; 0.000          ; Low Pulse Width  ; Top_LCD:u_lcd_display|LCD_Controller:u_lcd|clk_1k ; Rise       ; u_lcd_display|u_lcd|LCD_DATA[0]|clk                           ;
; 0.500  ; 0.500        ; 0.000          ; High Pulse Width ; Top_LCD:u_lcd_display|LCD_Controller:u_lcd|clk_1k ; Rise       ; u_lcd_display|u_lcd|LCD_DATA[1]|clk                           ;
; 0.500  ; 0.500        ; 0.000          ; Low Pulse Width  ; Top_LCD:u_lcd_display|LCD_Controller:u_lcd|clk_1k ; Rise       ; u_lcd_display|u_lcd|LCD_DATA[1]|clk                           ;
; 0.500  ; 0.500        ; 0.000          ; High Pulse Width ; Top_LCD:u_lcd_display|LCD_Controller:u_lcd|clk_1k ; Rise       ; u_lcd_display|u_lcd|LCD_DATA[2]|clk                           ;
; 0.500  ; 0.500        ; 0.000          ; Low Pulse Width  ; Top_LCD:u_lcd_display|LCD_Controller:u_lcd|clk_1k ; Rise       ; u_lcd_display|u_lcd|LCD_DATA[2]|clk                           ;
; 0.500  ; 0.500        ; 0.000          ; High Pulse Width ; Top_LCD:u_lcd_display|LCD_Controller:u_lcd|clk_1k ; Rise       ; u_lcd_display|u_lcd|LCD_DATA[3]|clk                           ;
; 0.500  ; 0.500        ; 0.000          ; Low Pulse Width  ; Top_LCD:u_lcd_display|LCD_Controller:u_lcd|clk_1k ; Rise       ; u_lcd_display|u_lcd|LCD_DATA[3]|clk                           ;
; 0.500  ; 0.500        ; 0.000          ; High Pulse Width ; Top_LCD:u_lcd_display|LCD_Controller:u_lcd|clk_1k ; Rise       ; u_lcd_display|u_lcd|LCD_DATA[4]|clk                           ;
; 0.500  ; 0.500        ; 0.000          ; Low Pulse Width  ; Top_LCD:u_lcd_display|LCD_Controller:u_lcd|clk_1k ; Rise       ; u_lcd_display|u_lcd|LCD_DATA[4]|clk                           ;
; 0.500  ; 0.500        ; 0.000          ; High Pulse Width ; Top_LCD:u_lcd_display|LCD_Controller:u_lcd|clk_1k ; Rise       ; u_lcd_display|u_lcd|LCD_DATA[5]|clk                           ;
; 0.500  ; 0.500        ; 0.000          ; Low Pulse Width  ; Top_LCD:u_lcd_display|LCD_Controller:u_lcd|clk_1k ; Rise       ; u_lcd_display|u_lcd|LCD_DATA[5]|clk                           ;
; 0.500  ; 0.500        ; 0.000          ; High Pulse Width ; Top_LCD:u_lcd_display|LCD_Controller:u_lcd|clk_1k ; Rise       ; u_lcd_display|u_lcd|LCD_DATA[6]|clk                           ;
; 0.500  ; 0.500        ; 0.000          ; Low Pulse Width  ; Top_LCD:u_lcd_display|LCD_Controller:u_lcd|clk_1k ; Rise       ; u_lcd_display|u_lcd|LCD_DATA[6]|clk                           ;
; 0.500  ; 0.500        ; 0.000          ; High Pulse Width ; Top_LCD:u_lcd_display|LCD_Controller:u_lcd|clk_1k ; Rise       ; u_lcd_display|u_lcd|LCD_DATA[7]|clk                           ;
; 0.500  ; 0.500        ; 0.000          ; Low Pulse Width  ; Top_LCD:u_lcd_display|LCD_Controller:u_lcd|clk_1k ; Rise       ; u_lcd_display|u_lcd|LCD_DATA[7]|clk                           ;
; 0.500  ; 0.500        ; 0.000          ; High Pulse Width ; Top_LCD:u_lcd_display|LCD_Controller:u_lcd|clk_1k ; Rise       ; u_lcd_display|u_lcd|LCD_EN|clk                                ;
; 0.500  ; 0.500        ; 0.000          ; Low Pulse Width  ; Top_LCD:u_lcd_display|LCD_Controller:u_lcd|clk_1k ; Rise       ; u_lcd_display|u_lcd|LCD_EN|clk                                ;
; 0.500  ; 0.500        ; 0.000          ; High Pulse Width ; Top_LCD:u_lcd_display|LCD_Controller:u_lcd|clk_1k ; Rise       ; u_lcd_display|u_lcd|LCD_RS|clk                                ;
; 0.500  ; 0.500        ; 0.000          ; Low Pulse Width  ; Top_LCD:u_lcd_display|LCD_Controller:u_lcd|clk_1k ; Rise       ; u_lcd_display|u_lcd|LCD_RS|clk                                ;
; 0.500  ; 0.500        ; 0.000          ; High Pulse Width ; Top_LCD:u_lcd_display|LCD_Controller:u_lcd|clk_1k ; Rise       ; u_lcd_display|u_lcd|clk_1k|regout                             ;
; 0.500  ; 0.500        ; 0.000          ; Low Pulse Width  ; Top_LCD:u_lcd_display|LCD_Controller:u_lcd|clk_1k ; Rise       ; u_lcd_display|u_lcd|clk_1k|regout                             ;
; 0.500  ; 0.500        ; 0.000          ; High Pulse Width ; Top_LCD:u_lcd_display|LCD_Controller:u_lcd|clk_1k ; Rise       ; u_lcd_display|u_lcd|clk_1k~clkctrl|inclk[0]                   ;
; 0.500  ; 0.500        ; 0.000          ; Low Pulse Width  ; Top_LCD:u_lcd_display|LCD_Controller:u_lcd|clk_1k ; Rise       ; u_lcd_display|u_lcd|clk_1k~clkctrl|inclk[0]                   ;
; 0.500  ; 0.500        ; 0.000          ; High Pulse Width ; Top_LCD:u_lcd_display|LCD_Controller:u_lcd|clk_1k ; Rise       ; u_lcd_display|u_lcd|clk_1k~clkctrl|outclk                     ;
; 0.500  ; 0.500        ; 0.000          ; Low Pulse Width  ; Top_LCD:u_lcd_display|LCD_Controller:u_lcd|clk_1k ; Rise       ; u_lcd_display|u_lcd|clk_1k~clkctrl|outclk                     ;
; 0.500  ; 0.500        ; 0.000          ; High Pulse Width ; Top_LCD:u_lcd_display|LCD_Controller:u_lcd|clk_1k ; Rise       ; u_lcd_display|u_lcd|count[0]|clk                              ;
; 0.500  ; 0.500        ; 0.000          ; Low Pulse Width  ; Top_LCD:u_lcd_display|LCD_Controller:u_lcd|clk_1k ; Rise       ; u_lcd_display|u_lcd|count[0]|clk                              ;
; 0.500  ; 0.500        ; 0.000          ; High Pulse Width ; Top_LCD:u_lcd_display|LCD_Controller:u_lcd|clk_1k ; Rise       ; u_lcd_display|u_lcd|count[1]|clk                              ;
; 0.500  ; 0.500        ; 0.000          ; Low Pulse Width  ; Top_LCD:u_lcd_display|LCD_Controller:u_lcd|clk_1k ; Rise       ; u_lcd_display|u_lcd|count[1]|clk                              ;
; 0.500  ; 0.500        ; 0.000          ; High Pulse Width ; Top_LCD:u_lcd_display|LCD_Controller:u_lcd|clk_1k ; Rise       ; u_lcd_display|u_lcd|count[2]|clk                              ;
; 0.500  ; 0.500        ; 0.000          ; Low Pulse Width  ; Top_LCD:u_lcd_display|LCD_Controller:u_lcd|clk_1k ; Rise       ; u_lcd_display|u_lcd|count[2]|clk                              ;
; 0.500  ; 0.500        ; 0.000          ; High Pulse Width ; Top_LCD:u_lcd_display|LCD_Controller:u_lcd|clk_1k ; Rise       ; u_lcd_display|u_lcd|oReady|clk                                ;
; 0.500  ; 0.500        ; 0.000          ; Low Pulse Width  ; Top_LCD:u_lcd_display|LCD_Controller:u_lcd|clk_1k ; Rise       ; u_lcd_display|u_lcd|oReady|clk                                ;
; 0.500  ; 0.500        ; 0.000          ; High Pulse Width ; Top_LCD:u_lcd_display|LCD_Controller:u_lcd|clk_1k ; Rise       ; u_lcd_display|u_lcd|state.IDLE|clk                            ;
; 0.500  ; 0.500        ; 0.000          ; Low Pulse Width  ; Top_LCD:u_lcd_display|LCD_Controller:u_lcd|clk_1k ; Rise       ; u_lcd_display|u_lcd|state.IDLE|clk                            ;
; 0.500  ; 0.500        ; 0.000          ; High Pulse Width ; Top_LCD:u_lcd_display|LCD_Controller:u_lcd|clk_1k ; Rise       ; u_lcd_display|u_lcd|state.INIT_HOLD|clk                       ;
; 0.500  ; 0.500        ; 0.000          ; Low Pulse Width  ; Top_LCD:u_lcd_display|LCD_Controller:u_lcd|clk_1k ; Rise       ; u_lcd_display|u_lcd|state.INIT_HOLD|clk                       ;
; 0.500  ; 0.500        ; 0.000          ; High Pulse Width ; Top_LCD:u_lcd_display|LCD_Controller:u_lcd|clk_1k ; Rise       ; u_lcd_display|u_lcd|state.INIT|clk                            ;
; 0.500  ; 0.500        ; 0.000          ; Low Pulse Width  ; Top_LCD:u_lcd_display|LCD_Controller:u_lcd|clk_1k ; Rise       ; u_lcd_display|u_lcd|state.INIT|clk                            ;
; 0.500  ; 0.500        ; 0.000          ; High Pulse Width ; Top_LCD:u_lcd_display|LCD_Controller:u_lcd|clk_1k ; Rise       ; u_lcd_display|u_lcd|state.SEND_HOLD|clk                       ;
; 0.500  ; 0.500        ; 0.000          ; Low Pulse Width  ; Top_LCD:u_lcd_display|LCD_Controller:u_lcd|clk_1k ; Rise       ; u_lcd_display|u_lcd|state.SEND_HOLD|clk                       ;
; 0.500  ; 0.500        ; 0.000          ; High Pulse Width ; Top_LCD:u_lcd_display|LCD_Controller:u_lcd|clk_1k ; Rise       ; u_lcd_display|u_lcd|state.SEND|clk                            ;
; 0.500  ; 0.500        ; 0.000          ; Low Pulse Width  ; Top_LCD:u_lcd_display|LCD_Controller:u_lcd|clk_1k ; Rise       ; u_lcd_display|u_lcd|state.SEND|clk                            ;
; 0.500  ; 0.500        ; 0.000          ; High Pulse Width ; Top_LCD:u_lcd_display|LCD_Controller:u_lcd|clk_1k ; Rise       ; u_lcd_display|u_lcd|state.SET_POS_HOLD|clk                    ;
; 0.500  ; 0.500        ; 0.000          ; Low Pulse Width  ; Top_LCD:u_lcd_display|LCD_Controller:u_lcd|clk_1k ; Rise       ; u_lcd_display|u_lcd|state.SET_POS_HOLD|clk                    ;
; 0.500  ; 0.500        ; 0.000          ; High Pulse Width ; Top_LCD:u_lcd_display|LCD_Controller:u_lcd|clk_1k ; Rise       ; u_lcd_display|u_lcd|state.SET_POS|clk                         ;
; 0.500  ; 0.500        ; 0.000          ; Low Pulse Width  ; Top_LCD:u_lcd_display|LCD_Controller:u_lcd|clk_1k ; Rise       ; u_lcd_display|u_lcd|state.SET_POS|clk                         ;
+--------+--------------+----------------+------------------+---------------------------------------------------+------------+---------------------------------------------------------------+


+-----------------------------------------------------------------------------------------------------------------------------------------------+
; Slow Model Minimum Pulse Width: 'clk_divider:u_clk_div|clk_out'                                                                               ;
+--------+--------------+----------------+------------------+-------------------------------+------------+--------------------------------------+
; Slack  ; Actual Width ; Required Width ; Type             ; Clock                         ; Clock Edge ; Target                               ;
+--------+--------------+----------------+------------------+-------------------------------+------------+--------------------------------------+
; -0.742 ; 0.500        ; 1.242          ; High Pulse Width ; clk_divider:u_clk_div|clk_out ; Rise       ; keypad_scanner:u_scanner|data_out[0] ;
; -0.742 ; 0.500        ; 1.242          ; Low Pulse Width  ; clk_divider:u_clk_div|clk_out ; Rise       ; keypad_scanner:u_scanner|data_out[0] ;
; -0.742 ; 0.500        ; 1.242          ; High Pulse Width ; clk_divider:u_clk_div|clk_out ; Rise       ; keypad_scanner:u_scanner|data_out[1] ;
; -0.742 ; 0.500        ; 1.242          ; Low Pulse Width  ; clk_divider:u_clk_div|clk_out ; Rise       ; keypad_scanner:u_scanner|data_out[1] ;
; -0.742 ; 0.500        ; 1.242          ; High Pulse Width ; clk_divider:u_clk_div|clk_out ; Rise       ; keypad_scanner:u_scanner|data_out[2] ;
; -0.742 ; 0.500        ; 1.242          ; Low Pulse Width  ; clk_divider:u_clk_div|clk_out ; Rise       ; keypad_scanner:u_scanner|data_out[2] ;
; -0.742 ; 0.500        ; 1.242          ; High Pulse Width ; clk_divider:u_clk_div|clk_out ; Rise       ; keypad_scanner:u_scanner|data_out[3] ;
; -0.742 ; 0.500        ; 1.242          ; Low Pulse Width  ; clk_divider:u_clk_div|clk_out ; Rise       ; keypad_scanner:u_scanner|data_out[3] ;
; -0.742 ; 0.500        ; 1.242          ; High Pulse Width ; clk_divider:u_clk_div|clk_out ; Rise       ; keypad_scanner:u_scanner|row[0]      ;
; -0.742 ; 0.500        ; 1.242          ; Low Pulse Width  ; clk_divider:u_clk_div|clk_out ; Rise       ; keypad_scanner:u_scanner|row[0]      ;
; -0.742 ; 0.500        ; 1.242          ; High Pulse Width ; clk_divider:u_clk_div|clk_out ; Rise       ; keypad_scanner:u_scanner|row[1]      ;
; -0.742 ; 0.500        ; 1.242          ; Low Pulse Width  ; clk_divider:u_clk_div|clk_out ; Rise       ; keypad_scanner:u_scanner|row[1]      ;
; -0.742 ; 0.500        ; 1.242          ; High Pulse Width ; clk_divider:u_clk_div|clk_out ; Rise       ; keypad_scanner:u_scanner|row[2]      ;
; -0.742 ; 0.500        ; 1.242          ; Low Pulse Width  ; clk_divider:u_clk_div|clk_out ; Rise       ; keypad_scanner:u_scanner|row[2]      ;
; -0.742 ; 0.500        ; 1.242          ; High Pulse Width ; clk_divider:u_clk_div|clk_out ; Rise       ; keypad_scanner:u_scanner|row[3]      ;
; -0.742 ; 0.500        ; 1.242          ; Low Pulse Width  ; clk_divider:u_clk_div|clk_out ; Rise       ; keypad_scanner:u_scanner|row[3]      ;
; -0.742 ; 0.500        ; 1.242          ; High Pulse Width ; clk_divider:u_clk_div|clk_out ; Rise       ; keypad_scanner:u_scanner|state.00    ;
; -0.742 ; 0.500        ; 1.242          ; Low Pulse Width  ; clk_divider:u_clk_div|clk_out ; Rise       ; keypad_scanner:u_scanner|state.00    ;
; -0.742 ; 0.500        ; 1.242          ; High Pulse Width ; clk_divider:u_clk_div|clk_out ; Rise       ; keypad_scanner:u_scanner|state.01    ;
; -0.742 ; 0.500        ; 1.242          ; Low Pulse Width  ; clk_divider:u_clk_div|clk_out ; Rise       ; keypad_scanner:u_scanner|state.01    ;
; -0.742 ; 0.500        ; 1.242          ; High Pulse Width ; clk_divider:u_clk_div|clk_out ; Rise       ; keypad_scanner:u_scanner|state.10    ;
; -0.742 ; 0.500        ; 1.242          ; Low Pulse Width  ; clk_divider:u_clk_div|clk_out ; Rise       ; keypad_scanner:u_scanner|state.10    ;
; -0.742 ; 0.500        ; 1.242          ; High Pulse Width ; clk_divider:u_clk_div|clk_out ; Rise       ; keypad_scanner:u_scanner|state.11    ;
; -0.742 ; 0.500        ; 1.242          ; Low Pulse Width  ; clk_divider:u_clk_div|clk_out ; Rise       ; keypad_scanner:u_scanner|state.11    ;
; -0.742 ; 0.500        ; 1.242          ; High Pulse Width ; clk_divider:u_clk_div|clk_out ; Rise       ; keypad_scanner:u_scanner|valid       ;
; -0.742 ; 0.500        ; 1.242          ; Low Pulse Width  ; clk_divider:u_clk_div|clk_out ; Rise       ; keypad_scanner:u_scanner|valid       ;
; 0.500  ; 0.500        ; 0.000          ; High Pulse Width ; clk_divider:u_clk_div|clk_out ; Rise       ; u_clk_div|clk_out|regout             ;
; 0.500  ; 0.500        ; 0.000          ; Low Pulse Width  ; clk_divider:u_clk_div|clk_out ; Rise       ; u_clk_div|clk_out|regout             ;
; 0.500  ; 0.500        ; 0.000          ; High Pulse Width ; clk_divider:u_clk_div|clk_out ; Rise       ; u_clk_div|clk_out~clkctrl|inclk[0]   ;
; 0.500  ; 0.500        ; 0.000          ; Low Pulse Width  ; clk_divider:u_clk_div|clk_out ; Rise       ; u_clk_div|clk_out~clkctrl|inclk[0]   ;
; 0.500  ; 0.500        ; 0.000          ; High Pulse Width ; clk_divider:u_clk_div|clk_out ; Rise       ; u_clk_div|clk_out~clkctrl|outclk     ;
; 0.500  ; 0.500        ; 0.000          ; Low Pulse Width  ; clk_divider:u_clk_div|clk_out ; Rise       ; u_clk_div|clk_out~clkctrl|outclk     ;
; 0.500  ; 0.500        ; 0.000          ; High Pulse Width ; clk_divider:u_clk_div|clk_out ; Rise       ; u_scanner|data_out[0]|clk            ;
; 0.500  ; 0.500        ; 0.000          ; Low Pulse Width  ; clk_divider:u_clk_div|clk_out ; Rise       ; u_scanner|data_out[0]|clk            ;
; 0.500  ; 0.500        ; 0.000          ; High Pulse Width ; clk_divider:u_clk_div|clk_out ; Rise       ; u_scanner|data_out[1]|clk            ;
; 0.500  ; 0.500        ; 0.000          ; Low Pulse Width  ; clk_divider:u_clk_div|clk_out ; Rise       ; u_scanner|data_out[1]|clk            ;
; 0.500  ; 0.500        ; 0.000          ; High Pulse Width ; clk_divider:u_clk_div|clk_out ; Rise       ; u_scanner|data_out[2]|clk            ;
; 0.500  ; 0.500        ; 0.000          ; Low Pulse Width  ; clk_divider:u_clk_div|clk_out ; Rise       ; u_scanner|data_out[2]|clk            ;
; 0.500  ; 0.500        ; 0.000          ; High Pulse Width ; clk_divider:u_clk_div|clk_out ; Rise       ; u_scanner|data_out[3]|clk            ;
; 0.500  ; 0.500        ; 0.000          ; Low Pulse Width  ; clk_divider:u_clk_div|clk_out ; Rise       ; u_scanner|data_out[3]|clk            ;
; 0.500  ; 0.500        ; 0.000          ; High Pulse Width ; clk_divider:u_clk_div|clk_out ; Rise       ; u_scanner|row[0]|clk                 ;
; 0.500  ; 0.500        ; 0.000          ; Low Pulse Width  ; clk_divider:u_clk_div|clk_out ; Rise       ; u_scanner|row[0]|clk                 ;
; 0.500  ; 0.500        ; 0.000          ; High Pulse Width ; clk_divider:u_clk_div|clk_out ; Rise       ; u_scanner|row[1]|clk                 ;
; 0.500  ; 0.500        ; 0.000          ; Low Pulse Width  ; clk_divider:u_clk_div|clk_out ; Rise       ; u_scanner|row[1]|clk                 ;
; 0.500  ; 0.500        ; 0.000          ; High Pulse Width ; clk_divider:u_clk_div|clk_out ; Rise       ; u_scanner|row[2]|clk                 ;
; 0.500  ; 0.500        ; 0.000          ; Low Pulse Width  ; clk_divider:u_clk_div|clk_out ; Rise       ; u_scanner|row[2]|clk                 ;
; 0.500  ; 0.500        ; 0.000          ; High Pulse Width ; clk_divider:u_clk_div|clk_out ; Rise       ; u_scanner|row[3]|clk                 ;
; 0.500  ; 0.500        ; 0.000          ; Low Pulse Width  ; clk_divider:u_clk_div|clk_out ; Rise       ; u_scanner|row[3]|clk                 ;
; 0.500  ; 0.500        ; 0.000          ; High Pulse Width ; clk_divider:u_clk_div|clk_out ; Rise       ; u_scanner|state.00|clk               ;
; 0.500  ; 0.500        ; 0.000          ; Low Pulse Width  ; clk_divider:u_clk_div|clk_out ; Rise       ; u_scanner|state.00|clk               ;
; 0.500  ; 0.500        ; 0.000          ; High Pulse Width ; clk_divider:u_clk_div|clk_out ; Rise       ; u_scanner|state.01|clk               ;
; 0.500  ; 0.500        ; 0.000          ; Low Pulse Width  ; clk_divider:u_clk_div|clk_out ; Rise       ; u_scanner|state.01|clk               ;
; 0.500  ; 0.500        ; 0.000          ; High Pulse Width ; clk_divider:u_clk_div|clk_out ; Rise       ; u_scanner|state.10|clk               ;
; 0.500  ; 0.500        ; 0.000          ; Low Pulse Width  ; clk_divider:u_clk_div|clk_out ; Rise       ; u_scanner|state.10|clk               ;
; 0.500  ; 0.500        ; 0.000          ; High Pulse Width ; clk_divider:u_clk_div|clk_out ; Rise       ; u_scanner|state.11|clk               ;
; 0.500  ; 0.500        ; 0.000          ; Low Pulse Width  ; clk_divider:u_clk_div|clk_out ; Rise       ; u_scanner|state.11|clk               ;
; 0.500  ; 0.500        ; 0.000          ; High Pulse Width ; clk_divider:u_clk_div|clk_out ; Rise       ; u_scanner|valid|clk                  ;
; 0.500  ; 0.500        ; 0.000          ; Low Pulse Width  ; clk_divider:u_clk_div|clk_out ; Rise       ; u_scanner|valid|clk                  ;
+--------+--------------+----------------+------------------+-------------------------------+------------+--------------------------------------+


+--------------------------------------------------------------------------------------------------------------------------------------------------+
; Setup Times                                                                                                                                      ;
+-----------+---------------------------------------------------+--------+--------+------------+---------------------------------------------------+
; Data Port ; Clock Port                                        ; Rise   ; Fall   ; Clock Edge ; Clock Reference                                   ;
+-----------+---------------------------------------------------+--------+--------+------------+---------------------------------------------------+
; KEY[*]    ; CLOCK_50                                          ; 4.999  ; 4.999  ; Rise       ; CLOCK_50                                          ;
;  KEY[0]   ; CLOCK_50                                          ; 4.999  ; 4.999  ; Rise       ; CLOCK_50                                          ;
; KEY[*]    ; Top_LCD:u_lcd_display|LCD_Controller:u_lcd|clk_1k ; 2.798  ; 2.798  ; Rise       ; Top_LCD:u_lcd_display|LCD_Controller:u_lcd|clk_1k ;
;  KEY[0]   ; Top_LCD:u_lcd_display|LCD_Controller:u_lcd|clk_1k ; 2.798  ; 2.798  ; Rise       ; Top_LCD:u_lcd_display|LCD_Controller:u_lcd|clk_1k ;
; COL[*]    ; clk_divider:u_clk_div|clk_out                     ; 10.135 ; 10.135 ; Rise       ; clk_divider:u_clk_div|clk_out                     ;
;  COL[0]   ; clk_divider:u_clk_div|clk_out                     ; 9.759  ; 9.759  ; Rise       ; clk_divider:u_clk_div|clk_out                     ;
;  COL[1]   ; clk_divider:u_clk_div|clk_out                     ; 9.579  ; 9.579  ; Rise       ; clk_divider:u_clk_div|clk_out                     ;
;  COL[2]   ; clk_divider:u_clk_div|clk_out                     ; 9.324  ; 9.324  ; Rise       ; clk_divider:u_clk_div|clk_out                     ;
;  COL[3]   ; clk_divider:u_clk_div|clk_out                     ; 10.135 ; 10.135 ; Rise       ; clk_divider:u_clk_div|clk_out                     ;
+-----------+---------------------------------------------------+--------+--------+------------+---------------------------------------------------+


+--------------------------------------------------------------------------------------------------------------------------------------------------+
; Hold Times                                                                                                                                       ;
+-----------+---------------------------------------------------+--------+--------+------------+---------------------------------------------------+
; Data Port ; Clock Port                                        ; Rise   ; Fall   ; Clock Edge ; Clock Reference                                   ;
+-----------+---------------------------------------------------+--------+--------+------------+---------------------------------------------------+
; KEY[*]    ; CLOCK_50                                          ; -1.598 ; -1.598 ; Rise       ; CLOCK_50                                          ;
;  KEY[0]   ; CLOCK_50                                          ; -1.598 ; -1.598 ; Rise       ; CLOCK_50                                          ;
; KEY[*]    ; Top_LCD:u_lcd_display|LCD_Controller:u_lcd|clk_1k ; -1.256 ; -1.256 ; Rise       ; Top_LCD:u_lcd_display|LCD_Controller:u_lcd|clk_1k ;
;  KEY[0]   ; Top_LCD:u_lcd_display|LCD_Controller:u_lcd|clk_1k ; -1.256 ; -1.256 ; Rise       ; Top_LCD:u_lcd_display|LCD_Controller:u_lcd|clk_1k ;
; COL[*]    ; clk_divider:u_clk_div|clk_out                     ; -5.292 ; -5.292 ; Rise       ; clk_divider:u_clk_div|clk_out                     ;
;  COL[0]   ; clk_divider:u_clk_div|clk_out                     ; -5.292 ; -5.292 ; Rise       ; clk_divider:u_clk_div|clk_out                     ;
;  COL[1]   ; clk_divider:u_clk_div|clk_out                     ; -5.745 ; -5.745 ; Rise       ; clk_divider:u_clk_div|clk_out                     ;
;  COL[2]   ; clk_divider:u_clk_div|clk_out                     ; -5.490 ; -5.490 ; Rise       ; clk_divider:u_clk_div|clk_out                     ;
;  COL[3]   ; clk_divider:u_clk_div|clk_out                     ; -6.106 ; -6.106 ; Rise       ; clk_divider:u_clk_div|clk_out                     ;
+-----------+---------------------------------------------------+--------+--------+------------+---------------------------------------------------+


+-----------------------------------------------------------------------------------------------------------------------------------------------------+
; Clock to Output Times                                                                                                                               ;
+--------------+---------------------------------------------------+--------+--------+------------+---------------------------------------------------+
; Data Port    ; Clock Port                                        ; Rise   ; Fall   ; Clock Edge ; Clock Reference                                   ;
+--------------+---------------------------------------------------+--------+--------+------------+---------------------------------------------------+
; LCD_DATA[*]  ; Top_LCD:u_lcd_display|LCD_Controller:u_lcd|clk_1k ; 12.784 ; 12.784 ; Rise       ; Top_LCD:u_lcd_display|LCD_Controller:u_lcd|clk_1k ;
;  LCD_DATA[0] ; Top_LCD:u_lcd_display|LCD_Controller:u_lcd|clk_1k ; 11.431 ; 11.431 ; Rise       ; Top_LCD:u_lcd_display|LCD_Controller:u_lcd|clk_1k ;
;  LCD_DATA[1] ; Top_LCD:u_lcd_display|LCD_Controller:u_lcd|clk_1k ; 12.120 ; 12.120 ; Rise       ; Top_LCD:u_lcd_display|LCD_Controller:u_lcd|clk_1k ;
;  LCD_DATA[2] ; Top_LCD:u_lcd_display|LCD_Controller:u_lcd|clk_1k ; 12.784 ; 12.784 ; Rise       ; Top_LCD:u_lcd_display|LCD_Controller:u_lcd|clk_1k ;
;  LCD_DATA[3] ; Top_LCD:u_lcd_display|LCD_Controller:u_lcd|clk_1k ; 10.933 ; 10.933 ; Rise       ; Top_LCD:u_lcd_display|LCD_Controller:u_lcd|clk_1k ;
;  LCD_DATA[4] ; Top_LCD:u_lcd_display|LCD_Controller:u_lcd|clk_1k ; 10.842 ; 10.842 ; Rise       ; Top_LCD:u_lcd_display|LCD_Controller:u_lcd|clk_1k ;
;  LCD_DATA[5] ; Top_LCD:u_lcd_display|LCD_Controller:u_lcd|clk_1k ; 12.010 ; 12.010 ; Rise       ; Top_LCD:u_lcd_display|LCD_Controller:u_lcd|clk_1k ;
;  LCD_DATA[6] ; Top_LCD:u_lcd_display|LCD_Controller:u_lcd|clk_1k ; 10.887 ; 10.887 ; Rise       ; Top_LCD:u_lcd_display|LCD_Controller:u_lcd|clk_1k ;
;  LCD_DATA[7] ; Top_LCD:u_lcd_display|LCD_Controller:u_lcd|clk_1k ; 10.057 ; 10.057 ; Rise       ; Top_LCD:u_lcd_display|LCD_Controller:u_lcd|clk_1k ;
; LCD_EN       ; Top_LCD:u_lcd_display|LCD_Controller:u_lcd|clk_1k ; 11.221 ; 11.221 ; Rise       ; Top_LCD:u_lcd_display|LCD_Controller:u_lcd|clk_1k ;
; LCD_RS       ; Top_LCD:u_lcd_display|LCD_Controller:u_lcd|clk_1k ; 10.162 ; 10.162 ; Rise       ; Top_LCD:u_lcd_display|LCD_Controller:u_lcd|clk_1k ;
; ROW[*]       ; clk_divider:u_clk_div|clk_out                     ; 10.592 ; 10.592 ; Rise       ; clk_divider:u_clk_div|clk_out                     ;
;  ROW[0]      ; clk_divider:u_clk_div|clk_out                     ; 10.512 ; 10.512 ; Rise       ; clk_divider:u_clk_div|clk_out                     ;
;  ROW[1]      ; clk_divider:u_clk_div|clk_out                     ; 10.538 ; 10.538 ; Rise       ; clk_divider:u_clk_div|clk_out                     ;
;  ROW[2]      ; clk_divider:u_clk_div|clk_out                     ; 10.592 ; 10.592 ; Rise       ; clk_divider:u_clk_div|clk_out                     ;
;  ROW[3]      ; clk_divider:u_clk_div|clk_out                     ; 9.370  ; 9.370  ; Rise       ; clk_divider:u_clk_div|clk_out                     ;
+--------------+---------------------------------------------------+--------+--------+------------+---------------------------------------------------+


+-----------------------------------------------------------------------------------------------------------------------------------------------------+
; Minimum Clock to Output Times                                                                                                                       ;
+--------------+---------------------------------------------------+--------+--------+------------+---------------------------------------------------+
; Data Port    ; Clock Port                                        ; Rise   ; Fall   ; Clock Edge ; Clock Reference                                   ;
+--------------+---------------------------------------------------+--------+--------+------------+---------------------------------------------------+
; LCD_DATA[*]  ; Top_LCD:u_lcd_display|LCD_Controller:u_lcd|clk_1k ; 10.057 ; 10.057 ; Rise       ; Top_LCD:u_lcd_display|LCD_Controller:u_lcd|clk_1k ;
;  LCD_DATA[0] ; Top_LCD:u_lcd_display|LCD_Controller:u_lcd|clk_1k ; 11.431 ; 11.431 ; Rise       ; Top_LCD:u_lcd_display|LCD_Controller:u_lcd|clk_1k ;
;  LCD_DATA[1] ; Top_LCD:u_lcd_display|LCD_Controller:u_lcd|clk_1k ; 12.120 ; 12.120 ; Rise       ; Top_LCD:u_lcd_display|LCD_Controller:u_lcd|clk_1k ;
;  LCD_DATA[2] ; Top_LCD:u_lcd_display|LCD_Controller:u_lcd|clk_1k ; 12.784 ; 12.784 ; Rise       ; Top_LCD:u_lcd_display|LCD_Controller:u_lcd|clk_1k ;
;  LCD_DATA[3] ; Top_LCD:u_lcd_display|LCD_Controller:u_lcd|clk_1k ; 10.933 ; 10.933 ; Rise       ; Top_LCD:u_lcd_display|LCD_Controller:u_lcd|clk_1k ;
;  LCD_DATA[4] ; Top_LCD:u_lcd_display|LCD_Controller:u_lcd|clk_1k ; 10.842 ; 10.842 ; Rise       ; Top_LCD:u_lcd_display|LCD_Controller:u_lcd|clk_1k ;
;  LCD_DATA[5] ; Top_LCD:u_lcd_display|LCD_Controller:u_lcd|clk_1k ; 12.010 ; 12.010 ; Rise       ; Top_LCD:u_lcd_display|LCD_Controller:u_lcd|clk_1k ;
;  LCD_DATA[6] ; Top_LCD:u_lcd_display|LCD_Controller:u_lcd|clk_1k ; 10.887 ; 10.887 ; Rise       ; Top_LCD:u_lcd_display|LCD_Controller:u_lcd|clk_1k ;
;  LCD_DATA[7] ; Top_LCD:u_lcd_display|LCD_Controller:u_lcd|clk_1k ; 10.057 ; 10.057 ; Rise       ; Top_LCD:u_lcd_display|LCD_Controller:u_lcd|clk_1k ;
; LCD_EN       ; Top_LCD:u_lcd_display|LCD_Controller:u_lcd|clk_1k ; 11.221 ; 11.221 ; Rise       ; Top_LCD:u_lcd_display|LCD_Controller:u_lcd|clk_1k ;
; LCD_RS       ; Top_LCD:u_lcd_display|LCD_Controller:u_lcd|clk_1k ; 10.162 ; 10.162 ; Rise       ; Top_LCD:u_lcd_display|LCD_Controller:u_lcd|clk_1k ;
; ROW[*]       ; clk_divider:u_clk_div|clk_out                     ; 9.370  ; 9.370  ; Rise       ; clk_divider:u_clk_div|clk_out                     ;
;  ROW[0]      ; clk_divider:u_clk_div|clk_out                     ; 10.512 ; 10.512 ; Rise       ; clk_divider:u_clk_div|clk_out                     ;
;  ROW[1]      ; clk_divider:u_clk_div|clk_out                     ; 10.538 ; 10.538 ; Rise       ; clk_divider:u_clk_div|clk_out                     ;
;  ROW[2]      ; clk_divider:u_clk_div|clk_out                     ; 10.592 ; 10.592 ; Rise       ; clk_divider:u_clk_div|clk_out                     ;
;  ROW[3]      ; clk_divider:u_clk_div|clk_out                     ; 9.370  ; 9.370  ; Rise       ; clk_divider:u_clk_div|clk_out                     ;
+--------------+---------------------------------------------------+--------+--------+------------+---------------------------------------------------+


+----------------------------------------------------------------------------+
; Fast Model Setup Summary                                                   ;
+---------------------------------------------------+--------+---------------+
; Clock                                             ; Slack  ; End Point TNS ;
+---------------------------------------------------+--------+---------------+
; CLOCK_50                                          ; -1.492 ; -129.329      ;
; clk_divider:u_clk_div|clk_out                     ; -0.223 ; -0.632        ;
; Top_LCD:u_lcd_display|LCD_Controller:u_lcd|clk_1k ; -0.021 ; -0.126        ;
+---------------------------------------------------+--------+---------------+


+----------------------------------------------------------------------------+
; Fast Model Hold Summary                                                    ;
+---------------------------------------------------+--------+---------------+
; Clock                                             ; Slack  ; End Point TNS ;
+---------------------------------------------------+--------+---------------+
; CLOCK_50                                          ; -1.597 ; -3.160        ;
; Top_LCD:u_lcd_display|LCD_Controller:u_lcd|clk_1k ; 0.056  ; 0.000         ;
; clk_divider:u_clk_div|clk_out                     ; 0.215  ; 0.000         ;
+---------------------------------------------------+--------+---------------+


-------------------------------
; Fast Model Recovery Summary ;
-------------------------------
No paths to report.


------------------------------
; Fast Model Removal Summary ;
------------------------------
No paths to report.


+----------------------------------------------------------------------------+
; Fast Model Minimum Pulse Width Summary                                     ;
+---------------------------------------------------+--------+---------------+
; Clock                                             ; Slack  ; End Point TNS ;
+---------------------------------------------------+--------+---------------+
; CLOCK_50                                          ; -1.380 ; -175.380      ;
; Top_LCD:u_lcd_display|LCD_Controller:u_lcd|clk_1k ; -0.500 ; -21.000       ;
; clk_divider:u_clk_div|clk_out                     ; -0.500 ; -13.000       ;
+---------------------------------------------------+--------+---------------+


+----------------------------------------------------------------------------------------------------------------------------------------------------------------------+
; Fast Model Setup: 'CLOCK_50'                                                                                                                                         ;
+--------+-------------------------------------------+-------------------------------------------+--------------+-------------+--------------+------------+------------+
; Slack  ; From Node                                 ; To Node                                   ; Launch Clock ; Latch Clock ; Relationship ; Clock Skew ; Data Delay ;
+--------+-------------------------------------------+-------------------------------------------+--------------+-------------+--------------+------------+------------+
; -1.492 ; Lock_Controller:u_control|delay_timer[8]  ; Lock_Controller:u_control|lcd_status[1]   ; CLOCK_50     ; CLOCK_50    ; 1.000        ; -0.022     ; 2.502      ;
; -1.492 ; Lock_Controller:u_control|delay_timer[8]  ; Lock_Controller:u_control|lcd_status[2]   ; CLOCK_50     ; CLOCK_50    ; 1.000        ; -0.022     ; 2.502      ;
; -1.492 ; Lock_Controller:u_control|delay_timer[8]  ; Lock_Controller:u_control|lcd_status[0]   ; CLOCK_50     ; CLOCK_50    ; 1.000        ; -0.022     ; 2.502      ;
; -1.484 ; Lock_Controller:u_control|delay_timer[8]  ; Lock_Controller:u_control|delay_timer[15] ; CLOCK_50     ; CLOCK_50    ; 1.000        ; 0.005      ; 2.521      ;
; -1.484 ; Lock_Controller:u_control|delay_timer[8]  ; Lock_Controller:u_control|delay_timer[16] ; CLOCK_50     ; CLOCK_50    ; 1.000        ; 0.005      ; 2.521      ;
; -1.484 ; Lock_Controller:u_control|delay_timer[8]  ; Lock_Controller:u_control|delay_timer[17] ; CLOCK_50     ; CLOCK_50    ; 1.000        ; 0.005      ; 2.521      ;
; -1.484 ; Lock_Controller:u_control|delay_timer[8]  ; Lock_Controller:u_control|delay_timer[18] ; CLOCK_50     ; CLOCK_50    ; 1.000        ; 0.005      ; 2.521      ;
; -1.484 ; Lock_Controller:u_control|delay_timer[8]  ; Lock_Controller:u_control|delay_timer[19] ; CLOCK_50     ; CLOCK_50    ; 1.000        ; 0.005      ; 2.521      ;
; -1.484 ; Lock_Controller:u_control|delay_timer[8]  ; Lock_Controller:u_control|delay_timer[20] ; CLOCK_50     ; CLOCK_50    ; 1.000        ; 0.005      ; 2.521      ;
; -1.484 ; Lock_Controller:u_control|delay_timer[8]  ; Lock_Controller:u_control|delay_timer[21] ; CLOCK_50     ; CLOCK_50    ; 1.000        ; 0.005      ; 2.521      ;
; -1.484 ; Lock_Controller:u_control|delay_timer[8]  ; Lock_Controller:u_control|delay_timer[22] ; CLOCK_50     ; CLOCK_50    ; 1.000        ; 0.005      ; 2.521      ;
; -1.484 ; Lock_Controller:u_control|delay_timer[8]  ; Lock_Controller:u_control|delay_timer[23] ; CLOCK_50     ; CLOCK_50    ; 1.000        ; 0.005      ; 2.521      ;
; -1.484 ; Lock_Controller:u_control|delay_timer[8]  ; Lock_Controller:u_control|delay_timer[24] ; CLOCK_50     ; CLOCK_50    ; 1.000        ; 0.005      ; 2.521      ;
; -1.484 ; Lock_Controller:u_control|delay_timer[8]  ; Lock_Controller:u_control|delay_timer[25] ; CLOCK_50     ; CLOCK_50    ; 1.000        ; 0.005      ; 2.521      ;
; -1.484 ; Lock_Controller:u_control|delay_timer[8]  ; Lock_Controller:u_control|delay_timer[26] ; CLOCK_50     ; CLOCK_50    ; 1.000        ; 0.005      ; 2.521      ;
; -1.484 ; Lock_Controller:u_control|delay_timer[8]  ; Lock_Controller:u_control|delay_timer[27] ; CLOCK_50     ; CLOCK_50    ; 1.000        ; 0.005      ; 2.521      ;
; -1.484 ; Lock_Controller:u_control|delay_timer[8]  ; Lock_Controller:u_control|delay_timer[28] ; CLOCK_50     ; CLOCK_50    ; 1.000        ; 0.005      ; 2.521      ;
; -1.484 ; Lock_Controller:u_control|delay_timer[8]  ; Lock_Controller:u_control|delay_timer[29] ; CLOCK_50     ; CLOCK_50    ; 1.000        ; 0.005      ; 2.521      ;
; -1.483 ; Lock_Controller:u_control|delay_timer[18] ; Lock_Controller:u_control|lcd_status[1]   ; CLOCK_50     ; CLOCK_50    ; 1.000        ; -0.027     ; 2.488      ;
; -1.483 ; Lock_Controller:u_control|delay_timer[18] ; Lock_Controller:u_control|lcd_status[2]   ; CLOCK_50     ; CLOCK_50    ; 1.000        ; -0.027     ; 2.488      ;
; -1.483 ; Lock_Controller:u_control|delay_timer[18] ; Lock_Controller:u_control|lcd_status[0]   ; CLOCK_50     ; CLOCK_50    ; 1.000        ; -0.027     ; 2.488      ;
; -1.477 ; Lock_Controller:u_control|delay_timer[8]  ; Lock_Controller:u_control|delay_timer[0]  ; CLOCK_50     ; CLOCK_50    ; 1.000        ; 0.000      ; 2.509      ;
; -1.477 ; Lock_Controller:u_control|delay_timer[8]  ; Lock_Controller:u_control|delay_timer[1]  ; CLOCK_50     ; CLOCK_50    ; 1.000        ; 0.000      ; 2.509      ;
; -1.477 ; Lock_Controller:u_control|delay_timer[8]  ; Lock_Controller:u_control|delay_timer[2]  ; CLOCK_50     ; CLOCK_50    ; 1.000        ; 0.000      ; 2.509      ;
; -1.477 ; Lock_Controller:u_control|delay_timer[8]  ; Lock_Controller:u_control|delay_timer[3]  ; CLOCK_50     ; CLOCK_50    ; 1.000        ; 0.000      ; 2.509      ;
; -1.477 ; Lock_Controller:u_control|delay_timer[8]  ; Lock_Controller:u_control|delay_timer[4]  ; CLOCK_50     ; CLOCK_50    ; 1.000        ; 0.000      ; 2.509      ;
; -1.477 ; Lock_Controller:u_control|delay_timer[8]  ; Lock_Controller:u_control|delay_timer[5]  ; CLOCK_50     ; CLOCK_50    ; 1.000        ; 0.000      ; 2.509      ;
; -1.477 ; Lock_Controller:u_control|delay_timer[8]  ; Lock_Controller:u_control|delay_timer[6]  ; CLOCK_50     ; CLOCK_50    ; 1.000        ; 0.000      ; 2.509      ;
; -1.477 ; Lock_Controller:u_control|delay_timer[8]  ; Lock_Controller:u_control|delay_timer[7]  ; CLOCK_50     ; CLOCK_50    ; 1.000        ; 0.000      ; 2.509      ;
; -1.477 ; Lock_Controller:u_control|delay_timer[8]  ; Lock_Controller:u_control|delay_timer[8]  ; CLOCK_50     ; CLOCK_50    ; 1.000        ; 0.000      ; 2.509      ;
; -1.477 ; Lock_Controller:u_control|delay_timer[8]  ; Lock_Controller:u_control|delay_timer[9]  ; CLOCK_50     ; CLOCK_50    ; 1.000        ; 0.000      ; 2.509      ;
; -1.477 ; Lock_Controller:u_control|delay_timer[8]  ; Lock_Controller:u_control|delay_timer[10] ; CLOCK_50     ; CLOCK_50    ; 1.000        ; 0.000      ; 2.509      ;
; -1.477 ; Lock_Controller:u_control|delay_timer[8]  ; Lock_Controller:u_control|delay_timer[11] ; CLOCK_50     ; CLOCK_50    ; 1.000        ; 0.000      ; 2.509      ;
; -1.477 ; Lock_Controller:u_control|delay_timer[8]  ; Lock_Controller:u_control|delay_timer[12] ; CLOCK_50     ; CLOCK_50    ; 1.000        ; 0.000      ; 2.509      ;
; -1.477 ; Lock_Controller:u_control|delay_timer[8]  ; Lock_Controller:u_control|delay_timer[13] ; CLOCK_50     ; CLOCK_50    ; 1.000        ; 0.000      ; 2.509      ;
; -1.477 ; Lock_Controller:u_control|delay_timer[8]  ; Lock_Controller:u_control|delay_timer[14] ; CLOCK_50     ; CLOCK_50    ; 1.000        ; 0.000      ; 2.509      ;
; -1.475 ; Lock_Controller:u_control|delay_timer[18] ; Lock_Controller:u_control|delay_timer[15] ; CLOCK_50     ; CLOCK_50    ; 1.000        ; 0.000      ; 2.507      ;
; -1.475 ; Lock_Controller:u_control|delay_timer[18] ; Lock_Controller:u_control|delay_timer[16] ; CLOCK_50     ; CLOCK_50    ; 1.000        ; 0.000      ; 2.507      ;
; -1.475 ; Lock_Controller:u_control|delay_timer[18] ; Lock_Controller:u_control|delay_timer[17] ; CLOCK_50     ; CLOCK_50    ; 1.000        ; 0.000      ; 2.507      ;
; -1.475 ; Lock_Controller:u_control|delay_timer[18] ; Lock_Controller:u_control|delay_timer[18] ; CLOCK_50     ; CLOCK_50    ; 1.000        ; 0.000      ; 2.507      ;
; -1.475 ; Lock_Controller:u_control|delay_timer[18] ; Lock_Controller:u_control|delay_timer[19] ; CLOCK_50     ; CLOCK_50    ; 1.000        ; 0.000      ; 2.507      ;
; -1.475 ; Lock_Controller:u_control|delay_timer[18] ; Lock_Controller:u_control|delay_timer[20] ; CLOCK_50     ; CLOCK_50    ; 1.000        ; 0.000      ; 2.507      ;
; -1.475 ; Lock_Controller:u_control|delay_timer[18] ; Lock_Controller:u_control|delay_timer[21] ; CLOCK_50     ; CLOCK_50    ; 1.000        ; 0.000      ; 2.507      ;
; -1.475 ; Lock_Controller:u_control|delay_timer[18] ; Lock_Controller:u_control|delay_timer[22] ; CLOCK_50     ; CLOCK_50    ; 1.000        ; 0.000      ; 2.507      ;
; -1.475 ; Lock_Controller:u_control|delay_timer[18] ; Lock_Controller:u_control|delay_timer[23] ; CLOCK_50     ; CLOCK_50    ; 1.000        ; 0.000      ; 2.507      ;
; -1.475 ; Lock_Controller:u_control|delay_timer[18] ; Lock_Controller:u_control|delay_timer[24] ; CLOCK_50     ; CLOCK_50    ; 1.000        ; 0.000      ; 2.507      ;
; -1.475 ; Lock_Controller:u_control|delay_timer[18] ; Lock_Controller:u_control|delay_timer[25] ; CLOCK_50     ; CLOCK_50    ; 1.000        ; 0.000      ; 2.507      ;
; -1.475 ; Lock_Controller:u_control|delay_timer[18] ; Lock_Controller:u_control|delay_timer[26] ; CLOCK_50     ; CLOCK_50    ; 1.000        ; 0.000      ; 2.507      ;
; -1.475 ; Lock_Controller:u_control|delay_timer[18] ; Lock_Controller:u_control|delay_timer[27] ; CLOCK_50     ; CLOCK_50    ; 1.000        ; 0.000      ; 2.507      ;
; -1.475 ; Lock_Controller:u_control|delay_timer[18] ; Lock_Controller:u_control|delay_timer[28] ; CLOCK_50     ; CLOCK_50    ; 1.000        ; 0.000      ; 2.507      ;
; -1.475 ; Lock_Controller:u_control|delay_timer[18] ; Lock_Controller:u_control|delay_timer[29] ; CLOCK_50     ; CLOCK_50    ; 1.000        ; 0.000      ; 2.507      ;
; -1.470 ; Lock_Controller:u_control|delay_timer[9]  ; Lock_Controller:u_control|lcd_status[1]   ; CLOCK_50     ; CLOCK_50    ; 1.000        ; -0.022     ; 2.480      ;
; -1.470 ; Lock_Controller:u_control|delay_timer[9]  ; Lock_Controller:u_control|lcd_status[2]   ; CLOCK_50     ; CLOCK_50    ; 1.000        ; -0.022     ; 2.480      ;
; -1.470 ; Lock_Controller:u_control|delay_timer[9]  ; Lock_Controller:u_control|lcd_status[0]   ; CLOCK_50     ; CLOCK_50    ; 1.000        ; -0.022     ; 2.480      ;
; -1.470 ; Lock_Controller:u_control|delay_timer[17] ; Lock_Controller:u_control|lcd_status[1]   ; CLOCK_50     ; CLOCK_50    ; 1.000        ; -0.027     ; 2.475      ;
; -1.470 ; Lock_Controller:u_control|delay_timer[17] ; Lock_Controller:u_control|lcd_status[2]   ; CLOCK_50     ; CLOCK_50    ; 1.000        ; -0.027     ; 2.475      ;
; -1.470 ; Lock_Controller:u_control|delay_timer[17] ; Lock_Controller:u_control|lcd_status[0]   ; CLOCK_50     ; CLOCK_50    ; 1.000        ; -0.027     ; 2.475      ;
; -1.468 ; Lock_Controller:u_control|delay_timer[18] ; Lock_Controller:u_control|delay_timer[0]  ; CLOCK_50     ; CLOCK_50    ; 1.000        ; -0.005     ; 2.495      ;
; -1.468 ; Lock_Controller:u_control|delay_timer[18] ; Lock_Controller:u_control|delay_timer[1]  ; CLOCK_50     ; CLOCK_50    ; 1.000        ; -0.005     ; 2.495      ;
; -1.468 ; Lock_Controller:u_control|delay_timer[18] ; Lock_Controller:u_control|delay_timer[2]  ; CLOCK_50     ; CLOCK_50    ; 1.000        ; -0.005     ; 2.495      ;
; -1.468 ; Lock_Controller:u_control|delay_timer[18] ; Lock_Controller:u_control|delay_timer[3]  ; CLOCK_50     ; CLOCK_50    ; 1.000        ; -0.005     ; 2.495      ;
; -1.468 ; Lock_Controller:u_control|delay_timer[18] ; Lock_Controller:u_control|delay_timer[4]  ; CLOCK_50     ; CLOCK_50    ; 1.000        ; -0.005     ; 2.495      ;
; -1.468 ; Lock_Controller:u_control|delay_timer[18] ; Lock_Controller:u_control|delay_timer[5]  ; CLOCK_50     ; CLOCK_50    ; 1.000        ; -0.005     ; 2.495      ;
; -1.468 ; Lock_Controller:u_control|delay_timer[18] ; Lock_Controller:u_control|delay_timer[6]  ; CLOCK_50     ; CLOCK_50    ; 1.000        ; -0.005     ; 2.495      ;
; -1.468 ; Lock_Controller:u_control|delay_timer[18] ; Lock_Controller:u_control|delay_timer[7]  ; CLOCK_50     ; CLOCK_50    ; 1.000        ; -0.005     ; 2.495      ;
; -1.468 ; Lock_Controller:u_control|delay_timer[18] ; Lock_Controller:u_control|delay_timer[8]  ; CLOCK_50     ; CLOCK_50    ; 1.000        ; -0.005     ; 2.495      ;
; -1.468 ; Lock_Controller:u_control|delay_timer[18] ; Lock_Controller:u_control|delay_timer[9]  ; CLOCK_50     ; CLOCK_50    ; 1.000        ; -0.005     ; 2.495      ;
; -1.468 ; Lock_Controller:u_control|delay_timer[18] ; Lock_Controller:u_control|delay_timer[10] ; CLOCK_50     ; CLOCK_50    ; 1.000        ; -0.005     ; 2.495      ;
; -1.468 ; Lock_Controller:u_control|delay_timer[18] ; Lock_Controller:u_control|delay_timer[11] ; CLOCK_50     ; CLOCK_50    ; 1.000        ; -0.005     ; 2.495      ;
; -1.468 ; Lock_Controller:u_control|delay_timer[18] ; Lock_Controller:u_control|delay_timer[12] ; CLOCK_50     ; CLOCK_50    ; 1.000        ; -0.005     ; 2.495      ;
; -1.468 ; Lock_Controller:u_control|delay_timer[18] ; Lock_Controller:u_control|delay_timer[13] ; CLOCK_50     ; CLOCK_50    ; 1.000        ; -0.005     ; 2.495      ;
; -1.468 ; Lock_Controller:u_control|delay_timer[18] ; Lock_Controller:u_control|delay_timer[14] ; CLOCK_50     ; CLOCK_50    ; 1.000        ; -0.005     ; 2.495      ;
; -1.465 ; Lock_Controller:u_control|delay_timer[14] ; Lock_Controller:u_control|lcd_status[1]   ; CLOCK_50     ; CLOCK_50    ; 1.000        ; -0.022     ; 2.475      ;
; -1.465 ; Lock_Controller:u_control|delay_timer[14] ; Lock_Controller:u_control|lcd_status[2]   ; CLOCK_50     ; CLOCK_50    ; 1.000        ; -0.022     ; 2.475      ;
; -1.465 ; Lock_Controller:u_control|delay_timer[14] ; Lock_Controller:u_control|lcd_status[0]   ; CLOCK_50     ; CLOCK_50    ; 1.000        ; -0.022     ; 2.475      ;
; -1.462 ; Lock_Controller:u_control|delay_timer[9]  ; Lock_Controller:u_control|delay_timer[15] ; CLOCK_50     ; CLOCK_50    ; 1.000        ; 0.005      ; 2.499      ;
; -1.462 ; Lock_Controller:u_control|delay_timer[9]  ; Lock_Controller:u_control|delay_timer[16] ; CLOCK_50     ; CLOCK_50    ; 1.000        ; 0.005      ; 2.499      ;
; -1.462 ; Lock_Controller:u_control|delay_timer[9]  ; Lock_Controller:u_control|delay_timer[17] ; CLOCK_50     ; CLOCK_50    ; 1.000        ; 0.005      ; 2.499      ;
; -1.462 ; Lock_Controller:u_control|delay_timer[9]  ; Lock_Controller:u_control|delay_timer[18] ; CLOCK_50     ; CLOCK_50    ; 1.000        ; 0.005      ; 2.499      ;
; -1.462 ; Lock_Controller:u_control|delay_timer[9]  ; Lock_Controller:u_control|delay_timer[19] ; CLOCK_50     ; CLOCK_50    ; 1.000        ; 0.005      ; 2.499      ;
; -1.462 ; Lock_Controller:u_control|delay_timer[9]  ; Lock_Controller:u_control|delay_timer[20] ; CLOCK_50     ; CLOCK_50    ; 1.000        ; 0.005      ; 2.499      ;
; -1.462 ; Lock_Controller:u_control|delay_timer[9]  ; Lock_Controller:u_control|delay_timer[21] ; CLOCK_50     ; CLOCK_50    ; 1.000        ; 0.005      ; 2.499      ;
; -1.462 ; Lock_Controller:u_control|delay_timer[9]  ; Lock_Controller:u_control|delay_timer[22] ; CLOCK_50     ; CLOCK_50    ; 1.000        ; 0.005      ; 2.499      ;
; -1.462 ; Lock_Controller:u_control|delay_timer[9]  ; Lock_Controller:u_control|delay_timer[23] ; CLOCK_50     ; CLOCK_50    ; 1.000        ; 0.005      ; 2.499      ;
; -1.462 ; Lock_Controller:u_control|delay_timer[9]  ; Lock_Controller:u_control|delay_timer[24] ; CLOCK_50     ; CLOCK_50    ; 1.000        ; 0.005      ; 2.499      ;
; -1.462 ; Lock_Controller:u_control|delay_timer[9]  ; Lock_Controller:u_control|delay_timer[25] ; CLOCK_50     ; CLOCK_50    ; 1.000        ; 0.005      ; 2.499      ;
; -1.462 ; Lock_Controller:u_control|delay_timer[9]  ; Lock_Controller:u_control|delay_timer[26] ; CLOCK_50     ; CLOCK_50    ; 1.000        ; 0.005      ; 2.499      ;
; -1.462 ; Lock_Controller:u_control|delay_timer[9]  ; Lock_Controller:u_control|delay_timer[27] ; CLOCK_50     ; CLOCK_50    ; 1.000        ; 0.005      ; 2.499      ;
; -1.462 ; Lock_Controller:u_control|delay_timer[9]  ; Lock_Controller:u_control|delay_timer[28] ; CLOCK_50     ; CLOCK_50    ; 1.000        ; 0.005      ; 2.499      ;
; -1.462 ; Lock_Controller:u_control|delay_timer[9]  ; Lock_Controller:u_control|delay_timer[29] ; CLOCK_50     ; CLOCK_50    ; 1.000        ; 0.005      ; 2.499      ;
; -1.462 ; Lock_Controller:u_control|delay_timer[17] ; Lock_Controller:u_control|delay_timer[15] ; CLOCK_50     ; CLOCK_50    ; 1.000        ; 0.000      ; 2.494      ;
; -1.462 ; Lock_Controller:u_control|delay_timer[17] ; Lock_Controller:u_control|delay_timer[16] ; CLOCK_50     ; CLOCK_50    ; 1.000        ; 0.000      ; 2.494      ;
; -1.462 ; Lock_Controller:u_control|delay_timer[17] ; Lock_Controller:u_control|delay_timer[17] ; CLOCK_50     ; CLOCK_50    ; 1.000        ; 0.000      ; 2.494      ;
; -1.462 ; Lock_Controller:u_control|delay_timer[17] ; Lock_Controller:u_control|delay_timer[18] ; CLOCK_50     ; CLOCK_50    ; 1.000        ; 0.000      ; 2.494      ;
; -1.462 ; Lock_Controller:u_control|delay_timer[17] ; Lock_Controller:u_control|delay_timer[19] ; CLOCK_50     ; CLOCK_50    ; 1.000        ; 0.000      ; 2.494      ;
; -1.462 ; Lock_Controller:u_control|delay_timer[17] ; Lock_Controller:u_control|delay_timer[20] ; CLOCK_50     ; CLOCK_50    ; 1.000        ; 0.000      ; 2.494      ;
; -1.462 ; Lock_Controller:u_control|delay_timer[17] ; Lock_Controller:u_control|delay_timer[21] ; CLOCK_50     ; CLOCK_50    ; 1.000        ; 0.000      ; 2.494      ;
; -1.462 ; Lock_Controller:u_control|delay_timer[17] ; Lock_Controller:u_control|delay_timer[22] ; CLOCK_50     ; CLOCK_50    ; 1.000        ; 0.000      ; 2.494      ;
; -1.462 ; Lock_Controller:u_control|delay_timer[17] ; Lock_Controller:u_control|delay_timer[23] ; CLOCK_50     ; CLOCK_50    ; 1.000        ; 0.000      ; 2.494      ;
; -1.462 ; Lock_Controller:u_control|delay_timer[17] ; Lock_Controller:u_control|delay_timer[24] ; CLOCK_50     ; CLOCK_50    ; 1.000        ; 0.000      ; 2.494      ;
+--------+-------------------------------------------+-------------------------------------------+--------------+-------------+--------------+------------+------------+


+-----------------------------------------------------------------------------------------------------------------------------------------------------------------------------------------------+
; Fast Model Setup: 'clk_divider:u_clk_div|clk_out'                                                                                                                                             ;
+--------+--------------------------------------+--------------------------------------+-------------------------------+-------------------------------+--------------+------------+------------+
; Slack  ; From Node                            ; To Node                              ; Launch Clock                  ; Latch Clock                   ; Relationship ; Clock Skew ; Data Delay ;
+--------+--------------------------------------+--------------------------------------+-------------------------------+-------------------------------+--------------+------------+------------+
; -0.223 ; keypad_scanner:u_scanner|state.11    ; keypad_scanner:u_scanner|data_out[3] ; clk_divider:u_clk_div|clk_out ; clk_divider:u_clk_div|clk_out ; 1.000        ; 0.000      ; 1.255      ;
; -0.214 ; keypad_scanner:u_scanner|state.01    ; keypad_scanner:u_scanner|data_out[3] ; clk_divider:u_clk_div|clk_out ; clk_divider:u_clk_div|clk_out ; 1.000        ; 0.000      ; 1.246      ;
; -0.207 ; keypad_scanner:u_scanner|state.01    ; keypad_scanner:u_scanner|data_out[2] ; clk_divider:u_clk_div|clk_out ; clk_divider:u_clk_div|clk_out ; 1.000        ; 0.025      ; 1.264      ;
; -0.202 ; keypad_scanner:u_scanner|state.10    ; keypad_scanner:u_scanner|data_out[1] ; clk_divider:u_clk_div|clk_out ; clk_divider:u_clk_div|clk_out ; 1.000        ; 0.025      ; 1.259      ;
; -0.150 ; keypad_scanner:u_scanner|state.10    ; keypad_scanner:u_scanner|data_out[3] ; clk_divider:u_clk_div|clk_out ; clk_divider:u_clk_div|clk_out ; 1.000        ; 0.000      ; 1.182      ;
; -0.150 ; keypad_scanner:u_scanner|state.11    ; keypad_scanner:u_scanner|data_out[2] ; clk_divider:u_clk_div|clk_out ; clk_divider:u_clk_div|clk_out ; 1.000        ; 0.025      ; 1.207      ;
; -0.149 ; keypad_scanner:u_scanner|state.01    ; keypad_scanner:u_scanner|data_out[1] ; clk_divider:u_clk_div|clk_out ; clk_divider:u_clk_div|clk_out ; 1.000        ; 0.025      ; 1.206      ;
; -0.128 ; keypad_scanner:u_scanner|state.00    ; keypad_scanner:u_scanner|data_out[2] ; clk_divider:u_clk_div|clk_out ; clk_divider:u_clk_div|clk_out ; 1.000        ; 0.000      ; 1.160      ;
; -0.112 ; keypad_scanner:u_scanner|state.10    ; keypad_scanner:u_scanner|data_out[2] ; clk_divider:u_clk_div|clk_out ; clk_divider:u_clk_div|clk_out ; 1.000        ; 0.025      ; 1.169      ;
; -0.066 ; keypad_scanner:u_scanner|state.11    ; keypad_scanner:u_scanner|data_out[1] ; clk_divider:u_clk_div|clk_out ; clk_divider:u_clk_div|clk_out ; 1.000        ; 0.025      ; 1.123      ;
; -0.032 ; keypad_scanner:u_scanner|state.00    ; keypad_scanner:u_scanner|data_out[1] ; clk_divider:u_clk_div|clk_out ; clk_divider:u_clk_div|clk_out ; 1.000        ; 0.000      ; 1.064      ;
; 0.071  ; keypad_scanner:u_scanner|data_out[0] ; keypad_scanner:u_scanner|data_out[0] ; clk_divider:u_clk_div|clk_out ; clk_divider:u_clk_div|clk_out ; 1.000        ; 0.000      ; 0.961      ;
; 0.090  ; keypad_scanner:u_scanner|state.01    ; keypad_scanner:u_scanner|data_out[0] ; clk_divider:u_clk_div|clk_out ; clk_divider:u_clk_div|clk_out ; 1.000        ; 0.002      ; 0.944      ;
; 0.095  ; keypad_scanner:u_scanner|state.10    ; keypad_scanner:u_scanner|data_out[0] ; clk_divider:u_clk_div|clk_out ; clk_divider:u_clk_div|clk_out ; 1.000        ; 0.002      ; 0.939      ;
; 0.104  ; keypad_scanner:u_scanner|state.11    ; keypad_scanner:u_scanner|data_out[0] ; clk_divider:u_clk_div|clk_out ; clk_divider:u_clk_div|clk_out ; 1.000        ; 0.002      ; 0.930      ;
; 0.123  ; keypad_scanner:u_scanner|state.00    ; keypad_scanner:u_scanner|data_out[3] ; clk_divider:u_clk_div|clk_out ; clk_divider:u_clk_div|clk_out ; 1.000        ; -0.025     ; 0.884      ;
; 0.183  ; keypad_scanner:u_scanner|state.00    ; keypad_scanner:u_scanner|data_out[0] ; clk_divider:u_clk_div|clk_out ; clk_divider:u_clk_div|clk_out ; 1.000        ; -0.023     ; 0.826      ;
; 0.234  ; keypad_scanner:u_scanner|state.00    ; keypad_scanner:u_scanner|row[0]      ; clk_divider:u_clk_div|clk_out ; clk_divider:u_clk_div|clk_out ; 1.000        ; -0.023     ; 0.775      ;
; 0.284  ; keypad_scanner:u_scanner|state.10    ; keypad_scanner:u_scanner|row[2]      ; clk_divider:u_clk_div|clk_out ; clk_divider:u_clk_div|clk_out ; 1.000        ; 0.002      ; 0.750      ;
; 0.291  ; keypad_scanner:u_scanner|state.00    ; keypad_scanner:u_scanner|state.01    ; clk_divider:u_clk_div|clk_out ; clk_divider:u_clk_div|clk_out ; 1.000        ; -0.025     ; 0.716      ;
; 0.307  ; keypad_scanner:u_scanner|state.11    ; keypad_scanner:u_scanner|state.00    ; clk_divider:u_clk_div|clk_out ; clk_divider:u_clk_div|clk_out ; 1.000        ; 0.025      ; 0.750      ;
; 0.499  ; keypad_scanner:u_scanner|state.01    ; keypad_scanner:u_scanner|state.10    ; clk_divider:u_clk_div|clk_out ; clk_divider:u_clk_div|clk_out ; 1.000        ; 0.000      ; 0.533      ;
; 0.572  ; keypad_scanner:u_scanner|state.01    ; keypad_scanner:u_scanner|row[1]      ; clk_divider:u_clk_div|clk_out ; clk_divider:u_clk_div|clk_out ; 1.000        ; 0.000      ; 0.460      ;
; 0.593  ; keypad_scanner:u_scanner|state.11    ; keypad_scanner:u_scanner|row[3]      ; clk_divider:u_clk_div|clk_out ; clk_divider:u_clk_div|clk_out ; 1.000        ; 0.000      ; 0.439      ;
; 0.633  ; keypad_scanner:u_scanner|state.10    ; keypad_scanner:u_scanner|state.11    ; clk_divider:u_clk_div|clk_out ; clk_divider:u_clk_div|clk_out ; 1.000        ; 0.000      ; 0.399      ;
; 0.665  ; keypad_scanner:u_scanner|data_out[3] ; keypad_scanner:u_scanner|data_out[3] ; clk_divider:u_clk_div|clk_out ; clk_divider:u_clk_div|clk_out ; 1.000        ; 0.000      ; 0.367      ;
; 0.665  ; keypad_scanner:u_scanner|data_out[2] ; keypad_scanner:u_scanner|data_out[2] ; clk_divider:u_clk_div|clk_out ; clk_divider:u_clk_div|clk_out ; 1.000        ; 0.000      ; 0.367      ;
; 0.665  ; keypad_scanner:u_scanner|data_out[1] ; keypad_scanner:u_scanner|data_out[1] ; clk_divider:u_clk_div|clk_out ; clk_divider:u_clk_div|clk_out ; 1.000        ; 0.000      ; 0.367      ;
; 0.665  ; keypad_scanner:u_scanner|state.01    ; keypad_scanner:u_scanner|state.01    ; clk_divider:u_clk_div|clk_out ; clk_divider:u_clk_div|clk_out ; 1.000        ; 0.000      ; 0.367      ;
; 0.665  ; keypad_scanner:u_scanner|state.00    ; keypad_scanner:u_scanner|state.00    ; clk_divider:u_clk_div|clk_out ; clk_divider:u_clk_div|clk_out ; 1.000        ; 0.000      ; 0.367      ;
; 0.665  ; keypad_scanner:u_scanner|state.10    ; keypad_scanner:u_scanner|state.10    ; clk_divider:u_clk_div|clk_out ; clk_divider:u_clk_div|clk_out ; 1.000        ; 0.000      ; 0.367      ;
; 0.665  ; keypad_scanner:u_scanner|state.11    ; keypad_scanner:u_scanner|state.11    ; clk_divider:u_clk_div|clk_out ; clk_divider:u_clk_div|clk_out ; 1.000        ; 0.000      ; 0.367      ;
+--------+--------------------------------------+--------------------------------------+-------------------------------+-------------------------------+--------------+------------+------------+


+-----------------------------------------------------------------------------------------------------------------------------------------------------------------------------------------------------------------------------------------------------------------------------------------+
; Fast Model Setup: 'Top_LCD:u_lcd_display|LCD_Controller:u_lcd|clk_1k'                                                                                                                                                                                                                   ;
+--------+---------------------------------------------------------------+---------------------------------------------------------------+---------------------------------------------------+---------------------------------------------------+--------------+------------+------------+
; Slack  ; From Node                                                     ; To Node                                                       ; Launch Clock                                      ; Latch Clock                                       ; Relationship ; Clock Skew ; Data Delay ;
+--------+---------------------------------------------------------------+---------------------------------------------------------------+---------------------------------------------------+---------------------------------------------------+--------------+------------+------------+
; -0.021 ; Top_LCD:u_lcd_display|LCD_Controller:u_lcd|state.SET_POS      ; Top_LCD:u_lcd_display|LCD_Controller:u_lcd|LCD_DATA[0]        ; Top_LCD:u_lcd_display|LCD_Controller:u_lcd|clk_1k ; Top_LCD:u_lcd_display|LCD_Controller:u_lcd|clk_1k ; 1.000        ; 0.001      ; 1.054      ;
; -0.021 ; Top_LCD:u_lcd_display|LCD_Controller:u_lcd|state.SET_POS      ; Top_LCD:u_lcd_display|LCD_Controller:u_lcd|LCD_DATA[1]        ; Top_LCD:u_lcd_display|LCD_Controller:u_lcd|clk_1k ; Top_LCD:u_lcd_display|LCD_Controller:u_lcd|clk_1k ; 1.000        ; 0.001      ; 1.054      ;
; -0.021 ; Top_LCD:u_lcd_display|LCD_Controller:u_lcd|state.SET_POS      ; Top_LCD:u_lcd_display|LCD_Controller:u_lcd|LCD_DATA[2]        ; Top_LCD:u_lcd_display|LCD_Controller:u_lcd|clk_1k ; Top_LCD:u_lcd_display|LCD_Controller:u_lcd|clk_1k ; 1.000        ; 0.001      ; 1.054      ;
; -0.021 ; Top_LCD:u_lcd_display|LCD_Controller:u_lcd|state.SET_POS      ; Top_LCD:u_lcd_display|LCD_Controller:u_lcd|LCD_DATA[3]        ; Top_LCD:u_lcd_display|LCD_Controller:u_lcd|clk_1k ; Top_LCD:u_lcd_display|LCD_Controller:u_lcd|clk_1k ; 1.000        ; 0.001      ; 1.054      ;
; -0.021 ; Top_LCD:u_lcd_display|LCD_Controller:u_lcd|state.SET_POS      ; Top_LCD:u_lcd_display|LCD_Controller:u_lcd|LCD_DATA[4]        ; Top_LCD:u_lcd_display|LCD_Controller:u_lcd|clk_1k ; Top_LCD:u_lcd_display|LCD_Controller:u_lcd|clk_1k ; 1.000        ; 0.001      ; 1.054      ;
; -0.021 ; Top_LCD:u_lcd_display|LCD_Controller:u_lcd|state.SET_POS      ; Top_LCD:u_lcd_display|LCD_Controller:u_lcd|LCD_DATA[5]        ; Top_LCD:u_lcd_display|LCD_Controller:u_lcd|clk_1k ; Top_LCD:u_lcd_display|LCD_Controller:u_lcd|clk_1k ; 1.000        ; 0.001      ; 1.054      ;
; 0.055  ; Top_LCD:u_lcd_display|LCD_Controller:u_lcd|state.SEND         ; Top_LCD:u_lcd_display|LCD_Controller:u_lcd|LCD_DATA[0]        ; Top_LCD:u_lcd_display|LCD_Controller:u_lcd|clk_1k ; Top_LCD:u_lcd_display|LCD_Controller:u_lcd|clk_1k ; 1.000        ; 0.001      ; 0.978      ;
; 0.055  ; Top_LCD:u_lcd_display|LCD_Controller:u_lcd|state.SEND         ; Top_LCD:u_lcd_display|LCD_Controller:u_lcd|LCD_DATA[1]        ; Top_LCD:u_lcd_display|LCD_Controller:u_lcd|clk_1k ; Top_LCD:u_lcd_display|LCD_Controller:u_lcd|clk_1k ; 1.000        ; 0.001      ; 0.978      ;
; 0.055  ; Top_LCD:u_lcd_display|LCD_Controller:u_lcd|state.SEND         ; Top_LCD:u_lcd_display|LCD_Controller:u_lcd|LCD_DATA[2]        ; Top_LCD:u_lcd_display|LCD_Controller:u_lcd|clk_1k ; Top_LCD:u_lcd_display|LCD_Controller:u_lcd|clk_1k ; 1.000        ; 0.001      ; 0.978      ;
; 0.055  ; Top_LCD:u_lcd_display|LCD_Controller:u_lcd|state.SEND         ; Top_LCD:u_lcd_display|LCD_Controller:u_lcd|LCD_DATA[3]        ; Top_LCD:u_lcd_display|LCD_Controller:u_lcd|clk_1k ; Top_LCD:u_lcd_display|LCD_Controller:u_lcd|clk_1k ; 1.000        ; 0.001      ; 0.978      ;
; 0.055  ; Top_LCD:u_lcd_display|LCD_Controller:u_lcd|state.SEND         ; Top_LCD:u_lcd_display|LCD_Controller:u_lcd|LCD_DATA[4]        ; Top_LCD:u_lcd_display|LCD_Controller:u_lcd|clk_1k ; Top_LCD:u_lcd_display|LCD_Controller:u_lcd|clk_1k ; 1.000        ; 0.001      ; 0.978      ;
; 0.055  ; Top_LCD:u_lcd_display|LCD_Controller:u_lcd|state.SEND         ; Top_LCD:u_lcd_display|LCD_Controller:u_lcd|LCD_DATA[5]        ; Top_LCD:u_lcd_display|LCD_Controller:u_lcd|clk_1k ; Top_LCD:u_lcd_display|LCD_Controller:u_lcd|clk_1k ; 1.000        ; 0.001      ; 0.978      ;
; 0.119  ; Top_LCD:u_lcd_display|LCD_Controller:u_lcd|state.INIT         ; Top_LCD:u_lcd_display|LCD_Controller:u_lcd|LCD_DATA[6]        ; Top_LCD:u_lcd_display|LCD_Controller:u_lcd|clk_1k ; Top_LCD:u_lcd_display|LCD_Controller:u_lcd|clk_1k ; 1.000        ; -0.002     ; 0.911      ;
; 0.129  ; Top_LCD:u_lcd_display|LCD_Controller:u_lcd|state.INIT         ; Top_LCD:u_lcd_display|LCD_Controller:u_lcd|LCD_DATA[0]        ; Top_LCD:u_lcd_display|LCD_Controller:u_lcd|clk_1k ; Top_LCD:u_lcd_display|LCD_Controller:u_lcd|clk_1k ; 1.000        ; 0.001      ; 0.904      ;
; 0.129  ; Top_LCD:u_lcd_display|LCD_Controller:u_lcd|state.INIT         ; Top_LCD:u_lcd_display|LCD_Controller:u_lcd|LCD_DATA[1]        ; Top_LCD:u_lcd_display|LCD_Controller:u_lcd|clk_1k ; Top_LCD:u_lcd_display|LCD_Controller:u_lcd|clk_1k ; 1.000        ; 0.001      ; 0.904      ;
; 0.129  ; Top_LCD:u_lcd_display|LCD_Controller:u_lcd|state.INIT         ; Top_LCD:u_lcd_display|LCD_Controller:u_lcd|LCD_DATA[2]        ; Top_LCD:u_lcd_display|LCD_Controller:u_lcd|clk_1k ; Top_LCD:u_lcd_display|LCD_Controller:u_lcd|clk_1k ; 1.000        ; 0.001      ; 0.904      ;
; 0.129  ; Top_LCD:u_lcd_display|LCD_Controller:u_lcd|state.INIT         ; Top_LCD:u_lcd_display|LCD_Controller:u_lcd|LCD_DATA[3]        ; Top_LCD:u_lcd_display|LCD_Controller:u_lcd|clk_1k ; Top_LCD:u_lcd_display|LCD_Controller:u_lcd|clk_1k ; 1.000        ; 0.001      ; 0.904      ;
; 0.129  ; Top_LCD:u_lcd_display|LCD_Controller:u_lcd|state.INIT         ; Top_LCD:u_lcd_display|LCD_Controller:u_lcd|LCD_DATA[4]        ; Top_LCD:u_lcd_display|LCD_Controller:u_lcd|clk_1k ; Top_LCD:u_lcd_display|LCD_Controller:u_lcd|clk_1k ; 1.000        ; 0.001      ; 0.904      ;
; 0.129  ; Top_LCD:u_lcd_display|LCD_Controller:u_lcd|state.INIT         ; Top_LCD:u_lcd_display|LCD_Controller:u_lcd|LCD_DATA[5]        ; Top_LCD:u_lcd_display|LCD_Controller:u_lcd|clk_1k ; Top_LCD:u_lcd_display|LCD_Controller:u_lcd|clk_1k ; 1.000        ; 0.001      ; 0.904      ;
; 0.138  ; Top_LCD:u_lcd_display|LCD_Controller:u_lcd|state.SEND         ; Top_LCD:u_lcd_display|LCD_Controller:u_lcd|LCD_DATA[6]        ; Top_LCD:u_lcd_display|LCD_Controller:u_lcd|clk_1k ; Top_LCD:u_lcd_display|LCD_Controller:u_lcd|clk_1k ; 1.000        ; -0.002     ; 0.892      ;
; 0.151  ; Top_LCD:u_lcd_display|LCD_Controller:u_lcd|state.SEND         ; Top_LCD:u_lcd_display|LCD_Controller:u_lcd|state.SEND_HOLD    ; Top_LCD:u_lcd_display|LCD_Controller:u_lcd|clk_1k ; Top_LCD:u_lcd_display|LCD_Controller:u_lcd|clk_1k ; 1.000        ; 0.000      ; 0.881      ;
; 0.178  ; Top_LCD:u_lcd_display|LCD_Controller:u_lcd|state.INIT         ; Top_LCD:u_lcd_display|LCD_Controller:u_lcd|state.INIT_HOLD    ; Top_LCD:u_lcd_display|LCD_Controller:u_lcd|clk_1k ; Top_LCD:u_lcd_display|LCD_Controller:u_lcd|clk_1k ; 1.000        ; 0.000      ; 0.854      ;
; 0.195  ; Top_LCD:u_lcd_display|LCD_Controller:u_lcd|count[0]           ; Top_LCD:u_lcd_display|LCD_Controller:u_lcd|state.IDLE         ; Top_LCD:u_lcd_display|LCD_Controller:u_lcd|clk_1k ; Top_LCD:u_lcd_display|LCD_Controller:u_lcd|clk_1k ; 1.000        ; 0.000      ; 0.837      ;
; 0.202  ; Top_LCD:u_lcd_display|LCD_Controller:u_lcd|count[2]           ; Top_LCD:u_lcd_display|LCD_Controller:u_lcd|LCD_DATA[0]        ; Top_LCD:u_lcd_display|LCD_Controller:u_lcd|clk_1k ; Top_LCD:u_lcd_display|LCD_Controller:u_lcd|clk_1k ; 1.000        ; 0.001      ; 0.831      ;
; 0.203  ; Top_LCD:u_lcd_display|LCD_Controller:u_lcd|state.INIT         ; Top_LCD:u_lcd_display|LCD_Controller:u_lcd|LCD_EN             ; Top_LCD:u_lcd_display|LCD_Controller:u_lcd|clk_1k ; Top_LCD:u_lcd_display|LCD_Controller:u_lcd|clk_1k ; 1.000        ; 0.000      ; 0.829      ;
; 0.213  ; Top_LCD:u_lcd_display|LCD_Controller:u_lcd|count[1]           ; Top_LCD:u_lcd_display|LCD_Controller:u_lcd|state.IDLE         ; Top_LCD:u_lcd_display|LCD_Controller:u_lcd|clk_1k ; Top_LCD:u_lcd_display|LCD_Controller:u_lcd|clk_1k ; 1.000        ; 0.000      ; 0.819      ;
; 0.227  ; Top_LCD:u_lcd_display|LCD_Controller:u_lcd|count[2]           ; Top_LCD:u_lcd_display|LCD_Controller:u_lcd|state.IDLE         ; Top_LCD:u_lcd_display|LCD_Controller:u_lcd|clk_1k ; Top_LCD:u_lcd_display|LCD_Controller:u_lcd|clk_1k ; 1.000        ; 0.000      ; 0.805      ;
; 0.242  ; Top_LCD:u_lcd_display|LCD_Controller:u_lcd|count[0]           ; Top_LCD:u_lcd_display|LCD_Controller:u_lcd|LCD_DATA[1]        ; Top_LCD:u_lcd_display|LCD_Controller:u_lcd|clk_1k ; Top_LCD:u_lcd_display|LCD_Controller:u_lcd|clk_1k ; 1.000        ; 0.001      ; 0.791      ;
; 0.242  ; Top_LCD:u_lcd_display|LCD_Controller:u_lcd|count[1]           ; Top_LCD:u_lcd_display|LCD_Controller:u_lcd|LCD_DATA[1]        ; Top_LCD:u_lcd_display|LCD_Controller:u_lcd|clk_1k ; Top_LCD:u_lcd_display|LCD_Controller:u_lcd|clk_1k ; 1.000        ; 0.001      ; 0.791      ;
; 0.243  ; Top_LCD:u_lcd_display|LCD_Controller:u_lcd|count[0]           ; Top_LCD:u_lcd_display|LCD_Controller:u_lcd|LCD_DATA[3]        ; Top_LCD:u_lcd_display|LCD_Controller:u_lcd|clk_1k ; Top_LCD:u_lcd_display|LCD_Controller:u_lcd|clk_1k ; 1.000        ; 0.001      ; 0.790      ;
; 0.245  ; Top_LCD:u_lcd_display|LCD_Controller:u_lcd|count[1]           ; Top_LCD:u_lcd_display|LCD_Controller:u_lcd|LCD_DATA[3]        ; Top_LCD:u_lcd_display|LCD_Controller:u_lcd|clk_1k ; Top_LCD:u_lcd_display|LCD_Controller:u_lcd|clk_1k ; 1.000        ; 0.001      ; 0.788      ;
; 0.248  ; Top_LCD:u_lcd_display|LCD_Controller:u_lcd|state.SET_POS      ; Top_LCD:u_lcd_display|LCD_Controller:u_lcd|LCD_DATA[6]        ; Top_LCD:u_lcd_display|LCD_Controller:u_lcd|clk_1k ; Top_LCD:u_lcd_display|LCD_Controller:u_lcd|clk_1k ; 1.000        ; -0.002     ; 0.782      ;
; 0.250  ; Top_LCD:u_lcd_display|LCD_Controller:u_lcd|state.INIT_HOLD    ; Top_LCD:u_lcd_display|LCD_Controller:u_lcd|state.IDLE         ; Top_LCD:u_lcd_display|LCD_Controller:u_lcd|clk_1k ; Top_LCD:u_lcd_display|LCD_Controller:u_lcd|clk_1k ; 1.000        ; 0.000      ; 0.782      ;
; 0.252  ; Top_LCD:u_lcd_display|LCD_Controller:u_lcd|count[1]           ; Top_LCD:u_lcd_display|LCD_Controller:u_lcd|LCD_DATA[2]        ; Top_LCD:u_lcd_display|LCD_Controller:u_lcd|clk_1k ; Top_LCD:u_lcd_display|LCD_Controller:u_lcd|clk_1k ; 1.000        ; 0.001      ; 0.781      ;
; 0.262  ; Top_LCD:u_lcd_display|LCD_Controller:u_lcd|count[0]           ; Top_LCD:u_lcd_display|LCD_Controller:u_lcd|LCD_DATA[0]        ; Top_LCD:u_lcd_display|LCD_Controller:u_lcd|clk_1k ; Top_LCD:u_lcd_display|LCD_Controller:u_lcd|clk_1k ; 1.000        ; 0.001      ; 0.771      ;
; 0.268  ; Top_LCD:u_lcd_display|LCD_Controller:u_lcd|count[2]           ; Top_LCD:u_lcd_display|LCD_Controller:u_lcd|LCD_DATA[1]        ; Top_LCD:u_lcd_display|LCD_Controller:u_lcd|clk_1k ; Top_LCD:u_lcd_display|LCD_Controller:u_lcd|clk_1k ; 1.000        ; 0.001      ; 0.765      ;
; 0.272  ; Top_LCD:u_lcd_display|LCD_Controller:u_lcd|count[2]           ; Top_LCD:u_lcd_display|LCD_Controller:u_lcd|LCD_DATA[3]        ; Top_LCD:u_lcd_display|LCD_Controller:u_lcd|clk_1k ; Top_LCD:u_lcd_display|LCD_Controller:u_lcd|clk_1k ; 1.000        ; 0.001      ; 0.761      ;
; 0.282  ; Top_LCD:u_lcd_display|LCD_Controller:u_lcd|count[2]           ; Top_LCD:u_lcd_display|LCD_Controller:u_lcd|LCD_DATA[2]        ; Top_LCD:u_lcd_display|LCD_Controller:u_lcd|clk_1k ; Top_LCD:u_lcd_display|LCD_Controller:u_lcd|clk_1k ; 1.000        ; 0.001      ; 0.751      ;
; 0.285  ; Top_LCD:u_lcd_display|LCD_Controller:u_lcd|state.INIT         ; Top_LCD:u_lcd_display|LCD_Controller:u_lcd|LCD_RS             ; Top_LCD:u_lcd_display|LCD_Controller:u_lcd|clk_1k ; Top_LCD:u_lcd_display|LCD_Controller:u_lcd|clk_1k ; 1.000        ; -0.002     ; 0.745      ;
; 0.286  ; Top_LCD:u_lcd_display|LCD_Controller:u_lcd|state.INIT         ; Top_LCD:u_lcd_display|LCD_Controller:u_lcd|LCD_DATA[7]        ; Top_LCD:u_lcd_display|LCD_Controller:u_lcd|clk_1k ; Top_LCD:u_lcd_display|LCD_Controller:u_lcd|clk_1k ; 1.000        ; -0.002     ; 0.744      ;
; 0.302  ; Top_LCD:u_lcd_display|LCD_Controller:u_lcd|state.SEND         ; Top_LCD:u_lcd_display|LCD_Controller:u_lcd|LCD_RS             ; Top_LCD:u_lcd_display|LCD_Controller:u_lcd|clk_1k ; Top_LCD:u_lcd_display|LCD_Controller:u_lcd|clk_1k ; 1.000        ; -0.002     ; 0.728      ;
; 0.303  ; Top_LCD:u_lcd_display|LCD_Controller:u_lcd|state.SEND         ; Top_LCD:u_lcd_display|LCD_Controller:u_lcd|LCD_DATA[7]        ; Top_LCD:u_lcd_display|LCD_Controller:u_lcd|clk_1k ; Top_LCD:u_lcd_display|LCD_Controller:u_lcd|clk_1k ; 1.000        ; -0.002     ; 0.727      ;
; 0.312  ; Top_LCD:u_lcd_display|LCD_Controller:u_lcd|count[2]           ; Top_LCD:u_lcd_display|LCD_Controller:u_lcd|LCD_DATA[4]        ; Top_LCD:u_lcd_display|LCD_Controller:u_lcd|clk_1k ; Top_LCD:u_lcd_display|LCD_Controller:u_lcd|clk_1k ; 1.000        ; 0.001      ; 0.721      ;
; 0.328  ; Top_LCD:u_lcd_display|LCD_Controller:u_lcd|count[0]           ; Top_LCD:u_lcd_display|LCD_Controller:u_lcd|count[1]           ; Top_LCD:u_lcd_display|LCD_Controller:u_lcd|clk_1k ; Top_LCD:u_lcd_display|LCD_Controller:u_lcd|clk_1k ; 1.000        ; 0.000      ; 0.704      ;
; 0.329  ; Top_LCD:u_lcd_display|LCD_Controller:u_lcd|count[0]           ; Top_LCD:u_lcd_display|LCD_Controller:u_lcd|state.INIT         ; Top_LCD:u_lcd_display|LCD_Controller:u_lcd|clk_1k ; Top_LCD:u_lcd_display|LCD_Controller:u_lcd|clk_1k ; 1.000        ; 0.000      ; 0.703      ;
; 0.330  ; Top_LCD:u_lcd_display|LCD_Controller:u_lcd|count[0]           ; Top_LCD:u_lcd_display|LCD_Controller:u_lcd|count[2]           ; Top_LCD:u_lcd_display|LCD_Controller:u_lcd|clk_1k ; Top_LCD:u_lcd_display|LCD_Controller:u_lcd|clk_1k ; 1.000        ; 0.000      ; 0.702      ;
; 0.332  ; Top_LCD:u_lcd_display|LCD_Controller:u_lcd|state.SET_POS      ; Top_LCD:u_lcd_display|LCD_Controller:u_lcd|LCD_EN             ; Top_LCD:u_lcd_display|LCD_Controller:u_lcd|clk_1k ; Top_LCD:u_lcd_display|LCD_Controller:u_lcd|clk_1k ; 1.000        ; 0.000      ; 0.700      ;
; 0.367  ; Top_LCD:u_lcd_display|LCD_Controller:u_lcd|state.SEND         ; Top_LCD:u_lcd_display|LCD_Controller:u_lcd|LCD_EN             ; Top_LCD:u_lcd_display|LCD_Controller:u_lcd|clk_1k ; Top_LCD:u_lcd_display|LCD_Controller:u_lcd|clk_1k ; 1.000        ; 0.000      ; 0.665      ;
; 0.373  ; Top_LCD:u_lcd_display|LCD_Controller:u_lcd|count[1]           ; Top_LCD:u_lcd_display|LCD_Controller:u_lcd|LCD_DATA[0]        ; Top_LCD:u_lcd_display|LCD_Controller:u_lcd|clk_1k ; Top_LCD:u_lcd_display|LCD_Controller:u_lcd|clk_1k ; 1.000        ; 0.001      ; 0.660      ;
; 0.422  ; Top_LCD:u_lcd_display|LCD_Controller:u_lcd|count[1]           ; Top_LCD:u_lcd_display|LCD_Controller:u_lcd|state.INIT         ; Top_LCD:u_lcd_display|LCD_Controller:u_lcd|clk_1k ; Top_LCD:u_lcd_display|LCD_Controller:u_lcd|clk_1k ; 1.000        ; 0.000      ; 0.610      ;
; 0.429  ; Top_LCD:u_lcd_display|LCD_Controller:u_lcd|state.SET_POS      ; Top_LCD:u_lcd_display|LCD_Controller:u_lcd|LCD_RS             ; Top_LCD:u_lcd_display|LCD_Controller:u_lcd|clk_1k ; Top_LCD:u_lcd_display|LCD_Controller:u_lcd|clk_1k ; 1.000        ; -0.002     ; 0.601      ;
; 0.429  ; Top_LCD:u_lcd_display|LCD_Controller:u_lcd|state.SET_POS      ; Top_LCD:u_lcd_display|LCD_Controller:u_lcd|LCD_DATA[7]        ; Top_LCD:u_lcd_display|LCD_Controller:u_lcd|clk_1k ; Top_LCD:u_lcd_display|LCD_Controller:u_lcd|clk_1k ; 1.000        ; -0.002     ; 0.601      ;
; 0.430  ; Top_LCD:u_lcd_display|LCD_Controller:u_lcd|state.SEND_HOLD    ; Top_LCD:u_lcd_display|LCD_Controller:u_lcd|state.IDLE         ; Top_LCD:u_lcd_display|LCD_Controller:u_lcd|clk_1k ; Top_LCD:u_lcd_display|LCD_Controller:u_lcd|clk_1k ; 1.000        ; 0.000      ; 0.602      ;
; 0.457  ; Top_LCD:u_lcd_display|lcd_data_in[6]                          ; Top_LCD:u_lcd_display|LCD_Controller:u_lcd|LCD_DATA[6]        ; CLOCK_50                                          ; Top_LCD:u_lcd_display|LCD_Controller:u_lcd|clk_1k ; 1.000        ; 0.194      ; 0.769      ;
; 0.471  ; Top_LCD:u_lcd_display|LCD_Controller:u_lcd|state.SET_POS_HOLD ; Top_LCD:u_lcd_display|LCD_Controller:u_lcd|state.SEND         ; Top_LCD:u_lcd_display|LCD_Controller:u_lcd|clk_1k ; Top_LCD:u_lcd_display|LCD_Controller:u_lcd|clk_1k ; 1.000        ; 0.000      ; 0.561      ;
; 0.472  ; Top_LCD:u_lcd_display|LCD_Controller:u_lcd|state.SET_POS      ; Top_LCD:u_lcd_display|LCD_Controller:u_lcd|state.SET_POS_HOLD ; Top_LCD:u_lcd_display|LCD_Controller:u_lcd|clk_1k ; Top_LCD:u_lcd_display|LCD_Controller:u_lcd|clk_1k ; 1.000        ; 0.000      ; 0.560      ;
; 0.482  ; Top_LCD:u_lcd_display|LCD_Controller:u_lcd|count[2]           ; Top_LCD:u_lcd_display|LCD_Controller:u_lcd|LCD_DATA[5]        ; Top_LCD:u_lcd_display|LCD_Controller:u_lcd|clk_1k ; Top_LCD:u_lcd_display|LCD_Controller:u_lcd|clk_1k ; 1.000        ; 0.001      ; 0.551      ;
; 0.484  ; Top_LCD:u_lcd_display|LCD_Controller:u_lcd|state.INIT_HOLD    ; Top_LCD:u_lcd_display|LCD_Controller:u_lcd|count[1]           ; Top_LCD:u_lcd_display|LCD_Controller:u_lcd|clk_1k ; Top_LCD:u_lcd_display|LCD_Controller:u_lcd|clk_1k ; 1.000        ; 0.000      ; 0.548      ;
; 0.490  ; Top_LCD:u_lcd_display|LCD_Controller:u_lcd|state.INIT_HOLD    ; Top_LCD:u_lcd_display|LCD_Controller:u_lcd|count[0]           ; Top_LCD:u_lcd_display|LCD_Controller:u_lcd|clk_1k ; Top_LCD:u_lcd_display|LCD_Controller:u_lcd|clk_1k ; 1.000        ; 0.000      ; 0.542      ;
; 0.492  ; Top_LCD:u_lcd_display|LCD_Controller:u_lcd|state.INIT_HOLD    ; Top_LCD:u_lcd_display|LCD_Controller:u_lcd|count[2]           ; Top_LCD:u_lcd_display|LCD_Controller:u_lcd|clk_1k ; Top_LCD:u_lcd_display|LCD_Controller:u_lcd|clk_1k ; 1.000        ; 0.000      ; 0.540      ;
; 0.499  ; Top_LCD:u_lcd_display|LCD_Controller:u_lcd|count[1]           ; Top_LCD:u_lcd_display|LCD_Controller:u_lcd|count[0]           ; Top_LCD:u_lcd_display|LCD_Controller:u_lcd|clk_1k ; Top_LCD:u_lcd_display|LCD_Controller:u_lcd|clk_1k ; 1.000        ; 0.000      ; 0.533      ;
; 0.510  ; Top_LCD:u_lcd_display|LCD_Controller:u_lcd|state.IDLE         ; Top_LCD:u_lcd_display|LCD_Controller:u_lcd|state.SET_POS      ; Top_LCD:u_lcd_display|LCD_Controller:u_lcd|clk_1k ; Top_LCD:u_lcd_display|LCD_Controller:u_lcd|clk_1k ; 1.000        ; 0.000      ; 0.522      ;
; 0.513  ; Top_LCD:u_lcd_display|LCD_Controller:u_lcd|state.IDLE         ; Top_LCD:u_lcd_display|LCD_Controller:u_lcd|oReady             ; Top_LCD:u_lcd_display|LCD_Controller:u_lcd|clk_1k ; Top_LCD:u_lcd_display|LCD_Controller:u_lcd|clk_1k ; 1.000        ; 0.000      ; 0.519      ;
; 0.514  ; Top_LCD:u_lcd_display|LCD_Controller:u_lcd|count[2]           ; Top_LCD:u_lcd_display|LCD_Controller:u_lcd|count[1]           ; Top_LCD:u_lcd_display|LCD_Controller:u_lcd|clk_1k ; Top_LCD:u_lcd_display|LCD_Controller:u_lcd|clk_1k ; 1.000        ; 0.000      ; 0.518      ;
; 0.516  ; Top_LCD:u_lcd_display|LCD_Controller:u_lcd|count[2]           ; Top_LCD:u_lcd_display|LCD_Controller:u_lcd|state.INIT         ; Top_LCD:u_lcd_display|LCD_Controller:u_lcd|clk_1k ; Top_LCD:u_lcd_display|LCD_Controller:u_lcd|clk_1k ; 1.000        ; 0.000      ; 0.516      ;
; 0.519  ; Top_LCD:u_lcd_display|LCD_Controller:u_lcd|count[2]           ; Top_LCD:u_lcd_display|LCD_Controller:u_lcd|count[0]           ; Top_LCD:u_lcd_display|LCD_Controller:u_lcd|clk_1k ; Top_LCD:u_lcd_display|LCD_Controller:u_lcd|clk_1k ; 1.000        ; 0.000      ; 0.513      ;
; 0.529  ; Top_LCD:u_lcd_display|lcd_data_in[1]                          ; Top_LCD:u_lcd_display|LCD_Controller:u_lcd|LCD_DATA[1]        ; CLOCK_50                                          ; Top_LCD:u_lcd_display|LCD_Controller:u_lcd|clk_1k ; 1.000        ; 0.197      ; 0.700      ;
; 0.548  ; Top_LCD:u_lcd_display|LCD_Controller:u_lcd|count[1]           ; Top_LCD:u_lcd_display|LCD_Controller:u_lcd|count[2]           ; Top_LCD:u_lcd_display|LCD_Controller:u_lcd|clk_1k ; Top_LCD:u_lcd_display|LCD_Controller:u_lcd|clk_1k ; 1.000        ; 0.000      ; 0.484      ;
; 0.564  ; Top_LCD:u_lcd_display|LCD_Controller:u_lcd|state.INIT_HOLD    ; Top_LCD:u_lcd_display|LCD_Controller:u_lcd|state.INIT         ; Top_LCD:u_lcd_display|LCD_Controller:u_lcd|clk_1k ; Top_LCD:u_lcd_display|LCD_Controller:u_lcd|clk_1k ; 1.000        ; 0.000      ; 0.468      ;
; 0.565  ; Top_LCD:u_lcd_display|lcd_data_in[0]                          ; Top_LCD:u_lcd_display|LCD_Controller:u_lcd|LCD_DATA[0]        ; CLOCK_50                                          ; Top_LCD:u_lcd_display|LCD_Controller:u_lcd|clk_1k ; 1.000        ; 0.197      ; 0.664      ;
; 0.628  ; Top_LCD:u_lcd_display|lcd_data_in[4]                          ; Top_LCD:u_lcd_display|LCD_Controller:u_lcd|LCD_DATA[4]        ; CLOCK_50                                          ; Top_LCD:u_lcd_display|LCD_Controller:u_lcd|clk_1k ; 1.000        ; 0.197      ; 0.601      ;
; 0.634  ; Top_LCD:u_lcd_display|LCD_Controller:u_lcd|state.IDLE         ; Top_LCD:u_lcd_display|LCD_Controller:u_lcd|LCD_EN             ; Top_LCD:u_lcd_display|LCD_Controller:u_lcd|clk_1k ; Top_LCD:u_lcd_display|LCD_Controller:u_lcd|clk_1k ; 1.000        ; 0.000      ; 0.398      ;
; 0.665  ; Top_LCD:u_lcd_display|LCD_Controller:u_lcd|LCD_DATA[6]        ; Top_LCD:u_lcd_display|LCD_Controller:u_lcd|LCD_DATA[6]        ; Top_LCD:u_lcd_display|LCD_Controller:u_lcd|clk_1k ; Top_LCD:u_lcd_display|LCD_Controller:u_lcd|clk_1k ; 1.000        ; 0.000      ; 0.367      ;
; 0.665  ; Top_LCD:u_lcd_display|LCD_Controller:u_lcd|state.IDLE         ; Top_LCD:u_lcd_display|LCD_Controller:u_lcd|state.IDLE         ; Top_LCD:u_lcd_display|LCD_Controller:u_lcd|clk_1k ; Top_LCD:u_lcd_display|LCD_Controller:u_lcd|clk_1k ; 1.000        ; 0.000      ; 0.367      ;
; 0.665  ; Top_LCD:u_lcd_display|LCD_Controller:u_lcd|LCD_EN             ; Top_LCD:u_lcd_display|LCD_Controller:u_lcd|LCD_EN             ; Top_LCD:u_lcd_display|LCD_Controller:u_lcd|clk_1k ; Top_LCD:u_lcd_display|LCD_Controller:u_lcd|clk_1k ; 1.000        ; 0.000      ; 0.367      ;
; 0.665  ; Top_LCD:u_lcd_display|LCD_Controller:u_lcd|LCD_RS             ; Top_LCD:u_lcd_display|LCD_Controller:u_lcd|LCD_RS             ; Top_LCD:u_lcd_display|LCD_Controller:u_lcd|clk_1k ; Top_LCD:u_lcd_display|LCD_Controller:u_lcd|clk_1k ; 1.000        ; 0.000      ; 0.367      ;
; 0.665  ; Top_LCD:u_lcd_display|LCD_Controller:u_lcd|LCD_DATA[7]        ; Top_LCD:u_lcd_display|LCD_Controller:u_lcd|LCD_DATA[7]        ; Top_LCD:u_lcd_display|LCD_Controller:u_lcd|clk_1k ; Top_LCD:u_lcd_display|LCD_Controller:u_lcd|clk_1k ; 1.000        ; 0.000      ; 0.367      ;
; 0.665  ; Top_LCD:u_lcd_display|LCD_Controller:u_lcd|count[1]           ; Top_LCD:u_lcd_display|LCD_Controller:u_lcd|count[1]           ; Top_LCD:u_lcd_display|LCD_Controller:u_lcd|clk_1k ; Top_LCD:u_lcd_display|LCD_Controller:u_lcd|clk_1k ; 1.000        ; 0.000      ; 0.367      ;
; 0.665  ; Top_LCD:u_lcd_display|LCD_Controller:u_lcd|count[2]           ; Top_LCD:u_lcd_display|LCD_Controller:u_lcd|count[2]           ; Top_LCD:u_lcd_display|LCD_Controller:u_lcd|clk_1k ; Top_LCD:u_lcd_display|LCD_Controller:u_lcd|clk_1k ; 1.000        ; 0.000      ; 0.367      ;
; 0.665  ; Top_LCD:u_lcd_display|LCD_Controller:u_lcd|count[0]           ; Top_LCD:u_lcd_display|LCD_Controller:u_lcd|count[0]           ; Top_LCD:u_lcd_display|LCD_Controller:u_lcd|clk_1k ; Top_LCD:u_lcd_display|LCD_Controller:u_lcd|clk_1k ; 1.000        ; 0.000      ; 0.367      ;
; 0.665  ; Top_LCD:u_lcd_display|LCD_Controller:u_lcd|oReady             ; Top_LCD:u_lcd_display|LCD_Controller:u_lcd|oReady             ; Top_LCD:u_lcd_display|LCD_Controller:u_lcd|clk_1k ; Top_LCD:u_lcd_display|LCD_Controller:u_lcd|clk_1k ; 1.000        ; 0.000      ; 0.367      ;
; 0.690  ; Top_LCD:u_lcd_display|lcd_row                                 ; Top_LCD:u_lcd_display|LCD_Controller:u_lcd|LCD_DATA[6]        ; CLOCK_50                                          ; Top_LCD:u_lcd_display|LCD_Controller:u_lcd|clk_1k ; 1.000        ; 0.188      ; 0.530      ;
; 0.701  ; Top_LCD:u_lcd_display|lcd_col[3]                              ; Top_LCD:u_lcd_display|LCD_Controller:u_lcd|LCD_DATA[3]        ; CLOCK_50                                          ; Top_LCD:u_lcd_display|LCD_Controller:u_lcd|clk_1k ; 1.000        ; 0.188      ; 0.519      ;
; 0.706  ; Top_LCD:u_lcd_display|lcd_data_in[5]                          ; Top_LCD:u_lcd_display|LCD_Controller:u_lcd|LCD_DATA[5]        ; CLOCK_50                                          ; Top_LCD:u_lcd_display|LCD_Controller:u_lcd|clk_1k ; 1.000        ; 0.188      ; 0.514      ;
; 0.708  ; Top_LCD:u_lcd_display|lcd_col[1]                              ; Top_LCD:u_lcd_display|LCD_Controller:u_lcd|LCD_DATA[1]        ; CLOCK_50                                          ; Top_LCD:u_lcd_display|LCD_Controller:u_lcd|clk_1k ; 1.000        ; 0.188      ; 0.512      ;
; 0.708  ; Top_LCD:u_lcd_display|lcd_col[2]                              ; Top_LCD:u_lcd_display|LCD_Controller:u_lcd|LCD_DATA[2]        ; CLOCK_50                                          ; Top_LCD:u_lcd_display|LCD_Controller:u_lcd|clk_1k ; 1.000        ; 0.188      ; 0.512      ;
; 0.710  ; Top_LCD:u_lcd_display|lcd_col[0]                              ; Top_LCD:u_lcd_display|LCD_Controller:u_lcd|LCD_DATA[0]        ; CLOCK_50                                          ; Top_LCD:u_lcd_display|LCD_Controller:u_lcd|clk_1k ; 1.000        ; 0.188      ; 0.510      ;
; 0.741  ; Top_LCD:u_lcd_display|lcd_data_in[2]                          ; Top_LCD:u_lcd_display|LCD_Controller:u_lcd|LCD_DATA[2]        ; CLOCK_50                                          ; Top_LCD:u_lcd_display|LCD_Controller:u_lcd|clk_1k ; 1.000        ; 0.188      ; 0.479      ;
; 0.741  ; Top_LCD:u_lcd_display|lcd_data_in[3]                          ; Top_LCD:u_lcd_display|LCD_Controller:u_lcd|LCD_DATA[3]        ; CLOCK_50                                          ; Top_LCD:u_lcd_display|LCD_Controller:u_lcd|clk_1k ; 1.000        ; 0.188      ; 0.479      ;
; 0.819  ; Top_LCD:u_lcd_display|lcd_valid                               ; Top_LCD:u_lcd_display|LCD_Controller:u_lcd|state.IDLE         ; CLOCK_50                                          ; Top_LCD:u_lcd_display|LCD_Controller:u_lcd|clk_1k ; 1.000        ; 0.188      ; 0.401      ;
; 0.820  ; Top_LCD:u_lcd_display|lcd_valid                               ; Top_LCD:u_lcd_display|LCD_Controller:u_lcd|state.SET_POS      ; CLOCK_50                                          ; Top_LCD:u_lcd_display|LCD_Controller:u_lcd|clk_1k ; 1.000        ; 0.188      ; 0.400      ;
; 0.824  ; Top_LCD:u_lcd_display|lcd_valid                               ; Top_LCD:u_lcd_display|LCD_Controller:u_lcd|oReady             ; CLOCK_50                                          ; Top_LCD:u_lcd_display|LCD_Controller:u_lcd|clk_1k ; 1.000        ; 0.188      ; 0.396      ;
+--------+---------------------------------------------------------------+---------------------------------------------------------------+---------------------------------------------------+---------------------------------------------------+--------------+------------+------------+


+-----------------------------------------------------------------------------------------------------------------------------------------------------------------------------------------------------------------------------------------+
; Fast Model Hold: 'CLOCK_50'                                                                                                                                                                                                             ;
+--------+----------------------------------------------------------+----------------------------------------------------------+---------------------------------------------------+-------------+--------------+------------+------------+
; Slack  ; From Node                                                ; To Node                                                  ; Launch Clock                                      ; Latch Clock ; Relationship ; Clock Skew ; Data Delay ;
+--------+----------------------------------------------------------+----------------------------------------------------------+---------------------------------------------------+-------------+--------------+------------+------------+
; -1.597 ; Top_LCD:u_lcd_display|LCD_Controller:u_lcd|clk_1k        ; Top_LCD:u_lcd_display|LCD_Controller:u_lcd|clk_1k        ; Top_LCD:u_lcd_display|LCD_Controller:u_lcd|clk_1k ; CLOCK_50    ; 0.000        ; 1.671      ; 0.367      ;
; -1.563 ; clk_divider:u_clk_div|clk_out                            ; clk_divider:u_clk_div|clk_out                            ; clk_divider:u_clk_div|clk_out                     ; CLOCK_50    ; 0.000        ; 1.637      ; 0.367      ;
; -1.097 ; Top_LCD:u_lcd_display|LCD_Controller:u_lcd|clk_1k        ; Top_LCD:u_lcd_display|LCD_Controller:u_lcd|clk_1k        ; Top_LCD:u_lcd_display|LCD_Controller:u_lcd|clk_1k ; CLOCK_50    ; -0.500       ; 1.671      ; 0.367      ;
; -1.063 ; clk_divider:u_clk_div|clk_out                            ; clk_divider:u_clk_div|clk_out                            ; clk_divider:u_clk_div|clk_out                     ; CLOCK_50    ; -0.500       ; 1.637      ; 0.367      ;
; 0.168  ; keypad_scanner:u_scanner|valid                           ; Lock_Controller:u_control|valid_sync1                    ; clk_divider:u_clk_div|clk_out                     ; CLOCK_50    ; 0.000        ; 0.073      ; 0.393      ;
; 0.215  ; Lock_Controller:u_control|digit_count[0]                 ; Lock_Controller:u_control|digit_count[0]                 ; CLOCK_50                                          ; CLOCK_50    ; 0.000        ; 0.000      ; 0.367      ;
; 0.215  ; Lock_Controller:u_control|wrong_count[0]                 ; Lock_Controller:u_control|wrong_count[0]                 ; CLOCK_50                                          ; CLOCK_50    ; 0.000        ; 0.000      ; 0.367      ;
; 0.215  ; Lock_Controller:u_control|wrong_count[1]                 ; Lock_Controller:u_control|wrong_count[1]                 ; CLOCK_50                                          ; CLOCK_50    ; 0.000        ; 0.000      ; 0.367      ;
; 0.215  ; Lock_Controller:u_control|wrong_count[2]                 ; Lock_Controller:u_control|wrong_count[2]                 ; CLOCK_50                                          ; CLOCK_50    ; 0.000        ; 0.000      ; 0.367      ;
; 0.215  ; Lock_Controller:u_control|digit_count[2]                 ; Lock_Controller:u_control|digit_count[2]                 ; CLOCK_50                                          ; CLOCK_50    ; 0.000        ; 0.000      ; 0.367      ;
; 0.215  ; Lock_Controller:u_control|digit_count[1]                 ; Lock_Controller:u_control|digit_count[1]                 ; CLOCK_50                                          ; CLOCK_50    ; 0.000        ; 0.000      ; 0.367      ;
; 0.215  ; Top_LCD:u_lcd_display|disp_state.10                      ; Top_LCD:u_lcd_display|disp_state.10                      ; CLOCK_50                                          ; CLOCK_50    ; 0.000        ; 0.000      ; 0.367      ;
; 0.215  ; Top_LCD:u_lcd_display|disp_state.11                      ; Top_LCD:u_lcd_display|disp_state.11                      ; CLOCK_50                                          ; CLOCK_50    ; 0.000        ; 0.000      ; 0.367      ;
; 0.215  ; Top_LCD:u_lcd_display|lcd_valid                          ; Top_LCD:u_lcd_display|lcd_valid                          ; CLOCK_50                                          ; CLOCK_50    ; 0.000        ; 0.000      ; 0.367      ;
; 0.215  ; Top_LCD:u_lcd_display|digit_count[0]                     ; Top_LCD:u_lcd_display|digit_count[0]                     ; CLOCK_50                                          ; CLOCK_50    ; 0.000        ; 0.000      ; 0.367      ;
; 0.215  ; Top_LCD:u_lcd_display|digit_count[1]                     ; Top_LCD:u_lcd_display|digit_count[1]                     ; CLOCK_50                                          ; CLOCK_50    ; 0.000        ; 0.000      ; 0.367      ;
; 0.215  ; Top_LCD:u_lcd_display|digit_count[2]                     ; Top_LCD:u_lcd_display|digit_count[2]                     ; CLOCK_50                                          ; CLOCK_50    ; 0.000        ; 0.000      ; 0.367      ;
; 0.215  ; Top_LCD:u_lcd_display|line2_buffer[6][5]                 ; Top_LCD:u_lcd_display|line2_buffer[6][5]                 ; CLOCK_50                                          ; CLOCK_50    ; 0.000        ; 0.000      ; 0.367      ;
; 0.215  ; Top_LCD:u_lcd_display|line2_buffer[8][5]                 ; Top_LCD:u_lcd_display|line2_buffer[8][5]                 ; CLOCK_50                                          ; CLOCK_50    ; 0.000        ; 0.000      ; 0.367      ;
; 0.239  ; Top_LCD:u_lcd_display|btn_digit_prev                     ; Top_LCD:u_lcd_display|refresh_tick                       ; CLOCK_50                                          ; CLOCK_50    ; 0.000        ; 0.000      ; 0.391      ;
; 0.241  ; Lock_Controller:u_control|delay_timer[29]                ; Lock_Controller:u_control|delay_timer[29]                ; CLOCK_50                                          ; CLOCK_50    ; 0.000        ; 0.000      ; 0.393      ;
; 0.243  ; Top_LCD:u_lcd_display|LCD_Controller:u_lcd|clk_count[15] ; Top_LCD:u_lcd_display|LCD_Controller:u_lcd|clk_count[15] ; CLOCK_50                                          ; CLOCK_50    ; 0.000        ; 0.000      ; 0.395      ;
; 0.243  ; clk_divider:u_clk_div|count[15]                          ; clk_divider:u_clk_div|count[15]                          ; CLOCK_50                                          ; CLOCK_50    ; 0.000        ; 0.000      ; 0.395      ;
; 0.255  ; Top_LCD:u_lcd_display|char_idx[4]                        ; Top_LCD:u_lcd_display|char_idx[4]                        ; CLOCK_50                                          ; CLOCK_50    ; 0.000        ; 0.000      ; 0.407      ;
; 0.260  ; Top_LCD:u_lcd_display|digit_count[1]                     ; Top_LCD:u_lcd_display|line2_buffer[9][5]                 ; CLOCK_50                                          ; CLOCK_50    ; 0.000        ; 0.000      ; 0.412      ;
; 0.262  ; Top_LCD:u_lcd_display|digit_count[1]                     ; Top_LCD:u_lcd_display|digit_count[2]                     ; CLOCK_50                                          ; CLOCK_50    ; 0.000        ; 0.000      ; 0.414      ;
; 0.267  ; Top_LCD:u_lcd_display|digit_count[0]                     ; Top_LCD:u_lcd_display|digit_count[1]                     ; CLOCK_50                                          ; CLOCK_50    ; 0.000        ; 0.000      ; 0.419      ;
; 0.317  ; Lock_Controller:u_control|entered_pass[3]                ; Lock_Controller:u_control|entered_pass[7]                ; CLOCK_50                                          ; CLOCK_50    ; 0.000        ; 0.000      ; 0.469      ;
; 0.340  ; Lock_Controller:u_control|valid_sync2                    ; Lock_Controller:u_control|valid_prev                     ; CLOCK_50                                          ; CLOCK_50    ; 0.000        ; 0.000      ; 0.492      ;
; 0.351  ; Top_LCD:u_lcd_display|digit_count[2]                     ; Top_LCD:u_lcd_display|digit_count[0]                     ; CLOCK_50                                          ; CLOCK_50    ; 0.000        ; 0.000      ; 0.503      ;
; 0.356  ; Top_LCD:u_lcd_display|LCD_Controller:u_lcd|clk_count[2]  ; Top_LCD:u_lcd_display|LCD_Controller:u_lcd|clk_count[2]  ; CLOCK_50                                          ; CLOCK_50    ; 0.000        ; 0.000      ; 0.508      ;
; 0.357  ; Top_LCD:u_lcd_display|LCD_Controller:u_lcd|clk_count[0]  ; Top_LCD:u_lcd_display|LCD_Controller:u_lcd|clk_count[0]  ; CLOCK_50                                          ; CLOCK_50    ; 0.000        ; 0.000      ; 0.509      ;
; 0.357  ; Top_LCD:u_lcd_display|LCD_Controller:u_lcd|clk_count[1]  ; Top_LCD:u_lcd_display|LCD_Controller:u_lcd|clk_count[1]  ; CLOCK_50                                          ; CLOCK_50    ; 0.000        ; 0.000      ; 0.509      ;
; 0.358  ; Top_LCD:u_lcd_display|LCD_Controller:u_lcd|clk_count[7]  ; Top_LCD:u_lcd_display|LCD_Controller:u_lcd|clk_count[7]  ; CLOCK_50                                          ; CLOCK_50    ; 0.000        ; 0.000      ; 0.510      ;
; 0.358  ; clk_divider:u_clk_div|count[9]                           ; clk_divider:u_clk_div|count[9]                           ; CLOCK_50                                          ; CLOCK_50    ; 0.000        ; 0.000      ; 0.510      ;
; 0.358  ; clk_divider:u_clk_div|count[11]                          ; clk_divider:u_clk_div|count[11]                          ; CLOCK_50                                          ; CLOCK_50    ; 0.000        ; 0.000      ; 0.510      ;
; 0.358  ; Lock_Controller:u_control|delay_timer[1]                 ; Lock_Controller:u_control|delay_timer[1]                 ; CLOCK_50                                          ; CLOCK_50    ; 0.000        ; 0.000      ; 0.510      ;
; 0.358  ; Lock_Controller:u_control|delay_timer[15]                ; Lock_Controller:u_control|delay_timer[15]                ; CLOCK_50                                          ; CLOCK_50    ; 0.000        ; 0.000      ; 0.510      ;
; 0.359  ; Lock_Controller:u_control|delay_timer[3]                 ; Lock_Controller:u_control|delay_timer[3]                 ; CLOCK_50                                          ; CLOCK_50    ; 0.000        ; 0.000      ; 0.511      ;
; 0.359  ; Lock_Controller:u_control|delay_timer[6]                 ; Lock_Controller:u_control|delay_timer[6]                 ; CLOCK_50                                          ; CLOCK_50    ; 0.000        ; 0.000      ; 0.511      ;
; 0.359  ; Top_LCD:u_lcd_display|btn_status_prev                    ; Top_LCD:u_lcd_display|refresh_tick                       ; CLOCK_50                                          ; CLOCK_50    ; 0.000        ; 0.000      ; 0.511      ;
; 0.360  ; Top_LCD:u_lcd_display|LCD_Controller:u_lcd|clk_count[9]  ; Top_LCD:u_lcd_display|LCD_Controller:u_lcd|clk_count[9]  ; CLOCK_50                                          ; CLOCK_50    ; 0.000        ; 0.000      ; 0.512      ;
; 0.360  ; Top_LCD:u_lcd_display|LCD_Controller:u_lcd|clk_count[11] ; Top_LCD:u_lcd_display|LCD_Controller:u_lcd|clk_count[11] ; CLOCK_50                                          ; CLOCK_50    ; 0.000        ; 0.000      ; 0.512      ;
; 0.360  ; clk_divider:u_clk_div|count[2]                           ; clk_divider:u_clk_div|count[2]                           ; CLOCK_50                                          ; CLOCK_50    ; 0.000        ; 0.000      ; 0.512      ;
; 0.361  ; Top_LCD:u_lcd_display|LCD_Controller:u_lcd|clk_count[13] ; Top_LCD:u_lcd_display|LCD_Controller:u_lcd|clk_count[13] ; CLOCK_50                                          ; CLOCK_50    ; 0.000        ; 0.000      ; 0.513      ;
; 0.361  ; Top_LCD:u_lcd_display|LCD_Controller:u_lcd|clk_count[14] ; Top_LCD:u_lcd_display|LCD_Controller:u_lcd|clk_count[14] ; CLOCK_50                                          ; CLOCK_50    ; 0.000        ; 0.000      ; 0.513      ;
; 0.361  ; clk_divider:u_clk_div|count[4]                           ; clk_divider:u_clk_div|count[4]                           ; CLOCK_50                                          ; CLOCK_50    ; 0.000        ; 0.000      ; 0.513      ;
; 0.361  ; clk_divider:u_clk_div|count[7]                           ; clk_divider:u_clk_div|count[7]                           ; CLOCK_50                                          ; CLOCK_50    ; 0.000        ; 0.000      ; 0.513      ;
; 0.361  ; clk_divider:u_clk_div|count[13]                          ; clk_divider:u_clk_div|count[13]                          ; CLOCK_50                                          ; CLOCK_50    ; 0.000        ; 0.000      ; 0.513      ;
; 0.361  ; clk_divider:u_clk_div|count[14]                          ; clk_divider:u_clk_div|count[14]                          ; CLOCK_50                                          ; CLOCK_50    ; 0.000        ; 0.000      ; 0.513      ;
; 0.361  ; Lock_Controller:u_control|delay_timer[12]                ; Lock_Controller:u_control|delay_timer[12]                ; CLOCK_50                                          ; CLOCK_50    ; 0.000        ; 0.000      ; 0.513      ;
; 0.361  ; Lock_Controller:u_control|delay_timer[13]                ; Lock_Controller:u_control|delay_timer[13]                ; CLOCK_50                                          ; CLOCK_50    ; 0.000        ; 0.000      ; 0.513      ;
; 0.361  ; Lock_Controller:u_control|delay_timer[28]                ; Lock_Controller:u_control|delay_timer[28]                ; CLOCK_50                                          ; CLOCK_50    ; 0.000        ; 0.000      ; 0.513      ;
; 0.361  ; Lock_Controller:u_control|delay_timer[14]                ; Lock_Controller:u_control|delay_timer[14]                ; CLOCK_50                                          ; CLOCK_50    ; 0.000        ; 0.000      ; 0.513      ;
; 0.362  ; Lock_Controller:u_control|delay_timer[0]                 ; Lock_Controller:u_control|delay_timer[0]                 ; CLOCK_50                                          ; CLOCK_50    ; 0.000        ; 0.000      ; 0.514      ;
; 0.362  ; Lock_Controller:u_control|delay_timer[24]                ; Lock_Controller:u_control|delay_timer[24]                ; CLOCK_50                                          ; CLOCK_50    ; 0.000        ; 0.000      ; 0.514      ;
; 0.363  ; Lock_Controller:u_control|delay_timer[16]                ; Lock_Controller:u_control|delay_timer[16]                ; CLOCK_50                                          ; CLOCK_50    ; 0.000        ; 0.000      ; 0.515      ;
; 0.363  ; Lock_Controller:u_control|delay_timer[22]                ; Lock_Controller:u_control|delay_timer[22]                ; CLOCK_50                                          ; CLOCK_50    ; 0.000        ; 0.000      ; 0.515      ;
; 0.363  ; Lock_Controller:u_control|delay_timer[26]                ; Lock_Controller:u_control|delay_timer[26]                ; CLOCK_50                                          ; CLOCK_50    ; 0.000        ; 0.000      ; 0.515      ;
; 0.364  ; Lock_Controller:u_control|delay_timer[17]                ; Lock_Controller:u_control|delay_timer[17]                ; CLOCK_50                                          ; CLOCK_50    ; 0.000        ; 0.000      ; 0.516      ;
; 0.364  ; Lock_Controller:u_control|entered_pass[7]                ; Lock_Controller:u_control|entered_pass[11]               ; CLOCK_50                                          ; CLOCK_50    ; 0.000        ; 0.000      ; 0.516      ;
; 0.364  ; Lock_Controller:u_control|entered_pass[4]                ; Lock_Controller:u_control|entered_pass[8]                ; CLOCK_50                                          ; CLOCK_50    ; 0.000        ; 0.000      ; 0.516      ;
; 0.365  ; Lock_Controller:u_control|delay_timer[8]                 ; Lock_Controller:u_control|delay_timer[8]                 ; CLOCK_50                                          ; CLOCK_50    ; 0.000        ; 0.000      ; 0.517      ;
; 0.366  ; Lock_Controller:u_control|delay_timer[10]                ; Lock_Controller:u_control|delay_timer[10]                ; CLOCK_50                                          ; CLOCK_50    ; 0.000        ; 0.000      ; 0.518      ;
; 0.368  ; Top_LCD:u_lcd_display|LCD_Controller:u_lcd|clk_count[8]  ; Top_LCD:u_lcd_display|LCD_Controller:u_lcd|clk_count[8]  ; CLOCK_50                                          ; CLOCK_50    ; 0.000        ; 0.000      ; 0.520      ;
; 0.369  ; Top_LCD:u_lcd_display|LCD_Controller:u_lcd|clk_count[3]  ; Top_LCD:u_lcd_display|LCD_Controller:u_lcd|clk_count[3]  ; CLOCK_50                                          ; CLOCK_50    ; 0.000        ; 0.000      ; 0.521      ;
; 0.369  ; Top_LCD:u_lcd_display|LCD_Controller:u_lcd|clk_count[5]  ; Top_LCD:u_lcd_display|LCD_Controller:u_lcd|clk_count[5]  ; CLOCK_50                                          ; CLOCK_50    ; 0.000        ; 0.000      ; 0.521      ;
; 0.369  ; Top_LCD:u_lcd_display|LCD_Controller:u_lcd|clk_count[12] ; Top_LCD:u_lcd_display|LCD_Controller:u_lcd|clk_count[12] ; CLOCK_50                                          ; CLOCK_50    ; 0.000        ; 0.000      ; 0.521      ;
; 0.369  ; Lock_Controller:u_control|delay_timer[2]                 ; Lock_Controller:u_control|delay_timer[2]                 ; CLOCK_50                                          ; CLOCK_50    ; 0.000        ; 0.000      ; 0.521      ;
; 0.369  ; Lock_Controller:u_control|entered_pass[2]                ; Lock_Controller:u_control|entered_pass[6]                ; CLOCK_50                                          ; CLOCK_50    ; 0.000        ; 0.000      ; 0.521      ;
; 0.369  ; Lock_Controller:u_control|entered_pass[0]                ; Lock_Controller:u_control|entered_pass[4]                ; CLOCK_50                                          ; CLOCK_50    ; 0.000        ; 0.000      ; 0.521      ;
; 0.370  ; Lock_Controller:u_control|delay_timer[4]                 ; Lock_Controller:u_control|delay_timer[4]                 ; CLOCK_50                                          ; CLOCK_50    ; 0.000        ; 0.000      ; 0.522      ;
; 0.370  ; Lock_Controller:u_control|delay_timer[5]                 ; Lock_Controller:u_control|delay_timer[5]                 ; CLOCK_50                                          ; CLOCK_50    ; 0.000        ; 0.000      ; 0.522      ;
; 0.370  ; keypad_scanner:u_scanner|data_out[0]                     ; Top_LCD:u_lcd_display|line2_buffer[7][0]                 ; clk_divider:u_clk_div|clk_out                     ; CLOCK_50    ; 0.000        ; 0.081      ; 0.603      ;
; 0.371  ; clk_divider:u_clk_div|count[3]                           ; clk_divider:u_clk_div|count[3]                           ; CLOCK_50                                          ; CLOCK_50    ; 0.000        ; 0.000      ; 0.523      ;
; 0.371  ; clk_divider:u_clk_div|count[8]                           ; clk_divider:u_clk_div|count[8]                           ; CLOCK_50                                          ; CLOCK_50    ; 0.000        ; 0.000      ; 0.523      ;
; 0.371  ; clk_divider:u_clk_div|count[10]                          ; clk_divider:u_clk_div|count[10]                          ; CLOCK_50                                          ; CLOCK_50    ; 0.000        ; 0.000      ; 0.523      ;
; 0.371  ; Lock_Controller:u_control|delay_timer[23]                ; Lock_Controller:u_control|delay_timer[23]                ; CLOCK_50                                          ; CLOCK_50    ; 0.000        ; 0.000      ; 0.523      ;
; 0.371  ; Lock_Controller:u_control|delay_timer[25]                ; Lock_Controller:u_control|delay_timer[25]                ; CLOCK_50                                          ; CLOCK_50    ; 0.000        ; 0.000      ; 0.523      ;
; 0.372  ; clk_divider:u_clk_div|count[5]                           ; clk_divider:u_clk_div|count[5]                           ; CLOCK_50                                          ; CLOCK_50    ; 0.000        ; 0.000      ; 0.524      ;
; 0.372  ; clk_divider:u_clk_div|count[6]                           ; clk_divider:u_clk_div|count[6]                           ; CLOCK_50                                          ; CLOCK_50    ; 0.000        ; 0.000      ; 0.524      ;
; 0.372  ; clk_divider:u_clk_div|count[12]                          ; clk_divider:u_clk_div|count[12]                          ; CLOCK_50                                          ; CLOCK_50    ; 0.000        ; 0.000      ; 0.524      ;
; 0.372  ; Lock_Controller:u_control|delay_timer[27]                ; Lock_Controller:u_control|delay_timer[27]                ; CLOCK_50                                          ; CLOCK_50    ; 0.000        ; 0.000      ; 0.524      ;
; 0.373  ; Top_LCD:u_lcd_display|char_idx[3]                        ; Top_LCD:u_lcd_display|char_idx[3]                        ; CLOCK_50                                          ; CLOCK_50    ; 0.000        ; 0.000      ; 0.525      ;
; 0.373  ; Lock_Controller:u_control|wrong_count[0]                 ; Lock_Controller:u_control|wrong_count[2]                 ; CLOCK_50                                          ; CLOCK_50    ; 0.000        ; 0.000      ; 0.525      ;
; 0.374  ; Lock_Controller:u_control|delay_timer[20]                ; Lock_Controller:u_control|delay_timer[20]                ; CLOCK_50                                          ; CLOCK_50    ; 0.000        ; 0.000      ; 0.526      ;
; 0.374  ; Lock_Controller:u_control|delay_timer[21]                ; Lock_Controller:u_control|delay_timer[21]                ; CLOCK_50                                          ; CLOCK_50    ; 0.000        ; 0.000      ; 0.526      ;
; 0.375  ; Lock_Controller:u_control|delay_timer[18]                ; Lock_Controller:u_control|delay_timer[18]                ; CLOCK_50                                          ; CLOCK_50    ; 0.000        ; 0.000      ; 0.527      ;
; 0.375  ; Top_LCD:u_lcd_display|char_idx[1]                        ; Top_LCD:u_lcd_display|char_idx[1]                        ; CLOCK_50                                          ; CLOCK_50    ; 0.000        ; 0.000      ; 0.527      ;
; 0.376  ; Lock_Controller:u_control|delay_timer[11]                ; Lock_Controller:u_control|delay_timer[11]                ; CLOCK_50                                          ; CLOCK_50    ; 0.000        ; 0.000      ; 0.528      ;
; 0.377  ; Lock_Controller:u_control|delay_timer[7]                 ; Lock_Controller:u_control|delay_timer[7]                 ; CLOCK_50                                          ; CLOCK_50    ; 0.000        ; 0.000      ; 0.529      ;
; 0.377  ; Lock_Controller:u_control|delay_timer[9]                 ; Lock_Controller:u_control|delay_timer[9]                 ; CLOCK_50                                          ; CLOCK_50    ; 0.000        ; 0.000      ; 0.529      ;
; 0.377  ; Lock_Controller:u_control|digit_count[0]                 ; Lock_Controller:u_control|digit_count[1]                 ; CLOCK_50                                          ; CLOCK_50    ; 0.000        ; 0.000      ; 0.529      ;
; 0.379  ; Lock_Controller:u_control|entered_pass[6]                ; Lock_Controller:u_control|entered_pass[10]               ; CLOCK_50                                          ; CLOCK_50    ; 0.000        ; 0.000      ; 0.531      ;
; 0.379  ; Lock_Controller:u_control|wrong_count[0]                 ; Lock_Controller:u_control|wrong_count[1]                 ; CLOCK_50                                          ; CLOCK_50    ; 0.000        ; 0.000      ; 0.531      ;
; 0.383  ; Top_LCD:u_lcd_display|char_idx[0]                        ; Top_LCD:u_lcd_display|char_idx[0]                        ; CLOCK_50                                          ; CLOCK_50    ; 0.000        ; 0.000      ; 0.535      ;
; 0.383  ; Top_LCD:u_lcd_display|digit_count[1]                     ; Top_LCD:u_lcd_display|line2_buffer[7][5]                 ; CLOCK_50                                          ; CLOCK_50    ; 0.000        ; 0.000      ; 0.535      ;
; 0.389  ; Top_LCD:u_lcd_display|char_idx[2]                        ; Top_LCD:u_lcd_display|char_idx[2]                        ; CLOCK_50                                          ; CLOCK_50    ; 0.000        ; 0.000      ; 0.541      ;
; 0.391  ; Top_LCD:u_lcd_display|digit_count[0]                     ; Top_LCD:u_lcd_display|line2_buffer[7][5]                 ; CLOCK_50                                          ; CLOCK_50    ; 0.000        ; 0.000      ; 0.543      ;
; 0.393  ; Lock_Controller:u_control|entered_pass[12]               ; Lock_Controller:u_control|saved_pass[12]                 ; CLOCK_50                                          ; CLOCK_50    ; 0.000        ; 0.000      ; 0.545      ;
+--------+----------------------------------------------------------+----------------------------------------------------------+---------------------------------------------------+-------------+--------------+------------+------------+


+----------------------------------------------------------------------------------------------------------------------------------------------------------------------------------------------------------------------------------------------------------------------------------------+
; Fast Model Hold: 'Top_LCD:u_lcd_display|LCD_Controller:u_lcd|clk_1k'                                                                                                                                                                                                                   ;
+-------+---------------------------------------------------------------+---------------------------------------------------------------+---------------------------------------------------+---------------------------------------------------+--------------+------------+------------+
; Slack ; From Node                                                     ; To Node                                                       ; Launch Clock                                      ; Latch Clock                                       ; Relationship ; Clock Skew ; Data Delay ;
+-------+---------------------------------------------------------------+---------------------------------------------------------------+---------------------------------------------------+---------------------------------------------------+--------------+------------+------------+
; 0.056 ; Top_LCD:u_lcd_display|lcd_valid                               ; Top_LCD:u_lcd_display|LCD_Controller:u_lcd|oReady             ; CLOCK_50                                          ; Top_LCD:u_lcd_display|LCD_Controller:u_lcd|clk_1k ; 0.000        ; 0.188      ; 0.396      ;
; 0.060 ; Top_LCD:u_lcd_display|lcd_valid                               ; Top_LCD:u_lcd_display|LCD_Controller:u_lcd|state.SET_POS      ; CLOCK_50                                          ; Top_LCD:u_lcd_display|LCD_Controller:u_lcd|clk_1k ; 0.000        ; 0.188      ; 0.400      ;
; 0.061 ; Top_LCD:u_lcd_display|lcd_valid                               ; Top_LCD:u_lcd_display|LCD_Controller:u_lcd|state.IDLE         ; CLOCK_50                                          ; Top_LCD:u_lcd_display|LCD_Controller:u_lcd|clk_1k ; 0.000        ; 0.188      ; 0.401      ;
; 0.139 ; Top_LCD:u_lcd_display|lcd_data_in[2]                          ; Top_LCD:u_lcd_display|LCD_Controller:u_lcd|LCD_DATA[2]        ; CLOCK_50                                          ; Top_LCD:u_lcd_display|LCD_Controller:u_lcd|clk_1k ; 0.000        ; 0.188      ; 0.479      ;
; 0.139 ; Top_LCD:u_lcd_display|lcd_data_in[3]                          ; Top_LCD:u_lcd_display|LCD_Controller:u_lcd|LCD_DATA[3]        ; CLOCK_50                                          ; Top_LCD:u_lcd_display|LCD_Controller:u_lcd|clk_1k ; 0.000        ; 0.188      ; 0.479      ;
; 0.170 ; Top_LCD:u_lcd_display|lcd_col[0]                              ; Top_LCD:u_lcd_display|LCD_Controller:u_lcd|LCD_DATA[0]        ; CLOCK_50                                          ; Top_LCD:u_lcd_display|LCD_Controller:u_lcd|clk_1k ; 0.000        ; 0.188      ; 0.510      ;
; 0.172 ; Top_LCD:u_lcd_display|lcd_col[1]                              ; Top_LCD:u_lcd_display|LCD_Controller:u_lcd|LCD_DATA[1]        ; CLOCK_50                                          ; Top_LCD:u_lcd_display|LCD_Controller:u_lcd|clk_1k ; 0.000        ; 0.188      ; 0.512      ;
; 0.172 ; Top_LCD:u_lcd_display|lcd_col[2]                              ; Top_LCD:u_lcd_display|LCD_Controller:u_lcd|LCD_DATA[2]        ; CLOCK_50                                          ; Top_LCD:u_lcd_display|LCD_Controller:u_lcd|clk_1k ; 0.000        ; 0.188      ; 0.512      ;
; 0.174 ; Top_LCD:u_lcd_display|lcd_data_in[5]                          ; Top_LCD:u_lcd_display|LCD_Controller:u_lcd|LCD_DATA[5]        ; CLOCK_50                                          ; Top_LCD:u_lcd_display|LCD_Controller:u_lcd|clk_1k ; 0.000        ; 0.188      ; 0.514      ;
; 0.179 ; Top_LCD:u_lcd_display|lcd_col[3]                              ; Top_LCD:u_lcd_display|LCD_Controller:u_lcd|LCD_DATA[3]        ; CLOCK_50                                          ; Top_LCD:u_lcd_display|LCD_Controller:u_lcd|clk_1k ; 0.000        ; 0.188      ; 0.519      ;
; 0.190 ; Top_LCD:u_lcd_display|lcd_row                                 ; Top_LCD:u_lcd_display|LCD_Controller:u_lcd|LCD_DATA[6]        ; CLOCK_50                                          ; Top_LCD:u_lcd_display|LCD_Controller:u_lcd|clk_1k ; 0.000        ; 0.188      ; 0.530      ;
; 0.215 ; Top_LCD:u_lcd_display|LCD_Controller:u_lcd|count[0]           ; Top_LCD:u_lcd_display|LCD_Controller:u_lcd|count[0]           ; Top_LCD:u_lcd_display|LCD_Controller:u_lcd|clk_1k ; Top_LCD:u_lcd_display|LCD_Controller:u_lcd|clk_1k ; 0.000        ; 0.000      ; 0.367      ;
; 0.215 ; Top_LCD:u_lcd_display|LCD_Controller:u_lcd|count[1]           ; Top_LCD:u_lcd_display|LCD_Controller:u_lcd|count[1]           ; Top_LCD:u_lcd_display|LCD_Controller:u_lcd|clk_1k ; Top_LCD:u_lcd_display|LCD_Controller:u_lcd|clk_1k ; 0.000        ; 0.000      ; 0.367      ;
; 0.215 ; Top_LCD:u_lcd_display|LCD_Controller:u_lcd|count[2]           ; Top_LCD:u_lcd_display|LCD_Controller:u_lcd|count[2]           ; Top_LCD:u_lcd_display|LCD_Controller:u_lcd|clk_1k ; Top_LCD:u_lcd_display|LCD_Controller:u_lcd|clk_1k ; 0.000        ; 0.000      ; 0.367      ;
; 0.215 ; Top_LCD:u_lcd_display|LCD_Controller:u_lcd|state.IDLE         ; Top_LCD:u_lcd_display|LCD_Controller:u_lcd|state.IDLE         ; Top_LCD:u_lcd_display|LCD_Controller:u_lcd|clk_1k ; Top_LCD:u_lcd_display|LCD_Controller:u_lcd|clk_1k ; 0.000        ; 0.000      ; 0.367      ;
; 0.215 ; Top_LCD:u_lcd_display|LCD_Controller:u_lcd|oReady             ; Top_LCD:u_lcd_display|LCD_Controller:u_lcd|oReady             ; Top_LCD:u_lcd_display|LCD_Controller:u_lcd|clk_1k ; Top_LCD:u_lcd_display|LCD_Controller:u_lcd|clk_1k ; 0.000        ; 0.000      ; 0.367      ;
; 0.215 ; Top_LCD:u_lcd_display|LCD_Controller:u_lcd|LCD_DATA[6]        ; Top_LCD:u_lcd_display|LCD_Controller:u_lcd|LCD_DATA[6]        ; Top_LCD:u_lcd_display|LCD_Controller:u_lcd|clk_1k ; Top_LCD:u_lcd_display|LCD_Controller:u_lcd|clk_1k ; 0.000        ; 0.000      ; 0.367      ;
; 0.215 ; Top_LCD:u_lcd_display|LCD_Controller:u_lcd|LCD_DATA[7]        ; Top_LCD:u_lcd_display|LCD_Controller:u_lcd|LCD_DATA[7]        ; Top_LCD:u_lcd_display|LCD_Controller:u_lcd|clk_1k ; Top_LCD:u_lcd_display|LCD_Controller:u_lcd|clk_1k ; 0.000        ; 0.000      ; 0.367      ;
; 0.215 ; Top_LCD:u_lcd_display|LCD_Controller:u_lcd|LCD_EN             ; Top_LCD:u_lcd_display|LCD_Controller:u_lcd|LCD_EN             ; Top_LCD:u_lcd_display|LCD_Controller:u_lcd|clk_1k ; Top_LCD:u_lcd_display|LCD_Controller:u_lcd|clk_1k ; 0.000        ; 0.000      ; 0.367      ;
; 0.215 ; Top_LCD:u_lcd_display|LCD_Controller:u_lcd|LCD_RS             ; Top_LCD:u_lcd_display|LCD_Controller:u_lcd|LCD_RS             ; Top_LCD:u_lcd_display|LCD_Controller:u_lcd|clk_1k ; Top_LCD:u_lcd_display|LCD_Controller:u_lcd|clk_1k ; 0.000        ; 0.000      ; 0.367      ;
; 0.246 ; Top_LCD:u_lcd_display|LCD_Controller:u_lcd|state.IDLE         ; Top_LCD:u_lcd_display|LCD_Controller:u_lcd|LCD_EN             ; Top_LCD:u_lcd_display|LCD_Controller:u_lcd|clk_1k ; Top_LCD:u_lcd_display|LCD_Controller:u_lcd|clk_1k ; 0.000        ; 0.000      ; 0.398      ;
; 0.252 ; Top_LCD:u_lcd_display|lcd_data_in[4]                          ; Top_LCD:u_lcd_display|LCD_Controller:u_lcd|LCD_DATA[4]        ; CLOCK_50                                          ; Top_LCD:u_lcd_display|LCD_Controller:u_lcd|clk_1k ; 0.000        ; 0.197      ; 0.601      ;
; 0.315 ; Top_LCD:u_lcd_display|lcd_data_in[0]                          ; Top_LCD:u_lcd_display|LCD_Controller:u_lcd|LCD_DATA[0]        ; CLOCK_50                                          ; Top_LCD:u_lcd_display|LCD_Controller:u_lcd|clk_1k ; 0.000        ; 0.197      ; 0.664      ;
; 0.316 ; Top_LCD:u_lcd_display|LCD_Controller:u_lcd|state.INIT_HOLD    ; Top_LCD:u_lcd_display|LCD_Controller:u_lcd|state.INIT         ; Top_LCD:u_lcd_display|LCD_Controller:u_lcd|clk_1k ; Top_LCD:u_lcd_display|LCD_Controller:u_lcd|clk_1k ; 0.000        ; 0.000      ; 0.468      ;
; 0.332 ; Top_LCD:u_lcd_display|LCD_Controller:u_lcd|count[1]           ; Top_LCD:u_lcd_display|LCD_Controller:u_lcd|count[2]           ; Top_LCD:u_lcd_display|LCD_Controller:u_lcd|clk_1k ; Top_LCD:u_lcd_display|LCD_Controller:u_lcd|clk_1k ; 0.000        ; 0.000      ; 0.484      ;
; 0.351 ; Top_LCD:u_lcd_display|lcd_data_in[1]                          ; Top_LCD:u_lcd_display|LCD_Controller:u_lcd|LCD_DATA[1]        ; CLOCK_50                                          ; Top_LCD:u_lcd_display|LCD_Controller:u_lcd|clk_1k ; 0.000        ; 0.197      ; 0.700      ;
; 0.361 ; Top_LCD:u_lcd_display|LCD_Controller:u_lcd|count[2]           ; Top_LCD:u_lcd_display|LCD_Controller:u_lcd|count[0]           ; Top_LCD:u_lcd_display|LCD_Controller:u_lcd|clk_1k ; Top_LCD:u_lcd_display|LCD_Controller:u_lcd|clk_1k ; 0.000        ; 0.000      ; 0.513      ;
; 0.364 ; Top_LCD:u_lcd_display|LCD_Controller:u_lcd|count[2]           ; Top_LCD:u_lcd_display|LCD_Controller:u_lcd|state.INIT         ; Top_LCD:u_lcd_display|LCD_Controller:u_lcd|clk_1k ; Top_LCD:u_lcd_display|LCD_Controller:u_lcd|clk_1k ; 0.000        ; 0.000      ; 0.516      ;
; 0.366 ; Top_LCD:u_lcd_display|LCD_Controller:u_lcd|count[2]           ; Top_LCD:u_lcd_display|LCD_Controller:u_lcd|count[1]           ; Top_LCD:u_lcd_display|LCD_Controller:u_lcd|clk_1k ; Top_LCD:u_lcd_display|LCD_Controller:u_lcd|clk_1k ; 0.000        ; 0.000      ; 0.518      ;
; 0.367 ; Top_LCD:u_lcd_display|LCD_Controller:u_lcd|state.IDLE         ; Top_LCD:u_lcd_display|LCD_Controller:u_lcd|oReady             ; Top_LCD:u_lcd_display|LCD_Controller:u_lcd|clk_1k ; Top_LCD:u_lcd_display|LCD_Controller:u_lcd|clk_1k ; 0.000        ; 0.000      ; 0.519      ;
; 0.370 ; Top_LCD:u_lcd_display|LCD_Controller:u_lcd|state.IDLE         ; Top_LCD:u_lcd_display|LCD_Controller:u_lcd|state.SET_POS      ; Top_LCD:u_lcd_display|LCD_Controller:u_lcd|clk_1k ; Top_LCD:u_lcd_display|LCD_Controller:u_lcd|clk_1k ; 0.000        ; 0.000      ; 0.522      ;
; 0.381 ; Top_LCD:u_lcd_display|LCD_Controller:u_lcd|count[1]           ; Top_LCD:u_lcd_display|LCD_Controller:u_lcd|count[0]           ; Top_LCD:u_lcd_display|LCD_Controller:u_lcd|clk_1k ; Top_LCD:u_lcd_display|LCD_Controller:u_lcd|clk_1k ; 0.000        ; 0.000      ; 0.533      ;
; 0.387 ; Top_LCD:u_lcd_display|LCD_Controller:u_lcd|state.SET_POS      ; Top_LCD:u_lcd_display|LCD_Controller:u_lcd|LCD_DATA[4]        ; Top_LCD:u_lcd_display|LCD_Controller:u_lcd|clk_1k ; Top_LCD:u_lcd_display|LCD_Controller:u_lcd|clk_1k ; 0.000        ; 0.001      ; 0.540      ;
; 0.388 ; Top_LCD:u_lcd_display|LCD_Controller:u_lcd|state.INIT_HOLD    ; Top_LCD:u_lcd_display|LCD_Controller:u_lcd|count[2]           ; Top_LCD:u_lcd_display|LCD_Controller:u_lcd|clk_1k ; Top_LCD:u_lcd_display|LCD_Controller:u_lcd|clk_1k ; 0.000        ; 0.000      ; 0.540      ;
; 0.390 ; Top_LCD:u_lcd_display|LCD_Controller:u_lcd|state.INIT_HOLD    ; Top_LCD:u_lcd_display|LCD_Controller:u_lcd|count[0]           ; Top_LCD:u_lcd_display|LCD_Controller:u_lcd|clk_1k ; Top_LCD:u_lcd_display|LCD_Controller:u_lcd|clk_1k ; 0.000        ; 0.000      ; 0.542      ;
; 0.396 ; Top_LCD:u_lcd_display|LCD_Controller:u_lcd|state.INIT_HOLD    ; Top_LCD:u_lcd_display|LCD_Controller:u_lcd|count[1]           ; Top_LCD:u_lcd_display|LCD_Controller:u_lcd|clk_1k ; Top_LCD:u_lcd_display|LCD_Controller:u_lcd|clk_1k ; 0.000        ; 0.000      ; 0.548      ;
; 0.398 ; Top_LCD:u_lcd_display|LCD_Controller:u_lcd|count[2]           ; Top_LCD:u_lcd_display|LCD_Controller:u_lcd|LCD_DATA[5]        ; Top_LCD:u_lcd_display|LCD_Controller:u_lcd|clk_1k ; Top_LCD:u_lcd_display|LCD_Controller:u_lcd|clk_1k ; 0.000        ; 0.001      ; 0.551      ;
; 0.408 ; Top_LCD:u_lcd_display|LCD_Controller:u_lcd|state.SET_POS      ; Top_LCD:u_lcd_display|LCD_Controller:u_lcd|state.SET_POS_HOLD ; Top_LCD:u_lcd_display|LCD_Controller:u_lcd|clk_1k ; Top_LCD:u_lcd_display|LCD_Controller:u_lcd|clk_1k ; 0.000        ; 0.000      ; 0.560      ;
; 0.409 ; Top_LCD:u_lcd_display|LCD_Controller:u_lcd|state.SET_POS_HOLD ; Top_LCD:u_lcd_display|LCD_Controller:u_lcd|state.SEND         ; Top_LCD:u_lcd_display|LCD_Controller:u_lcd|clk_1k ; Top_LCD:u_lcd_display|LCD_Controller:u_lcd|clk_1k ; 0.000        ; 0.000      ; 0.561      ;
; 0.423 ; Top_LCD:u_lcd_display|lcd_data_in[6]                          ; Top_LCD:u_lcd_display|LCD_Controller:u_lcd|LCD_DATA[6]        ; CLOCK_50                                          ; Top_LCD:u_lcd_display|LCD_Controller:u_lcd|clk_1k ; 0.000        ; 0.194      ; 0.769      ;
; 0.446 ; Top_LCD:u_lcd_display|LCD_Controller:u_lcd|state.SEND         ; Top_LCD:u_lcd_display|LCD_Controller:u_lcd|LCD_DATA[5]        ; Top_LCD:u_lcd_display|LCD_Controller:u_lcd|clk_1k ; Top_LCD:u_lcd_display|LCD_Controller:u_lcd|clk_1k ; 0.000        ; 0.001      ; 0.599      ;
; 0.450 ; Top_LCD:u_lcd_display|LCD_Controller:u_lcd|state.SEND_HOLD    ; Top_LCD:u_lcd_display|LCD_Controller:u_lcd|state.IDLE         ; Top_LCD:u_lcd_display|LCD_Controller:u_lcd|clk_1k ; Top_LCD:u_lcd_display|LCD_Controller:u_lcd|clk_1k ; 0.000        ; 0.000      ; 0.602      ;
; 0.451 ; Top_LCD:u_lcd_display|LCD_Controller:u_lcd|state.SET_POS      ; Top_LCD:u_lcd_display|LCD_Controller:u_lcd|LCD_DATA[7]        ; Top_LCD:u_lcd_display|LCD_Controller:u_lcd|clk_1k ; Top_LCD:u_lcd_display|LCD_Controller:u_lcd|clk_1k ; 0.000        ; -0.002     ; 0.601      ;
; 0.451 ; Top_LCD:u_lcd_display|LCD_Controller:u_lcd|state.SET_POS      ; Top_LCD:u_lcd_display|LCD_Controller:u_lcd|LCD_RS             ; Top_LCD:u_lcd_display|LCD_Controller:u_lcd|clk_1k ; Top_LCD:u_lcd_display|LCD_Controller:u_lcd|clk_1k ; 0.000        ; -0.002     ; 0.601      ;
; 0.455 ; Top_LCD:u_lcd_display|LCD_Controller:u_lcd|state.SEND         ; Top_LCD:u_lcd_display|LCD_Controller:u_lcd|LCD_DATA[4]        ; Top_LCD:u_lcd_display|LCD_Controller:u_lcd|clk_1k ; Top_LCD:u_lcd_display|LCD_Controller:u_lcd|clk_1k ; 0.000        ; 0.001      ; 0.608      ;
; 0.458 ; Top_LCD:u_lcd_display|LCD_Controller:u_lcd|count[1]           ; Top_LCD:u_lcd_display|LCD_Controller:u_lcd|state.INIT         ; Top_LCD:u_lcd_display|LCD_Controller:u_lcd|clk_1k ; Top_LCD:u_lcd_display|LCD_Controller:u_lcd|clk_1k ; 0.000        ; 0.000      ; 0.610      ;
; 0.491 ; Top_LCD:u_lcd_display|LCD_Controller:u_lcd|state.SET_POS      ; Top_LCD:u_lcd_display|LCD_Controller:u_lcd|LCD_DATA[2]        ; Top_LCD:u_lcd_display|LCD_Controller:u_lcd|clk_1k ; Top_LCD:u_lcd_display|LCD_Controller:u_lcd|clk_1k ; 0.000        ; 0.001      ; 0.644      ;
; 0.492 ; Top_LCD:u_lcd_display|LCD_Controller:u_lcd|state.SET_POS      ; Top_LCD:u_lcd_display|LCD_Controller:u_lcd|LCD_DATA[1]        ; Top_LCD:u_lcd_display|LCD_Controller:u_lcd|clk_1k ; Top_LCD:u_lcd_display|LCD_Controller:u_lcd|clk_1k ; 0.000        ; 0.001      ; 0.645      ;
; 0.493 ; Top_LCD:u_lcd_display|LCD_Controller:u_lcd|state.SET_POS      ; Top_LCD:u_lcd_display|LCD_Controller:u_lcd|LCD_DATA[0]        ; Top_LCD:u_lcd_display|LCD_Controller:u_lcd|clk_1k ; Top_LCD:u_lcd_display|LCD_Controller:u_lcd|clk_1k ; 0.000        ; 0.001      ; 0.646      ;
; 0.494 ; Top_LCD:u_lcd_display|LCD_Controller:u_lcd|state.SET_POS      ; Top_LCD:u_lcd_display|LCD_Controller:u_lcd|LCD_DATA[5]        ; Top_LCD:u_lcd_display|LCD_Controller:u_lcd|clk_1k ; Top_LCD:u_lcd_display|LCD_Controller:u_lcd|clk_1k ; 0.000        ; 0.001      ; 0.647      ;
; 0.500 ; Top_LCD:u_lcd_display|LCD_Controller:u_lcd|state.SET_POS      ; Top_LCD:u_lcd_display|LCD_Controller:u_lcd|LCD_DATA[3]        ; Top_LCD:u_lcd_display|LCD_Controller:u_lcd|clk_1k ; Top_LCD:u_lcd_display|LCD_Controller:u_lcd|clk_1k ; 0.000        ; 0.001      ; 0.653      ;
; 0.507 ; Top_LCD:u_lcd_display|LCD_Controller:u_lcd|count[1]           ; Top_LCD:u_lcd_display|LCD_Controller:u_lcd|LCD_DATA[0]        ; Top_LCD:u_lcd_display|LCD_Controller:u_lcd|clk_1k ; Top_LCD:u_lcd_display|LCD_Controller:u_lcd|clk_1k ; 0.000        ; 0.001      ; 0.660      ;
; 0.513 ; Top_LCD:u_lcd_display|LCD_Controller:u_lcd|state.SEND         ; Top_LCD:u_lcd_display|LCD_Controller:u_lcd|LCD_EN             ; Top_LCD:u_lcd_display|LCD_Controller:u_lcd|clk_1k ; Top_LCD:u_lcd_display|LCD_Controller:u_lcd|clk_1k ; 0.000        ; 0.000      ; 0.665      ;
; 0.548 ; Top_LCD:u_lcd_display|LCD_Controller:u_lcd|state.SET_POS      ; Top_LCD:u_lcd_display|LCD_Controller:u_lcd|LCD_EN             ; Top_LCD:u_lcd_display|LCD_Controller:u_lcd|clk_1k ; Top_LCD:u_lcd_display|LCD_Controller:u_lcd|clk_1k ; 0.000        ; 0.000      ; 0.700      ;
; 0.550 ; Top_LCD:u_lcd_display|LCD_Controller:u_lcd|count[0]           ; Top_LCD:u_lcd_display|LCD_Controller:u_lcd|count[2]           ; Top_LCD:u_lcd_display|LCD_Controller:u_lcd|clk_1k ; Top_LCD:u_lcd_display|LCD_Controller:u_lcd|clk_1k ; 0.000        ; 0.000      ; 0.702      ;
; 0.551 ; Top_LCD:u_lcd_display|LCD_Controller:u_lcd|count[0]           ; Top_LCD:u_lcd_display|LCD_Controller:u_lcd|state.INIT         ; Top_LCD:u_lcd_display|LCD_Controller:u_lcd|clk_1k ; Top_LCD:u_lcd_display|LCD_Controller:u_lcd|clk_1k ; 0.000        ; 0.000      ; 0.703      ;
; 0.552 ; Top_LCD:u_lcd_display|LCD_Controller:u_lcd|count[0]           ; Top_LCD:u_lcd_display|LCD_Controller:u_lcd|count[1]           ; Top_LCD:u_lcd_display|LCD_Controller:u_lcd|clk_1k ; Top_LCD:u_lcd_display|LCD_Controller:u_lcd|clk_1k ; 0.000        ; 0.000      ; 0.704      ;
; 0.568 ; Top_LCD:u_lcd_display|LCD_Controller:u_lcd|count[2]           ; Top_LCD:u_lcd_display|LCD_Controller:u_lcd|LCD_DATA[4]        ; Top_LCD:u_lcd_display|LCD_Controller:u_lcd|clk_1k ; Top_LCD:u_lcd_display|LCD_Controller:u_lcd|clk_1k ; 0.000        ; 0.001      ; 0.721      ;
; 0.577 ; Top_LCD:u_lcd_display|LCD_Controller:u_lcd|state.SEND         ; Top_LCD:u_lcd_display|LCD_Controller:u_lcd|LCD_DATA[7]        ; Top_LCD:u_lcd_display|LCD_Controller:u_lcd|clk_1k ; Top_LCD:u_lcd_display|LCD_Controller:u_lcd|clk_1k ; 0.000        ; -0.002     ; 0.727      ;
; 0.578 ; Top_LCD:u_lcd_display|LCD_Controller:u_lcd|state.SEND         ; Top_LCD:u_lcd_display|LCD_Controller:u_lcd|LCD_RS             ; Top_LCD:u_lcd_display|LCD_Controller:u_lcd|clk_1k ; Top_LCD:u_lcd_display|LCD_Controller:u_lcd|clk_1k ; 0.000        ; -0.002     ; 0.728      ;
; 0.594 ; Top_LCD:u_lcd_display|LCD_Controller:u_lcd|state.INIT         ; Top_LCD:u_lcd_display|LCD_Controller:u_lcd|LCD_DATA[7]        ; Top_LCD:u_lcd_display|LCD_Controller:u_lcd|clk_1k ; Top_LCD:u_lcd_display|LCD_Controller:u_lcd|clk_1k ; 0.000        ; -0.002     ; 0.744      ;
; 0.595 ; Top_LCD:u_lcd_display|LCD_Controller:u_lcd|state.INIT         ; Top_LCD:u_lcd_display|LCD_Controller:u_lcd|LCD_RS             ; Top_LCD:u_lcd_display|LCD_Controller:u_lcd|clk_1k ; Top_LCD:u_lcd_display|LCD_Controller:u_lcd|clk_1k ; 0.000        ; -0.002     ; 0.745      ;
; 0.597 ; Top_LCD:u_lcd_display|LCD_Controller:u_lcd|state.SEND         ; Top_LCD:u_lcd_display|LCD_Controller:u_lcd|LCD_DATA[6]        ; Top_LCD:u_lcd_display|LCD_Controller:u_lcd|clk_1k ; Top_LCD:u_lcd_display|LCD_Controller:u_lcd|clk_1k ; 0.000        ; -0.002     ; 0.747      ;
; 0.598 ; Top_LCD:u_lcd_display|LCD_Controller:u_lcd|count[2]           ; Top_LCD:u_lcd_display|LCD_Controller:u_lcd|LCD_DATA[2]        ; Top_LCD:u_lcd_display|LCD_Controller:u_lcd|clk_1k ; Top_LCD:u_lcd_display|LCD_Controller:u_lcd|clk_1k ; 0.000        ; 0.001      ; 0.751      ;
; 0.608 ; Top_LCD:u_lcd_display|LCD_Controller:u_lcd|count[2]           ; Top_LCD:u_lcd_display|LCD_Controller:u_lcd|LCD_DATA[3]        ; Top_LCD:u_lcd_display|LCD_Controller:u_lcd|clk_1k ; Top_LCD:u_lcd_display|LCD_Controller:u_lcd|clk_1k ; 0.000        ; 0.001      ; 0.761      ;
; 0.612 ; Top_LCD:u_lcd_display|LCD_Controller:u_lcd|count[2]           ; Top_LCD:u_lcd_display|LCD_Controller:u_lcd|LCD_DATA[1]        ; Top_LCD:u_lcd_display|LCD_Controller:u_lcd|clk_1k ; Top_LCD:u_lcd_display|LCD_Controller:u_lcd|clk_1k ; 0.000        ; 0.001      ; 0.765      ;
; 0.617 ; Top_LCD:u_lcd_display|LCD_Controller:u_lcd|state.SET_POS      ; Top_LCD:u_lcd_display|LCD_Controller:u_lcd|LCD_DATA[6]        ; Top_LCD:u_lcd_display|LCD_Controller:u_lcd|clk_1k ; Top_LCD:u_lcd_display|LCD_Controller:u_lcd|clk_1k ; 0.000        ; -0.002     ; 0.767      ;
; 0.618 ; Top_LCD:u_lcd_display|LCD_Controller:u_lcd|count[0]           ; Top_LCD:u_lcd_display|LCD_Controller:u_lcd|LCD_DATA[0]        ; Top_LCD:u_lcd_display|LCD_Controller:u_lcd|clk_1k ; Top_LCD:u_lcd_display|LCD_Controller:u_lcd|clk_1k ; 0.000        ; 0.001      ; 0.771      ;
; 0.628 ; Top_LCD:u_lcd_display|LCD_Controller:u_lcd|count[1]           ; Top_LCD:u_lcd_display|LCD_Controller:u_lcd|LCD_DATA[2]        ; Top_LCD:u_lcd_display|LCD_Controller:u_lcd|clk_1k ; Top_LCD:u_lcd_display|LCD_Controller:u_lcd|clk_1k ; 0.000        ; 0.001      ; 0.781      ;
; 0.630 ; Top_LCD:u_lcd_display|LCD_Controller:u_lcd|state.INIT_HOLD    ; Top_LCD:u_lcd_display|LCD_Controller:u_lcd|state.IDLE         ; Top_LCD:u_lcd_display|LCD_Controller:u_lcd|clk_1k ; Top_LCD:u_lcd_display|LCD_Controller:u_lcd|clk_1k ; 0.000        ; 0.000      ; 0.782      ;
; 0.635 ; Top_LCD:u_lcd_display|LCD_Controller:u_lcd|count[1]           ; Top_LCD:u_lcd_display|LCD_Controller:u_lcd|LCD_DATA[3]        ; Top_LCD:u_lcd_display|LCD_Controller:u_lcd|clk_1k ; Top_LCD:u_lcd_display|LCD_Controller:u_lcd|clk_1k ; 0.000        ; 0.001      ; 0.788      ;
; 0.637 ; Top_LCD:u_lcd_display|LCD_Controller:u_lcd|count[0]           ; Top_LCD:u_lcd_display|LCD_Controller:u_lcd|LCD_DATA[3]        ; Top_LCD:u_lcd_display|LCD_Controller:u_lcd|clk_1k ; Top_LCD:u_lcd_display|LCD_Controller:u_lcd|clk_1k ; 0.000        ; 0.001      ; 0.790      ;
; 0.638 ; Top_LCD:u_lcd_display|LCD_Controller:u_lcd|count[0]           ; Top_LCD:u_lcd_display|LCD_Controller:u_lcd|LCD_DATA[1]        ; Top_LCD:u_lcd_display|LCD_Controller:u_lcd|clk_1k ; Top_LCD:u_lcd_display|LCD_Controller:u_lcd|clk_1k ; 0.000        ; 0.001      ; 0.791      ;
; 0.638 ; Top_LCD:u_lcd_display|LCD_Controller:u_lcd|count[1]           ; Top_LCD:u_lcd_display|LCD_Controller:u_lcd|LCD_DATA[1]        ; Top_LCD:u_lcd_display|LCD_Controller:u_lcd|clk_1k ; Top_LCD:u_lcd_display|LCD_Controller:u_lcd|clk_1k ; 0.000        ; 0.001      ; 0.791      ;
; 0.653 ; Top_LCD:u_lcd_display|LCD_Controller:u_lcd|count[2]           ; Top_LCD:u_lcd_display|LCD_Controller:u_lcd|state.IDLE         ; Top_LCD:u_lcd_display|LCD_Controller:u_lcd|clk_1k ; Top_LCD:u_lcd_display|LCD_Controller:u_lcd|clk_1k ; 0.000        ; 0.000      ; 0.805      ;
; 0.667 ; Top_LCD:u_lcd_display|LCD_Controller:u_lcd|count[1]           ; Top_LCD:u_lcd_display|LCD_Controller:u_lcd|state.IDLE         ; Top_LCD:u_lcd_display|LCD_Controller:u_lcd|clk_1k ; Top_LCD:u_lcd_display|LCD_Controller:u_lcd|clk_1k ; 0.000        ; 0.000      ; 0.819      ;
; 0.677 ; Top_LCD:u_lcd_display|LCD_Controller:u_lcd|state.INIT         ; Top_LCD:u_lcd_display|LCD_Controller:u_lcd|LCD_EN             ; Top_LCD:u_lcd_display|LCD_Controller:u_lcd|clk_1k ; Top_LCD:u_lcd_display|LCD_Controller:u_lcd|clk_1k ; 0.000        ; 0.000      ; 0.829      ;
; 0.678 ; Top_LCD:u_lcd_display|LCD_Controller:u_lcd|count[2]           ; Top_LCD:u_lcd_display|LCD_Controller:u_lcd|LCD_DATA[0]        ; Top_LCD:u_lcd_display|LCD_Controller:u_lcd|clk_1k ; Top_LCD:u_lcd_display|LCD_Controller:u_lcd|clk_1k ; 0.000        ; 0.001      ; 0.831      ;
; 0.684 ; Top_LCD:u_lcd_display|LCD_Controller:u_lcd|state.SEND         ; Top_LCD:u_lcd_display|LCD_Controller:u_lcd|LCD_DATA[0]        ; Top_LCD:u_lcd_display|LCD_Controller:u_lcd|clk_1k ; Top_LCD:u_lcd_display|LCD_Controller:u_lcd|clk_1k ; 0.000        ; 0.001      ; 0.837      ;
; 0.684 ; Top_LCD:u_lcd_display|LCD_Controller:u_lcd|state.SEND         ; Top_LCD:u_lcd_display|LCD_Controller:u_lcd|LCD_DATA[1]        ; Top_LCD:u_lcd_display|LCD_Controller:u_lcd|clk_1k ; Top_LCD:u_lcd_display|LCD_Controller:u_lcd|clk_1k ; 0.000        ; 0.001      ; 0.837      ;
; 0.684 ; Top_LCD:u_lcd_display|LCD_Controller:u_lcd|state.SEND         ; Top_LCD:u_lcd_display|LCD_Controller:u_lcd|LCD_DATA[2]        ; Top_LCD:u_lcd_display|LCD_Controller:u_lcd|clk_1k ; Top_LCD:u_lcd_display|LCD_Controller:u_lcd|clk_1k ; 0.000        ; 0.001      ; 0.837      ;
; 0.684 ; Top_LCD:u_lcd_display|LCD_Controller:u_lcd|state.SEND         ; Top_LCD:u_lcd_display|LCD_Controller:u_lcd|LCD_DATA[3]        ; Top_LCD:u_lcd_display|LCD_Controller:u_lcd|clk_1k ; Top_LCD:u_lcd_display|LCD_Controller:u_lcd|clk_1k ; 0.000        ; 0.001      ; 0.837      ;
; 0.685 ; Top_LCD:u_lcd_display|LCD_Controller:u_lcd|count[0]           ; Top_LCD:u_lcd_display|LCD_Controller:u_lcd|state.IDLE         ; Top_LCD:u_lcd_display|LCD_Controller:u_lcd|clk_1k ; Top_LCD:u_lcd_display|LCD_Controller:u_lcd|clk_1k ; 0.000        ; 0.000      ; 0.837      ;
; 0.702 ; Top_LCD:u_lcd_display|LCD_Controller:u_lcd|state.INIT         ; Top_LCD:u_lcd_display|LCD_Controller:u_lcd|state.INIT_HOLD    ; Top_LCD:u_lcd_display|LCD_Controller:u_lcd|clk_1k ; Top_LCD:u_lcd_display|LCD_Controller:u_lcd|clk_1k ; 0.000        ; 0.000      ; 0.854      ;
; 0.729 ; Top_LCD:u_lcd_display|LCD_Controller:u_lcd|state.SEND         ; Top_LCD:u_lcd_display|LCD_Controller:u_lcd|state.SEND_HOLD    ; Top_LCD:u_lcd_display|LCD_Controller:u_lcd|clk_1k ; Top_LCD:u_lcd_display|LCD_Controller:u_lcd|clk_1k ; 0.000        ; 0.000      ; 0.881      ;
; 0.751 ; Top_LCD:u_lcd_display|LCD_Controller:u_lcd|state.INIT         ; Top_LCD:u_lcd_display|LCD_Controller:u_lcd|LCD_DATA[0]        ; Top_LCD:u_lcd_display|LCD_Controller:u_lcd|clk_1k ; Top_LCD:u_lcd_display|LCD_Controller:u_lcd|clk_1k ; 0.000        ; 0.001      ; 0.904      ;
; 0.751 ; Top_LCD:u_lcd_display|LCD_Controller:u_lcd|state.INIT         ; Top_LCD:u_lcd_display|LCD_Controller:u_lcd|LCD_DATA[1]        ; Top_LCD:u_lcd_display|LCD_Controller:u_lcd|clk_1k ; Top_LCD:u_lcd_display|LCD_Controller:u_lcd|clk_1k ; 0.000        ; 0.001      ; 0.904      ;
; 0.751 ; Top_LCD:u_lcd_display|LCD_Controller:u_lcd|state.INIT         ; Top_LCD:u_lcd_display|LCD_Controller:u_lcd|LCD_DATA[2]        ; Top_LCD:u_lcd_display|LCD_Controller:u_lcd|clk_1k ; Top_LCD:u_lcd_display|LCD_Controller:u_lcd|clk_1k ; 0.000        ; 0.001      ; 0.904      ;
; 0.751 ; Top_LCD:u_lcd_display|LCD_Controller:u_lcd|state.INIT         ; Top_LCD:u_lcd_display|LCD_Controller:u_lcd|LCD_DATA[3]        ; Top_LCD:u_lcd_display|LCD_Controller:u_lcd|clk_1k ; Top_LCD:u_lcd_display|LCD_Controller:u_lcd|clk_1k ; 0.000        ; 0.001      ; 0.904      ;
; 0.751 ; Top_LCD:u_lcd_display|LCD_Controller:u_lcd|state.INIT         ; Top_LCD:u_lcd_display|LCD_Controller:u_lcd|LCD_DATA[4]        ; Top_LCD:u_lcd_display|LCD_Controller:u_lcd|clk_1k ; Top_LCD:u_lcd_display|LCD_Controller:u_lcd|clk_1k ; 0.000        ; 0.001      ; 0.904      ;
; 0.751 ; Top_LCD:u_lcd_display|LCD_Controller:u_lcd|state.INIT         ; Top_LCD:u_lcd_display|LCD_Controller:u_lcd|LCD_DATA[5]        ; Top_LCD:u_lcd_display|LCD_Controller:u_lcd|clk_1k ; Top_LCD:u_lcd_display|LCD_Controller:u_lcd|clk_1k ; 0.000        ; 0.001      ; 0.904      ;
; 0.761 ; Top_LCD:u_lcd_display|LCD_Controller:u_lcd|state.INIT         ; Top_LCD:u_lcd_display|LCD_Controller:u_lcd|LCD_DATA[6]        ; Top_LCD:u_lcd_display|LCD_Controller:u_lcd|clk_1k ; Top_LCD:u_lcd_display|LCD_Controller:u_lcd|clk_1k ; 0.000        ; -0.002     ; 0.911      ;
+-------+---------------------------------------------------------------+---------------------------------------------------------------+---------------------------------------------------+---------------------------------------------------+--------------+------------+------------+


+----------------------------------------------------------------------------------------------------------------------------------------------------------------------------------------------+
; Fast Model Hold: 'clk_divider:u_clk_div|clk_out'                                                                                                                                             ;
+-------+--------------------------------------+--------------------------------------+-------------------------------+-------------------------------+--------------+------------+------------+
; Slack ; From Node                            ; To Node                              ; Launch Clock                  ; Latch Clock                   ; Relationship ; Clock Skew ; Data Delay ;
+-------+--------------------------------------+--------------------------------------+-------------------------------+-------------------------------+--------------+------------+------------+
; 0.215 ; keypad_scanner:u_scanner|state.01    ; keypad_scanner:u_scanner|state.01    ; clk_divider:u_clk_div|clk_out ; clk_divider:u_clk_div|clk_out ; 0.000        ; 0.000      ; 0.367      ;
; 0.215 ; keypad_scanner:u_scanner|state.10    ; keypad_scanner:u_scanner|state.10    ; clk_divider:u_clk_div|clk_out ; clk_divider:u_clk_div|clk_out ; 0.000        ; 0.000      ; 0.367      ;
; 0.215 ; keypad_scanner:u_scanner|state.11    ; keypad_scanner:u_scanner|state.11    ; clk_divider:u_clk_div|clk_out ; clk_divider:u_clk_div|clk_out ; 0.000        ; 0.000      ; 0.367      ;
; 0.215 ; keypad_scanner:u_scanner|state.00    ; keypad_scanner:u_scanner|state.00    ; clk_divider:u_clk_div|clk_out ; clk_divider:u_clk_div|clk_out ; 0.000        ; 0.000      ; 0.367      ;
; 0.215 ; keypad_scanner:u_scanner|data_out[2] ; keypad_scanner:u_scanner|data_out[2] ; clk_divider:u_clk_div|clk_out ; clk_divider:u_clk_div|clk_out ; 0.000        ; 0.000      ; 0.367      ;
; 0.215 ; keypad_scanner:u_scanner|data_out[3] ; keypad_scanner:u_scanner|data_out[3] ; clk_divider:u_clk_div|clk_out ; clk_divider:u_clk_div|clk_out ; 0.000        ; 0.000      ; 0.367      ;
; 0.215 ; keypad_scanner:u_scanner|data_out[1] ; keypad_scanner:u_scanner|data_out[1] ; clk_divider:u_clk_div|clk_out ; clk_divider:u_clk_div|clk_out ; 0.000        ; 0.000      ; 0.367      ;
; 0.247 ; keypad_scanner:u_scanner|state.10    ; keypad_scanner:u_scanner|state.11    ; clk_divider:u_clk_div|clk_out ; clk_divider:u_clk_div|clk_out ; 0.000        ; 0.000      ; 0.399      ;
; 0.287 ; keypad_scanner:u_scanner|state.11    ; keypad_scanner:u_scanner|row[3]      ; clk_divider:u_clk_div|clk_out ; clk_divider:u_clk_div|clk_out ; 0.000        ; 0.000      ; 0.439      ;
; 0.308 ; keypad_scanner:u_scanner|state.01    ; keypad_scanner:u_scanner|row[1]      ; clk_divider:u_clk_div|clk_out ; clk_divider:u_clk_div|clk_out ; 0.000        ; 0.000      ; 0.460      ;
; 0.381 ; keypad_scanner:u_scanner|state.01    ; keypad_scanner:u_scanner|state.10    ; clk_divider:u_clk_div|clk_out ; clk_divider:u_clk_div|clk_out ; 0.000        ; 0.000      ; 0.533      ;
; 0.551 ; keypad_scanner:u_scanner|data_out[0] ; keypad_scanner:u_scanner|data_out[0] ; clk_divider:u_clk_div|clk_out ; clk_divider:u_clk_div|clk_out ; 0.000        ; 0.000      ; 0.703      ;
; 0.554 ; keypad_scanner:u_scanner|state.00    ; keypad_scanner:u_scanner|data_out[2] ; clk_divider:u_clk_div|clk_out ; clk_divider:u_clk_div|clk_out ; 0.000        ; 0.000      ; 0.706      ;
; 0.573 ; keypad_scanner:u_scanner|state.11    ; keypad_scanner:u_scanner|state.00    ; clk_divider:u_clk_div|clk_out ; clk_divider:u_clk_div|clk_out ; 0.000        ; 0.025      ; 0.750      ;
; 0.589 ; keypad_scanner:u_scanner|state.00    ; keypad_scanner:u_scanner|state.01    ; clk_divider:u_clk_div|clk_out ; clk_divider:u_clk_div|clk_out ; 0.000        ; -0.025     ; 0.716      ;
; 0.593 ; keypad_scanner:u_scanner|state.00    ; keypad_scanner:u_scanner|data_out[3] ; clk_divider:u_clk_div|clk_out ; clk_divider:u_clk_div|clk_out ; 0.000        ; -0.025     ; 0.720      ;
; 0.596 ; keypad_scanner:u_scanner|state.10    ; keypad_scanner:u_scanner|row[2]      ; clk_divider:u_clk_div|clk_out ; clk_divider:u_clk_div|clk_out ; 0.000        ; 0.002      ; 0.750      ;
; 0.646 ; keypad_scanner:u_scanner|state.00    ; keypad_scanner:u_scanner|row[0]      ; clk_divider:u_clk_div|clk_out ; clk_divider:u_clk_div|clk_out ; 0.000        ; -0.023     ; 0.775      ;
; 0.697 ; keypad_scanner:u_scanner|state.00    ; keypad_scanner:u_scanner|data_out[0] ; clk_divider:u_clk_div|clk_out ; clk_divider:u_clk_div|clk_out ; 0.000        ; -0.023     ; 0.826      ;
; 0.716 ; keypad_scanner:u_scanner|state.00    ; keypad_scanner:u_scanner|data_out[1] ; clk_divider:u_clk_div|clk_out ; clk_divider:u_clk_div|clk_out ; 0.000        ; 0.000      ; 0.868      ;
; 0.752 ; keypad_scanner:u_scanner|state.01    ; keypad_scanner:u_scanner|data_out[2] ; clk_divider:u_clk_div|clk_out ; clk_divider:u_clk_div|clk_out ; 0.000        ; 0.025      ; 0.929      ;
; 0.776 ; keypad_scanner:u_scanner|state.11    ; keypad_scanner:u_scanner|data_out[0] ; clk_divider:u_clk_div|clk_out ; clk_divider:u_clk_div|clk_out ; 0.000        ; 0.002      ; 0.930      ;
; 0.785 ; keypad_scanner:u_scanner|state.10    ; keypad_scanner:u_scanner|data_out[0] ; clk_divider:u_clk_div|clk_out ; clk_divider:u_clk_div|clk_out ; 0.000        ; 0.002      ; 0.939      ;
; 0.790 ; keypad_scanner:u_scanner|state.01    ; keypad_scanner:u_scanner|data_out[0] ; clk_divider:u_clk_div|clk_out ; clk_divider:u_clk_div|clk_out ; 0.000        ; 0.002      ; 0.944      ;
; 0.809 ; keypad_scanner:u_scanner|state.01    ; keypad_scanner:u_scanner|data_out[1] ; clk_divider:u_clk_div|clk_out ; clk_divider:u_clk_div|clk_out ; 0.000        ; 0.025      ; 0.986      ;
; 0.837 ; keypad_scanner:u_scanner|state.10    ; keypad_scanner:u_scanner|data_out[2] ; clk_divider:u_clk_div|clk_out ; clk_divider:u_clk_div|clk_out ; 0.000        ; 0.025      ; 1.014      ;
; 0.846 ; keypad_scanner:u_scanner|state.11    ; keypad_scanner:u_scanner|data_out[3] ; clk_divider:u_clk_div|clk_out ; clk_divider:u_clk_div|clk_out ; 0.000        ; 0.000      ; 0.998      ;
; 0.863 ; keypad_scanner:u_scanner|state.11    ; keypad_scanner:u_scanner|data_out[1] ; clk_divider:u_clk_div|clk_out ; clk_divider:u_clk_div|clk_out ; 0.000        ; 0.025      ; 1.040      ;
; 0.879 ; keypad_scanner:u_scanner|state.11    ; keypad_scanner:u_scanner|data_out[2] ; clk_divider:u_clk_div|clk_out ; clk_divider:u_clk_div|clk_out ; 0.000        ; 0.025      ; 1.056      ;
; 0.881 ; keypad_scanner:u_scanner|state.10    ; keypad_scanner:u_scanner|data_out[3] ; clk_divider:u_clk_div|clk_out ; clk_divider:u_clk_div|clk_out ; 0.000        ; 0.000      ; 1.033      ;
; 0.929 ; keypad_scanner:u_scanner|state.10    ; keypad_scanner:u_scanner|data_out[1] ; clk_divider:u_clk_div|clk_out ; clk_divider:u_clk_div|clk_out ; 0.000        ; 0.025      ; 1.106      ;
; 0.945 ; keypad_scanner:u_scanner|state.01    ; keypad_scanner:u_scanner|data_out[3] ; clk_divider:u_clk_div|clk_out ; clk_divider:u_clk_div|clk_out ; 0.000        ; 0.000      ; 1.097      ;
+-------+--------------------------------------+--------------------------------------+-------------------------------+-------------------------------+--------------+------------+------------+


+--------------------------------------------------------------------------------------------------------------------------------+
; Fast Model Minimum Pulse Width: 'CLOCK_50'                                                                                     ;
+--------+--------------+----------------+------------------+----------+------------+--------------------------------------------+
; Slack  ; Actual Width ; Required Width ; Type             ; Clock    ; Clock Edge ; Target                                     ;
+--------+--------------+----------------+------------------+----------+------------+--------------------------------------------+
; -1.380 ; 1.000        ; 2.380          ; Port Rate        ; CLOCK_50 ; Rise       ; CLOCK_50                                   ;
; -0.500 ; 0.500        ; 1.000          ; High Pulse Width ; CLOCK_50 ; Rise       ; Lock_Controller:u_control|delay_timer[0]   ;
; -0.500 ; 0.500        ; 1.000          ; Low Pulse Width  ; CLOCK_50 ; Rise       ; Lock_Controller:u_control|delay_timer[0]   ;
; -0.500 ; 0.500        ; 1.000          ; High Pulse Width ; CLOCK_50 ; Rise       ; Lock_Controller:u_control|delay_timer[10]  ;
; -0.500 ; 0.500        ; 1.000          ; Low Pulse Width  ; CLOCK_50 ; Rise       ; Lock_Controller:u_control|delay_timer[10]  ;
; -0.500 ; 0.500        ; 1.000          ; High Pulse Width ; CLOCK_50 ; Rise       ; Lock_Controller:u_control|delay_timer[11]  ;
; -0.500 ; 0.500        ; 1.000          ; Low Pulse Width  ; CLOCK_50 ; Rise       ; Lock_Controller:u_control|delay_timer[11]  ;
; -0.500 ; 0.500        ; 1.000          ; High Pulse Width ; CLOCK_50 ; Rise       ; Lock_Controller:u_control|delay_timer[12]  ;
; -0.500 ; 0.500        ; 1.000          ; Low Pulse Width  ; CLOCK_50 ; Rise       ; Lock_Controller:u_control|delay_timer[12]  ;
; -0.500 ; 0.500        ; 1.000          ; High Pulse Width ; CLOCK_50 ; Rise       ; Lock_Controller:u_control|delay_timer[13]  ;
; -0.500 ; 0.500        ; 1.000          ; Low Pulse Width  ; CLOCK_50 ; Rise       ; Lock_Controller:u_control|delay_timer[13]  ;
; -0.500 ; 0.500        ; 1.000          ; High Pulse Width ; CLOCK_50 ; Rise       ; Lock_Controller:u_control|delay_timer[14]  ;
; -0.500 ; 0.500        ; 1.000          ; Low Pulse Width  ; CLOCK_50 ; Rise       ; Lock_Controller:u_control|delay_timer[14]  ;
; -0.500 ; 0.500        ; 1.000          ; High Pulse Width ; CLOCK_50 ; Rise       ; Lock_Controller:u_control|delay_timer[15]  ;
; -0.500 ; 0.500        ; 1.000          ; Low Pulse Width  ; CLOCK_50 ; Rise       ; Lock_Controller:u_control|delay_timer[15]  ;
; -0.500 ; 0.500        ; 1.000          ; High Pulse Width ; CLOCK_50 ; Rise       ; Lock_Controller:u_control|delay_timer[16]  ;
; -0.500 ; 0.500        ; 1.000          ; Low Pulse Width  ; CLOCK_50 ; Rise       ; Lock_Controller:u_control|delay_timer[16]  ;
; -0.500 ; 0.500        ; 1.000          ; High Pulse Width ; CLOCK_50 ; Rise       ; Lock_Controller:u_control|delay_timer[17]  ;
; -0.500 ; 0.500        ; 1.000          ; Low Pulse Width  ; CLOCK_50 ; Rise       ; Lock_Controller:u_control|delay_timer[17]  ;
; -0.500 ; 0.500        ; 1.000          ; High Pulse Width ; CLOCK_50 ; Rise       ; Lock_Controller:u_control|delay_timer[18]  ;
; -0.500 ; 0.500        ; 1.000          ; Low Pulse Width  ; CLOCK_50 ; Rise       ; Lock_Controller:u_control|delay_timer[18]  ;
; -0.500 ; 0.500        ; 1.000          ; High Pulse Width ; CLOCK_50 ; Rise       ; Lock_Controller:u_control|delay_timer[19]  ;
; -0.500 ; 0.500        ; 1.000          ; Low Pulse Width  ; CLOCK_50 ; Rise       ; Lock_Controller:u_control|delay_timer[19]  ;
; -0.500 ; 0.500        ; 1.000          ; High Pulse Width ; CLOCK_50 ; Rise       ; Lock_Controller:u_control|delay_timer[1]   ;
; -0.500 ; 0.500        ; 1.000          ; Low Pulse Width  ; CLOCK_50 ; Rise       ; Lock_Controller:u_control|delay_timer[1]   ;
; -0.500 ; 0.500        ; 1.000          ; High Pulse Width ; CLOCK_50 ; Rise       ; Lock_Controller:u_control|delay_timer[20]  ;
; -0.500 ; 0.500        ; 1.000          ; Low Pulse Width  ; CLOCK_50 ; Rise       ; Lock_Controller:u_control|delay_timer[20]  ;
; -0.500 ; 0.500        ; 1.000          ; High Pulse Width ; CLOCK_50 ; Rise       ; Lock_Controller:u_control|delay_timer[21]  ;
; -0.500 ; 0.500        ; 1.000          ; Low Pulse Width  ; CLOCK_50 ; Rise       ; Lock_Controller:u_control|delay_timer[21]  ;
; -0.500 ; 0.500        ; 1.000          ; High Pulse Width ; CLOCK_50 ; Rise       ; Lock_Controller:u_control|delay_timer[22]  ;
; -0.500 ; 0.500        ; 1.000          ; Low Pulse Width  ; CLOCK_50 ; Rise       ; Lock_Controller:u_control|delay_timer[22]  ;
; -0.500 ; 0.500        ; 1.000          ; High Pulse Width ; CLOCK_50 ; Rise       ; Lock_Controller:u_control|delay_timer[23]  ;
; -0.500 ; 0.500        ; 1.000          ; Low Pulse Width  ; CLOCK_50 ; Rise       ; Lock_Controller:u_control|delay_timer[23]  ;
; -0.500 ; 0.500        ; 1.000          ; High Pulse Width ; CLOCK_50 ; Rise       ; Lock_Controller:u_control|delay_timer[24]  ;
; -0.500 ; 0.500        ; 1.000          ; Low Pulse Width  ; CLOCK_50 ; Rise       ; Lock_Controller:u_control|delay_timer[24]  ;
; -0.500 ; 0.500        ; 1.000          ; High Pulse Width ; CLOCK_50 ; Rise       ; Lock_Controller:u_control|delay_timer[25]  ;
; -0.500 ; 0.500        ; 1.000          ; Low Pulse Width  ; CLOCK_50 ; Rise       ; Lock_Controller:u_control|delay_timer[25]  ;
; -0.500 ; 0.500        ; 1.000          ; High Pulse Width ; CLOCK_50 ; Rise       ; Lock_Controller:u_control|delay_timer[26]  ;
; -0.500 ; 0.500        ; 1.000          ; Low Pulse Width  ; CLOCK_50 ; Rise       ; Lock_Controller:u_control|delay_timer[26]  ;
; -0.500 ; 0.500        ; 1.000          ; High Pulse Width ; CLOCK_50 ; Rise       ; Lock_Controller:u_control|delay_timer[27]  ;
; -0.500 ; 0.500        ; 1.000          ; Low Pulse Width  ; CLOCK_50 ; Rise       ; Lock_Controller:u_control|delay_timer[27]  ;
; -0.500 ; 0.500        ; 1.000          ; High Pulse Width ; CLOCK_50 ; Rise       ; Lock_Controller:u_control|delay_timer[28]  ;
; -0.500 ; 0.500        ; 1.000          ; Low Pulse Width  ; CLOCK_50 ; Rise       ; Lock_Controller:u_control|delay_timer[28]  ;
; -0.500 ; 0.500        ; 1.000          ; High Pulse Width ; CLOCK_50 ; Rise       ; Lock_Controller:u_control|delay_timer[29]  ;
; -0.500 ; 0.500        ; 1.000          ; Low Pulse Width  ; CLOCK_50 ; Rise       ; Lock_Controller:u_control|delay_timer[29]  ;
; -0.500 ; 0.500        ; 1.000          ; High Pulse Width ; CLOCK_50 ; Rise       ; Lock_Controller:u_control|delay_timer[2]   ;
; -0.500 ; 0.500        ; 1.000          ; Low Pulse Width  ; CLOCK_50 ; Rise       ; Lock_Controller:u_control|delay_timer[2]   ;
; -0.500 ; 0.500        ; 1.000          ; High Pulse Width ; CLOCK_50 ; Rise       ; Lock_Controller:u_control|delay_timer[3]   ;
; -0.500 ; 0.500        ; 1.000          ; Low Pulse Width  ; CLOCK_50 ; Rise       ; Lock_Controller:u_control|delay_timer[3]   ;
; -0.500 ; 0.500        ; 1.000          ; High Pulse Width ; CLOCK_50 ; Rise       ; Lock_Controller:u_control|delay_timer[4]   ;
; -0.500 ; 0.500        ; 1.000          ; Low Pulse Width  ; CLOCK_50 ; Rise       ; Lock_Controller:u_control|delay_timer[4]   ;
; -0.500 ; 0.500        ; 1.000          ; High Pulse Width ; CLOCK_50 ; Rise       ; Lock_Controller:u_control|delay_timer[5]   ;
; -0.500 ; 0.500        ; 1.000          ; Low Pulse Width  ; CLOCK_50 ; Rise       ; Lock_Controller:u_control|delay_timer[5]   ;
; -0.500 ; 0.500        ; 1.000          ; High Pulse Width ; CLOCK_50 ; Rise       ; Lock_Controller:u_control|delay_timer[6]   ;
; -0.500 ; 0.500        ; 1.000          ; Low Pulse Width  ; CLOCK_50 ; Rise       ; Lock_Controller:u_control|delay_timer[6]   ;
; -0.500 ; 0.500        ; 1.000          ; High Pulse Width ; CLOCK_50 ; Rise       ; Lock_Controller:u_control|delay_timer[7]   ;
; -0.500 ; 0.500        ; 1.000          ; Low Pulse Width  ; CLOCK_50 ; Rise       ; Lock_Controller:u_control|delay_timer[7]   ;
; -0.500 ; 0.500        ; 1.000          ; High Pulse Width ; CLOCK_50 ; Rise       ; Lock_Controller:u_control|delay_timer[8]   ;
; -0.500 ; 0.500        ; 1.000          ; Low Pulse Width  ; CLOCK_50 ; Rise       ; Lock_Controller:u_control|delay_timer[8]   ;
; -0.500 ; 0.500        ; 1.000          ; High Pulse Width ; CLOCK_50 ; Rise       ; Lock_Controller:u_control|delay_timer[9]   ;
; -0.500 ; 0.500        ; 1.000          ; Low Pulse Width  ; CLOCK_50 ; Rise       ; Lock_Controller:u_control|delay_timer[9]   ;
; -0.500 ; 0.500        ; 1.000          ; High Pulse Width ; CLOCK_50 ; Rise       ; Lock_Controller:u_control|digit_count[0]   ;
; -0.500 ; 0.500        ; 1.000          ; Low Pulse Width  ; CLOCK_50 ; Rise       ; Lock_Controller:u_control|digit_count[0]   ;
; -0.500 ; 0.500        ; 1.000          ; High Pulse Width ; CLOCK_50 ; Rise       ; Lock_Controller:u_control|digit_count[1]   ;
; -0.500 ; 0.500        ; 1.000          ; Low Pulse Width  ; CLOCK_50 ; Rise       ; Lock_Controller:u_control|digit_count[1]   ;
; -0.500 ; 0.500        ; 1.000          ; High Pulse Width ; CLOCK_50 ; Rise       ; Lock_Controller:u_control|digit_count[2]   ;
; -0.500 ; 0.500        ; 1.000          ; Low Pulse Width  ; CLOCK_50 ; Rise       ; Lock_Controller:u_control|digit_count[2]   ;
; -0.500 ; 0.500        ; 1.000          ; High Pulse Width ; CLOCK_50 ; Rise       ; Lock_Controller:u_control|entered_pass[0]  ;
; -0.500 ; 0.500        ; 1.000          ; Low Pulse Width  ; CLOCK_50 ; Rise       ; Lock_Controller:u_control|entered_pass[0]  ;
; -0.500 ; 0.500        ; 1.000          ; High Pulse Width ; CLOCK_50 ; Rise       ; Lock_Controller:u_control|entered_pass[10] ;
; -0.500 ; 0.500        ; 1.000          ; Low Pulse Width  ; CLOCK_50 ; Rise       ; Lock_Controller:u_control|entered_pass[10] ;
; -0.500 ; 0.500        ; 1.000          ; High Pulse Width ; CLOCK_50 ; Rise       ; Lock_Controller:u_control|entered_pass[11] ;
; -0.500 ; 0.500        ; 1.000          ; Low Pulse Width  ; CLOCK_50 ; Rise       ; Lock_Controller:u_control|entered_pass[11] ;
; -0.500 ; 0.500        ; 1.000          ; High Pulse Width ; CLOCK_50 ; Rise       ; Lock_Controller:u_control|entered_pass[12] ;
; -0.500 ; 0.500        ; 1.000          ; Low Pulse Width  ; CLOCK_50 ; Rise       ; Lock_Controller:u_control|entered_pass[12] ;
; -0.500 ; 0.500        ; 1.000          ; High Pulse Width ; CLOCK_50 ; Rise       ; Lock_Controller:u_control|entered_pass[13] ;
; -0.500 ; 0.500        ; 1.000          ; Low Pulse Width  ; CLOCK_50 ; Rise       ; Lock_Controller:u_control|entered_pass[13] ;
; -0.500 ; 0.500        ; 1.000          ; High Pulse Width ; CLOCK_50 ; Rise       ; Lock_Controller:u_control|entered_pass[14] ;
; -0.500 ; 0.500        ; 1.000          ; Low Pulse Width  ; CLOCK_50 ; Rise       ; Lock_Controller:u_control|entered_pass[14] ;
; -0.500 ; 0.500        ; 1.000          ; High Pulse Width ; CLOCK_50 ; Rise       ; Lock_Controller:u_control|entered_pass[15] ;
; -0.500 ; 0.500        ; 1.000          ; Low Pulse Width  ; CLOCK_50 ; Rise       ; Lock_Controller:u_control|entered_pass[15] ;
; -0.500 ; 0.500        ; 1.000          ; High Pulse Width ; CLOCK_50 ; Rise       ; Lock_Controller:u_control|entered_pass[1]  ;
; -0.500 ; 0.500        ; 1.000          ; Low Pulse Width  ; CLOCK_50 ; Rise       ; Lock_Controller:u_control|entered_pass[1]  ;
; -0.500 ; 0.500        ; 1.000          ; High Pulse Width ; CLOCK_50 ; Rise       ; Lock_Controller:u_control|entered_pass[2]  ;
; -0.500 ; 0.500        ; 1.000          ; Low Pulse Width  ; CLOCK_50 ; Rise       ; Lock_Controller:u_control|entered_pass[2]  ;
; -0.500 ; 0.500        ; 1.000          ; High Pulse Width ; CLOCK_50 ; Rise       ; Lock_Controller:u_control|entered_pass[3]  ;
; -0.500 ; 0.500        ; 1.000          ; Low Pulse Width  ; CLOCK_50 ; Rise       ; Lock_Controller:u_control|entered_pass[3]  ;
; -0.500 ; 0.500        ; 1.000          ; High Pulse Width ; CLOCK_50 ; Rise       ; Lock_Controller:u_control|entered_pass[4]  ;
; -0.500 ; 0.500        ; 1.000          ; Low Pulse Width  ; CLOCK_50 ; Rise       ; Lock_Controller:u_control|entered_pass[4]  ;
; -0.500 ; 0.500        ; 1.000          ; High Pulse Width ; CLOCK_50 ; Rise       ; Lock_Controller:u_control|entered_pass[5]  ;
; -0.500 ; 0.500        ; 1.000          ; Low Pulse Width  ; CLOCK_50 ; Rise       ; Lock_Controller:u_control|entered_pass[5]  ;
; -0.500 ; 0.500        ; 1.000          ; High Pulse Width ; CLOCK_50 ; Rise       ; Lock_Controller:u_control|entered_pass[6]  ;
; -0.500 ; 0.500        ; 1.000          ; Low Pulse Width  ; CLOCK_50 ; Rise       ; Lock_Controller:u_control|entered_pass[6]  ;
; -0.500 ; 0.500        ; 1.000          ; High Pulse Width ; CLOCK_50 ; Rise       ; Lock_Controller:u_control|entered_pass[7]  ;
; -0.500 ; 0.500        ; 1.000          ; Low Pulse Width  ; CLOCK_50 ; Rise       ; Lock_Controller:u_control|entered_pass[7]  ;
; -0.500 ; 0.500        ; 1.000          ; High Pulse Width ; CLOCK_50 ; Rise       ; Lock_Controller:u_control|entered_pass[8]  ;
; -0.500 ; 0.500        ; 1.000          ; Low Pulse Width  ; CLOCK_50 ; Rise       ; Lock_Controller:u_control|entered_pass[8]  ;
; -0.500 ; 0.500        ; 1.000          ; High Pulse Width ; CLOCK_50 ; Rise       ; Lock_Controller:u_control|entered_pass[9]  ;
; -0.500 ; 0.500        ; 1.000          ; Low Pulse Width  ; CLOCK_50 ; Rise       ; Lock_Controller:u_control|entered_pass[9]  ;
; -0.500 ; 0.500        ; 1.000          ; High Pulse Width ; CLOCK_50 ; Rise       ; Lock_Controller:u_control|lcd_status[0]    ;
+--------+--------------+----------------+------------------+----------+------------+--------------------------------------------+


+--------------------------------------------------------------------------------------------------------------------------------------------------------------------------------------------+
; Fast Model Minimum Pulse Width: 'Top_LCD:u_lcd_display|LCD_Controller:u_lcd|clk_1k'                                                                                                        ;
+--------+--------------+----------------+------------------+---------------------------------------------------+------------+---------------------------------------------------------------+
; Slack  ; Actual Width ; Required Width ; Type             ; Clock                                             ; Clock Edge ; Target                                                        ;
+--------+--------------+----------------+------------------+---------------------------------------------------+------------+---------------------------------------------------------------+
; -0.500 ; 0.500        ; 1.000          ; High Pulse Width ; Top_LCD:u_lcd_display|LCD_Controller:u_lcd|clk_1k ; Rise       ; Top_LCD:u_lcd_display|LCD_Controller:u_lcd|LCD_DATA[0]        ;
; -0.500 ; 0.500        ; 1.000          ; Low Pulse Width  ; Top_LCD:u_lcd_display|LCD_Controller:u_lcd|clk_1k ; Rise       ; Top_LCD:u_lcd_display|LCD_Controller:u_lcd|LCD_DATA[0]        ;
; -0.500 ; 0.500        ; 1.000          ; High Pulse Width ; Top_LCD:u_lcd_display|LCD_Controller:u_lcd|clk_1k ; Rise       ; Top_LCD:u_lcd_display|LCD_Controller:u_lcd|LCD_DATA[1]        ;
; -0.500 ; 0.500        ; 1.000          ; Low Pulse Width  ; Top_LCD:u_lcd_display|LCD_Controller:u_lcd|clk_1k ; Rise       ; Top_LCD:u_lcd_display|LCD_Controller:u_lcd|LCD_DATA[1]        ;
; -0.500 ; 0.500        ; 1.000          ; High Pulse Width ; Top_LCD:u_lcd_display|LCD_Controller:u_lcd|clk_1k ; Rise       ; Top_LCD:u_lcd_display|LCD_Controller:u_lcd|LCD_DATA[2]        ;
; -0.500 ; 0.500        ; 1.000          ; Low Pulse Width  ; Top_LCD:u_lcd_display|LCD_Controller:u_lcd|clk_1k ; Rise       ; Top_LCD:u_lcd_display|LCD_Controller:u_lcd|LCD_DATA[2]        ;
; -0.500 ; 0.500        ; 1.000          ; High Pulse Width ; Top_LCD:u_lcd_display|LCD_Controller:u_lcd|clk_1k ; Rise       ; Top_LCD:u_lcd_display|LCD_Controller:u_lcd|LCD_DATA[3]        ;
; -0.500 ; 0.500        ; 1.000          ; Low Pulse Width  ; Top_LCD:u_lcd_display|LCD_Controller:u_lcd|clk_1k ; Rise       ; Top_LCD:u_lcd_display|LCD_Controller:u_lcd|LCD_DATA[3]        ;
; -0.500 ; 0.500        ; 1.000          ; High Pulse Width ; Top_LCD:u_lcd_display|LCD_Controller:u_lcd|clk_1k ; Rise       ; Top_LCD:u_lcd_display|LCD_Controller:u_lcd|LCD_DATA[4]        ;
; -0.500 ; 0.500        ; 1.000          ; Low Pulse Width  ; Top_LCD:u_lcd_display|LCD_Controller:u_lcd|clk_1k ; Rise       ; Top_LCD:u_lcd_display|LCD_Controller:u_lcd|LCD_DATA[4]        ;
; -0.500 ; 0.500        ; 1.000          ; High Pulse Width ; Top_LCD:u_lcd_display|LCD_Controller:u_lcd|clk_1k ; Rise       ; Top_LCD:u_lcd_display|LCD_Controller:u_lcd|LCD_DATA[5]        ;
; -0.500 ; 0.500        ; 1.000          ; Low Pulse Width  ; Top_LCD:u_lcd_display|LCD_Controller:u_lcd|clk_1k ; Rise       ; Top_LCD:u_lcd_display|LCD_Controller:u_lcd|LCD_DATA[5]        ;
; -0.500 ; 0.500        ; 1.000          ; High Pulse Width ; Top_LCD:u_lcd_display|LCD_Controller:u_lcd|clk_1k ; Rise       ; Top_LCD:u_lcd_display|LCD_Controller:u_lcd|LCD_DATA[6]        ;
; -0.500 ; 0.500        ; 1.000          ; Low Pulse Width  ; Top_LCD:u_lcd_display|LCD_Controller:u_lcd|clk_1k ; Rise       ; Top_LCD:u_lcd_display|LCD_Controller:u_lcd|LCD_DATA[6]        ;
; -0.500 ; 0.500        ; 1.000          ; High Pulse Width ; Top_LCD:u_lcd_display|LCD_Controller:u_lcd|clk_1k ; Rise       ; Top_LCD:u_lcd_display|LCD_Controller:u_lcd|LCD_DATA[7]        ;
; -0.500 ; 0.500        ; 1.000          ; Low Pulse Width  ; Top_LCD:u_lcd_display|LCD_Controller:u_lcd|clk_1k ; Rise       ; Top_LCD:u_lcd_display|LCD_Controller:u_lcd|LCD_DATA[7]        ;
; -0.500 ; 0.500        ; 1.000          ; High Pulse Width ; Top_LCD:u_lcd_display|LCD_Controller:u_lcd|clk_1k ; Rise       ; Top_LCD:u_lcd_display|LCD_Controller:u_lcd|LCD_EN             ;
; -0.500 ; 0.500        ; 1.000          ; Low Pulse Width  ; Top_LCD:u_lcd_display|LCD_Controller:u_lcd|clk_1k ; Rise       ; Top_LCD:u_lcd_display|LCD_Controller:u_lcd|LCD_EN             ;
; -0.500 ; 0.500        ; 1.000          ; High Pulse Width ; Top_LCD:u_lcd_display|LCD_Controller:u_lcd|clk_1k ; Rise       ; Top_LCD:u_lcd_display|LCD_Controller:u_lcd|LCD_RS             ;
; -0.500 ; 0.500        ; 1.000          ; Low Pulse Width  ; Top_LCD:u_lcd_display|LCD_Controller:u_lcd|clk_1k ; Rise       ; Top_LCD:u_lcd_display|LCD_Controller:u_lcd|LCD_RS             ;
; -0.500 ; 0.500        ; 1.000          ; High Pulse Width ; Top_LCD:u_lcd_display|LCD_Controller:u_lcd|clk_1k ; Rise       ; Top_LCD:u_lcd_display|LCD_Controller:u_lcd|count[0]           ;
; -0.500 ; 0.500        ; 1.000          ; Low Pulse Width  ; Top_LCD:u_lcd_display|LCD_Controller:u_lcd|clk_1k ; Rise       ; Top_LCD:u_lcd_display|LCD_Controller:u_lcd|count[0]           ;
; -0.500 ; 0.500        ; 1.000          ; High Pulse Width ; Top_LCD:u_lcd_display|LCD_Controller:u_lcd|clk_1k ; Rise       ; Top_LCD:u_lcd_display|LCD_Controller:u_lcd|count[1]           ;
; -0.500 ; 0.500        ; 1.000          ; Low Pulse Width  ; Top_LCD:u_lcd_display|LCD_Controller:u_lcd|clk_1k ; Rise       ; Top_LCD:u_lcd_display|LCD_Controller:u_lcd|count[1]           ;
; -0.500 ; 0.500        ; 1.000          ; High Pulse Width ; Top_LCD:u_lcd_display|LCD_Controller:u_lcd|clk_1k ; Rise       ; Top_LCD:u_lcd_display|LCD_Controller:u_lcd|count[2]           ;
; -0.500 ; 0.500        ; 1.000          ; Low Pulse Width  ; Top_LCD:u_lcd_display|LCD_Controller:u_lcd|clk_1k ; Rise       ; Top_LCD:u_lcd_display|LCD_Controller:u_lcd|count[2]           ;
; -0.500 ; 0.500        ; 1.000          ; High Pulse Width ; Top_LCD:u_lcd_display|LCD_Controller:u_lcd|clk_1k ; Rise       ; Top_LCD:u_lcd_display|LCD_Controller:u_lcd|oReady             ;
; -0.500 ; 0.500        ; 1.000          ; Low Pulse Width  ; Top_LCD:u_lcd_display|LCD_Controller:u_lcd|clk_1k ; Rise       ; Top_LCD:u_lcd_display|LCD_Controller:u_lcd|oReady             ;
; -0.500 ; 0.500        ; 1.000          ; High Pulse Width ; Top_LCD:u_lcd_display|LCD_Controller:u_lcd|clk_1k ; Rise       ; Top_LCD:u_lcd_display|LCD_Controller:u_lcd|state.IDLE         ;
; -0.500 ; 0.500        ; 1.000          ; Low Pulse Width  ; Top_LCD:u_lcd_display|LCD_Controller:u_lcd|clk_1k ; Rise       ; Top_LCD:u_lcd_display|LCD_Controller:u_lcd|state.IDLE         ;
; -0.500 ; 0.500        ; 1.000          ; High Pulse Width ; Top_LCD:u_lcd_display|LCD_Controller:u_lcd|clk_1k ; Rise       ; Top_LCD:u_lcd_display|LCD_Controller:u_lcd|state.INIT         ;
; -0.500 ; 0.500        ; 1.000          ; Low Pulse Width  ; Top_LCD:u_lcd_display|LCD_Controller:u_lcd|clk_1k ; Rise       ; Top_LCD:u_lcd_display|LCD_Controller:u_lcd|state.INIT         ;
; -0.500 ; 0.500        ; 1.000          ; High Pulse Width ; Top_LCD:u_lcd_display|LCD_Controller:u_lcd|clk_1k ; Rise       ; Top_LCD:u_lcd_display|LCD_Controller:u_lcd|state.INIT_HOLD    ;
; -0.500 ; 0.500        ; 1.000          ; Low Pulse Width  ; Top_LCD:u_lcd_display|LCD_Controller:u_lcd|clk_1k ; Rise       ; Top_LCD:u_lcd_display|LCD_Controller:u_lcd|state.INIT_HOLD    ;
; -0.500 ; 0.500        ; 1.000          ; High Pulse Width ; Top_LCD:u_lcd_display|LCD_Controller:u_lcd|clk_1k ; Rise       ; Top_LCD:u_lcd_display|LCD_Controller:u_lcd|state.SEND         ;
; -0.500 ; 0.500        ; 1.000          ; Low Pulse Width  ; Top_LCD:u_lcd_display|LCD_Controller:u_lcd|clk_1k ; Rise       ; Top_LCD:u_lcd_display|LCD_Controller:u_lcd|state.SEND         ;
; -0.500 ; 0.500        ; 1.000          ; High Pulse Width ; Top_LCD:u_lcd_display|LCD_Controller:u_lcd|clk_1k ; Rise       ; Top_LCD:u_lcd_display|LCD_Controller:u_lcd|state.SEND_HOLD    ;
; -0.500 ; 0.500        ; 1.000          ; Low Pulse Width  ; Top_LCD:u_lcd_display|LCD_Controller:u_lcd|clk_1k ; Rise       ; Top_LCD:u_lcd_display|LCD_Controller:u_lcd|state.SEND_HOLD    ;
; -0.500 ; 0.500        ; 1.000          ; High Pulse Width ; Top_LCD:u_lcd_display|LCD_Controller:u_lcd|clk_1k ; Rise       ; Top_LCD:u_lcd_display|LCD_Controller:u_lcd|state.SET_POS      ;
; -0.500 ; 0.500        ; 1.000          ; Low Pulse Width  ; Top_LCD:u_lcd_display|LCD_Controller:u_lcd|clk_1k ; Rise       ; Top_LCD:u_lcd_display|LCD_Controller:u_lcd|state.SET_POS      ;
; -0.500 ; 0.500        ; 1.000          ; High Pulse Width ; Top_LCD:u_lcd_display|LCD_Controller:u_lcd|clk_1k ; Rise       ; Top_LCD:u_lcd_display|LCD_Controller:u_lcd|state.SET_POS_HOLD ;
; -0.500 ; 0.500        ; 1.000          ; Low Pulse Width  ; Top_LCD:u_lcd_display|LCD_Controller:u_lcd|clk_1k ; Rise       ; Top_LCD:u_lcd_display|LCD_Controller:u_lcd|state.SET_POS_HOLD ;
; 0.500  ; 0.500        ; 0.000          ; High Pulse Width ; Top_LCD:u_lcd_display|LCD_Controller:u_lcd|clk_1k ; Rise       ; u_lcd_display|u_lcd|LCD_DATA[0]|clk                           ;
; 0.500  ; 0.500        ; 0.000          ; Low Pulse Width  ; Top_LCD:u_lcd_display|LCD_Controller:u_lcd|clk_1k ; Rise       ; u_lcd_display|u_lcd|LCD_DATA[0]|clk                           ;
; 0.500  ; 0.500        ; 0.000          ; High Pulse Width ; Top_LCD:u_lcd_display|LCD_Controller:u_lcd|clk_1k ; Rise       ; u_lcd_display|u_lcd|LCD_DATA[1]|clk                           ;
; 0.500  ; 0.500        ; 0.000          ; Low Pulse Width  ; Top_LCD:u_lcd_display|LCD_Controller:u_lcd|clk_1k ; Rise       ; u_lcd_display|u_lcd|LCD_DATA[1]|clk                           ;
; 0.500  ; 0.500        ; 0.000          ; High Pulse Width ; Top_LCD:u_lcd_display|LCD_Controller:u_lcd|clk_1k ; Rise       ; u_lcd_display|u_lcd|LCD_DATA[2]|clk                           ;
; 0.500  ; 0.500        ; 0.000          ; Low Pulse Width  ; Top_LCD:u_lcd_display|LCD_Controller:u_lcd|clk_1k ; Rise       ; u_lcd_display|u_lcd|LCD_DATA[2]|clk                           ;
; 0.500  ; 0.500        ; 0.000          ; High Pulse Width ; Top_LCD:u_lcd_display|LCD_Controller:u_lcd|clk_1k ; Rise       ; u_lcd_display|u_lcd|LCD_DATA[3]|clk                           ;
; 0.500  ; 0.500        ; 0.000          ; Low Pulse Width  ; Top_LCD:u_lcd_display|LCD_Controller:u_lcd|clk_1k ; Rise       ; u_lcd_display|u_lcd|LCD_DATA[3]|clk                           ;
; 0.500  ; 0.500        ; 0.000          ; High Pulse Width ; Top_LCD:u_lcd_display|LCD_Controller:u_lcd|clk_1k ; Rise       ; u_lcd_display|u_lcd|LCD_DATA[4]|clk                           ;
; 0.500  ; 0.500        ; 0.000          ; Low Pulse Width  ; Top_LCD:u_lcd_display|LCD_Controller:u_lcd|clk_1k ; Rise       ; u_lcd_display|u_lcd|LCD_DATA[4]|clk                           ;
; 0.500  ; 0.500        ; 0.000          ; High Pulse Width ; Top_LCD:u_lcd_display|LCD_Controller:u_lcd|clk_1k ; Rise       ; u_lcd_display|u_lcd|LCD_DATA[5]|clk                           ;
; 0.500  ; 0.500        ; 0.000          ; Low Pulse Width  ; Top_LCD:u_lcd_display|LCD_Controller:u_lcd|clk_1k ; Rise       ; u_lcd_display|u_lcd|LCD_DATA[5]|clk                           ;
; 0.500  ; 0.500        ; 0.000          ; High Pulse Width ; Top_LCD:u_lcd_display|LCD_Controller:u_lcd|clk_1k ; Rise       ; u_lcd_display|u_lcd|LCD_DATA[6]|clk                           ;
; 0.500  ; 0.500        ; 0.000          ; Low Pulse Width  ; Top_LCD:u_lcd_display|LCD_Controller:u_lcd|clk_1k ; Rise       ; u_lcd_display|u_lcd|LCD_DATA[6]|clk                           ;
; 0.500  ; 0.500        ; 0.000          ; High Pulse Width ; Top_LCD:u_lcd_display|LCD_Controller:u_lcd|clk_1k ; Rise       ; u_lcd_display|u_lcd|LCD_DATA[7]|clk                           ;
; 0.500  ; 0.500        ; 0.000          ; Low Pulse Width  ; Top_LCD:u_lcd_display|LCD_Controller:u_lcd|clk_1k ; Rise       ; u_lcd_display|u_lcd|LCD_DATA[7]|clk                           ;
; 0.500  ; 0.500        ; 0.000          ; High Pulse Width ; Top_LCD:u_lcd_display|LCD_Controller:u_lcd|clk_1k ; Rise       ; u_lcd_display|u_lcd|LCD_EN|clk                                ;
; 0.500  ; 0.500        ; 0.000          ; Low Pulse Width  ; Top_LCD:u_lcd_display|LCD_Controller:u_lcd|clk_1k ; Rise       ; u_lcd_display|u_lcd|LCD_EN|clk                                ;
; 0.500  ; 0.500        ; 0.000          ; High Pulse Width ; Top_LCD:u_lcd_display|LCD_Controller:u_lcd|clk_1k ; Rise       ; u_lcd_display|u_lcd|LCD_RS|clk                                ;
; 0.500  ; 0.500        ; 0.000          ; Low Pulse Width  ; Top_LCD:u_lcd_display|LCD_Controller:u_lcd|clk_1k ; Rise       ; u_lcd_display|u_lcd|LCD_RS|clk                                ;
; 0.500  ; 0.500        ; 0.000          ; High Pulse Width ; Top_LCD:u_lcd_display|LCD_Controller:u_lcd|clk_1k ; Rise       ; u_lcd_display|u_lcd|clk_1k|regout                             ;
; 0.500  ; 0.500        ; 0.000          ; Low Pulse Width  ; Top_LCD:u_lcd_display|LCD_Controller:u_lcd|clk_1k ; Rise       ; u_lcd_display|u_lcd|clk_1k|regout                             ;
; 0.500  ; 0.500        ; 0.000          ; High Pulse Width ; Top_LCD:u_lcd_display|LCD_Controller:u_lcd|clk_1k ; Rise       ; u_lcd_display|u_lcd|clk_1k~clkctrl|inclk[0]                   ;
; 0.500  ; 0.500        ; 0.000          ; Low Pulse Width  ; Top_LCD:u_lcd_display|LCD_Controller:u_lcd|clk_1k ; Rise       ; u_lcd_display|u_lcd|clk_1k~clkctrl|inclk[0]                   ;
; 0.500  ; 0.500        ; 0.000          ; High Pulse Width ; Top_LCD:u_lcd_display|LCD_Controller:u_lcd|clk_1k ; Rise       ; u_lcd_display|u_lcd|clk_1k~clkctrl|outclk                     ;
; 0.500  ; 0.500        ; 0.000          ; Low Pulse Width  ; Top_LCD:u_lcd_display|LCD_Controller:u_lcd|clk_1k ; Rise       ; u_lcd_display|u_lcd|clk_1k~clkctrl|outclk                     ;
; 0.500  ; 0.500        ; 0.000          ; High Pulse Width ; Top_LCD:u_lcd_display|LCD_Controller:u_lcd|clk_1k ; Rise       ; u_lcd_display|u_lcd|count[0]|clk                              ;
; 0.500  ; 0.500        ; 0.000          ; Low Pulse Width  ; Top_LCD:u_lcd_display|LCD_Controller:u_lcd|clk_1k ; Rise       ; u_lcd_display|u_lcd|count[0]|clk                              ;
; 0.500  ; 0.500        ; 0.000          ; High Pulse Width ; Top_LCD:u_lcd_display|LCD_Controller:u_lcd|clk_1k ; Rise       ; u_lcd_display|u_lcd|count[1]|clk                              ;
; 0.500  ; 0.500        ; 0.000          ; Low Pulse Width  ; Top_LCD:u_lcd_display|LCD_Controller:u_lcd|clk_1k ; Rise       ; u_lcd_display|u_lcd|count[1]|clk                              ;
; 0.500  ; 0.500        ; 0.000          ; High Pulse Width ; Top_LCD:u_lcd_display|LCD_Controller:u_lcd|clk_1k ; Rise       ; u_lcd_display|u_lcd|count[2]|clk                              ;
; 0.500  ; 0.500        ; 0.000          ; Low Pulse Width  ; Top_LCD:u_lcd_display|LCD_Controller:u_lcd|clk_1k ; Rise       ; u_lcd_display|u_lcd|count[2]|clk                              ;
; 0.500  ; 0.500        ; 0.000          ; High Pulse Width ; Top_LCD:u_lcd_display|LCD_Controller:u_lcd|clk_1k ; Rise       ; u_lcd_display|u_lcd|oReady|clk                                ;
; 0.500  ; 0.500        ; 0.000          ; Low Pulse Width  ; Top_LCD:u_lcd_display|LCD_Controller:u_lcd|clk_1k ; Rise       ; u_lcd_display|u_lcd|oReady|clk                                ;
; 0.500  ; 0.500        ; 0.000          ; High Pulse Width ; Top_LCD:u_lcd_display|LCD_Controller:u_lcd|clk_1k ; Rise       ; u_lcd_display|u_lcd|state.IDLE|clk                            ;
; 0.500  ; 0.500        ; 0.000          ; Low Pulse Width  ; Top_LCD:u_lcd_display|LCD_Controller:u_lcd|clk_1k ; Rise       ; u_lcd_display|u_lcd|state.IDLE|clk                            ;
; 0.500  ; 0.500        ; 0.000          ; High Pulse Width ; Top_LCD:u_lcd_display|LCD_Controller:u_lcd|clk_1k ; Rise       ; u_lcd_display|u_lcd|state.INIT_HOLD|clk                       ;
; 0.500  ; 0.500        ; 0.000          ; Low Pulse Width  ; Top_LCD:u_lcd_display|LCD_Controller:u_lcd|clk_1k ; Rise       ; u_lcd_display|u_lcd|state.INIT_HOLD|clk                       ;
; 0.500  ; 0.500        ; 0.000          ; High Pulse Width ; Top_LCD:u_lcd_display|LCD_Controller:u_lcd|clk_1k ; Rise       ; u_lcd_display|u_lcd|state.INIT|clk                            ;
; 0.500  ; 0.500        ; 0.000          ; Low Pulse Width  ; Top_LCD:u_lcd_display|LCD_Controller:u_lcd|clk_1k ; Rise       ; u_lcd_display|u_lcd|state.INIT|clk                            ;
; 0.500  ; 0.500        ; 0.000          ; High Pulse Width ; Top_LCD:u_lcd_display|LCD_Controller:u_lcd|clk_1k ; Rise       ; u_lcd_display|u_lcd|state.SEND_HOLD|clk                       ;
; 0.500  ; 0.500        ; 0.000          ; Low Pulse Width  ; Top_LCD:u_lcd_display|LCD_Controller:u_lcd|clk_1k ; Rise       ; u_lcd_display|u_lcd|state.SEND_HOLD|clk                       ;
; 0.500  ; 0.500        ; 0.000          ; High Pulse Width ; Top_LCD:u_lcd_display|LCD_Controller:u_lcd|clk_1k ; Rise       ; u_lcd_display|u_lcd|state.SEND|clk                            ;
; 0.500  ; 0.500        ; 0.000          ; Low Pulse Width  ; Top_LCD:u_lcd_display|LCD_Controller:u_lcd|clk_1k ; Rise       ; u_lcd_display|u_lcd|state.SEND|clk                            ;
; 0.500  ; 0.500        ; 0.000          ; High Pulse Width ; Top_LCD:u_lcd_display|LCD_Controller:u_lcd|clk_1k ; Rise       ; u_lcd_display|u_lcd|state.SET_POS_HOLD|clk                    ;
; 0.500  ; 0.500        ; 0.000          ; Low Pulse Width  ; Top_LCD:u_lcd_display|LCD_Controller:u_lcd|clk_1k ; Rise       ; u_lcd_display|u_lcd|state.SET_POS_HOLD|clk                    ;
; 0.500  ; 0.500        ; 0.000          ; High Pulse Width ; Top_LCD:u_lcd_display|LCD_Controller:u_lcd|clk_1k ; Rise       ; u_lcd_display|u_lcd|state.SET_POS|clk                         ;
; 0.500  ; 0.500        ; 0.000          ; Low Pulse Width  ; Top_LCD:u_lcd_display|LCD_Controller:u_lcd|clk_1k ; Rise       ; u_lcd_display|u_lcd|state.SET_POS|clk                         ;
+--------+--------------+----------------+------------------+---------------------------------------------------+------------+---------------------------------------------------------------+


+-----------------------------------------------------------------------------------------------------------------------------------------------+
; Fast Model Minimum Pulse Width: 'clk_divider:u_clk_div|clk_out'                                                                               ;
+--------+--------------+----------------+------------------+-------------------------------+------------+--------------------------------------+
; Slack  ; Actual Width ; Required Width ; Type             ; Clock                         ; Clock Edge ; Target                               ;
+--------+--------------+----------------+------------------+-------------------------------+------------+--------------------------------------+
; -0.500 ; 0.500        ; 1.000          ; High Pulse Width ; clk_divider:u_clk_div|clk_out ; Rise       ; keypad_scanner:u_scanner|data_out[0] ;
; -0.500 ; 0.500        ; 1.000          ; Low Pulse Width  ; clk_divider:u_clk_div|clk_out ; Rise       ; keypad_scanner:u_scanner|data_out[0] ;
; -0.500 ; 0.500        ; 1.000          ; High Pulse Width ; clk_divider:u_clk_div|clk_out ; Rise       ; keypad_scanner:u_scanner|data_out[1] ;
; -0.500 ; 0.500        ; 1.000          ; Low Pulse Width  ; clk_divider:u_clk_div|clk_out ; Rise       ; keypad_scanner:u_scanner|data_out[1] ;
; -0.500 ; 0.500        ; 1.000          ; High Pulse Width ; clk_divider:u_clk_div|clk_out ; Rise       ; keypad_scanner:u_scanner|data_out[2] ;
; -0.500 ; 0.500        ; 1.000          ; Low Pulse Width  ; clk_divider:u_clk_div|clk_out ; Rise       ; keypad_scanner:u_scanner|data_out[2] ;
; -0.500 ; 0.500        ; 1.000          ; High Pulse Width ; clk_divider:u_clk_div|clk_out ; Rise       ; keypad_scanner:u_scanner|data_out[3] ;
; -0.500 ; 0.500        ; 1.000          ; Low Pulse Width  ; clk_divider:u_clk_div|clk_out ; Rise       ; keypad_scanner:u_scanner|data_out[3] ;
; -0.500 ; 0.500        ; 1.000          ; High Pulse Width ; clk_divider:u_clk_div|clk_out ; Rise       ; keypad_scanner:u_scanner|row[0]      ;
; -0.500 ; 0.500        ; 1.000          ; Low Pulse Width  ; clk_divider:u_clk_div|clk_out ; Rise       ; keypad_scanner:u_scanner|row[0]      ;
; -0.500 ; 0.500        ; 1.000          ; High Pulse Width ; clk_divider:u_clk_div|clk_out ; Rise       ; keypad_scanner:u_scanner|row[1]      ;
; -0.500 ; 0.500        ; 1.000          ; Low Pulse Width  ; clk_divider:u_clk_div|clk_out ; Rise       ; keypad_scanner:u_scanner|row[1]      ;
; -0.500 ; 0.500        ; 1.000          ; High Pulse Width ; clk_divider:u_clk_div|clk_out ; Rise       ; keypad_scanner:u_scanner|row[2]      ;
; -0.500 ; 0.500        ; 1.000          ; Low Pulse Width  ; clk_divider:u_clk_div|clk_out ; Rise       ; keypad_scanner:u_scanner|row[2]      ;
; -0.500 ; 0.500        ; 1.000          ; High Pulse Width ; clk_divider:u_clk_div|clk_out ; Rise       ; keypad_scanner:u_scanner|row[3]      ;
; -0.500 ; 0.500        ; 1.000          ; Low Pulse Width  ; clk_divider:u_clk_div|clk_out ; Rise       ; keypad_scanner:u_scanner|row[3]      ;
; -0.500 ; 0.500        ; 1.000          ; High Pulse Width ; clk_divider:u_clk_div|clk_out ; Rise       ; keypad_scanner:u_scanner|state.00    ;
; -0.500 ; 0.500        ; 1.000          ; Low Pulse Width  ; clk_divider:u_clk_div|clk_out ; Rise       ; keypad_scanner:u_scanner|state.00    ;
; -0.500 ; 0.500        ; 1.000          ; High Pulse Width ; clk_divider:u_clk_div|clk_out ; Rise       ; keypad_scanner:u_scanner|state.01    ;
; -0.500 ; 0.500        ; 1.000          ; Low Pulse Width  ; clk_divider:u_clk_div|clk_out ; Rise       ; keypad_scanner:u_scanner|state.01    ;
; -0.500 ; 0.500        ; 1.000          ; High Pulse Width ; clk_divider:u_clk_div|clk_out ; Rise       ; keypad_scanner:u_scanner|state.10    ;
; -0.500 ; 0.500        ; 1.000          ; Low Pulse Width  ; clk_divider:u_clk_div|clk_out ; Rise       ; keypad_scanner:u_scanner|state.10    ;
; -0.500 ; 0.500        ; 1.000          ; High Pulse Width ; clk_divider:u_clk_div|clk_out ; Rise       ; keypad_scanner:u_scanner|state.11    ;
; -0.500 ; 0.500        ; 1.000          ; Low Pulse Width  ; clk_divider:u_clk_div|clk_out ; Rise       ; keypad_scanner:u_scanner|state.11    ;
; -0.500 ; 0.500        ; 1.000          ; High Pulse Width ; clk_divider:u_clk_div|clk_out ; Rise       ; keypad_scanner:u_scanner|valid       ;
; -0.500 ; 0.500        ; 1.000          ; Low Pulse Width  ; clk_divider:u_clk_div|clk_out ; Rise       ; keypad_scanner:u_scanner|valid       ;
; 0.500  ; 0.500        ; 0.000          ; High Pulse Width ; clk_divider:u_clk_div|clk_out ; Rise       ; u_clk_div|clk_out|regout             ;
; 0.500  ; 0.500        ; 0.000          ; Low Pulse Width  ; clk_divider:u_clk_div|clk_out ; Rise       ; u_clk_div|clk_out|regout             ;
; 0.500  ; 0.500        ; 0.000          ; High Pulse Width ; clk_divider:u_clk_div|clk_out ; Rise       ; u_clk_div|clk_out~clkctrl|inclk[0]   ;
; 0.500  ; 0.500        ; 0.000          ; Low Pulse Width  ; clk_divider:u_clk_div|clk_out ; Rise       ; u_clk_div|clk_out~clkctrl|inclk[0]   ;
; 0.500  ; 0.500        ; 0.000          ; High Pulse Width ; clk_divider:u_clk_div|clk_out ; Rise       ; u_clk_div|clk_out~clkctrl|outclk     ;
; 0.500  ; 0.500        ; 0.000          ; Low Pulse Width  ; clk_divider:u_clk_div|clk_out ; Rise       ; u_clk_div|clk_out~clkctrl|outclk     ;
; 0.500  ; 0.500        ; 0.000          ; High Pulse Width ; clk_divider:u_clk_div|clk_out ; Rise       ; u_scanner|data_out[0]|clk            ;
; 0.500  ; 0.500        ; 0.000          ; Low Pulse Width  ; clk_divider:u_clk_div|clk_out ; Rise       ; u_scanner|data_out[0]|clk            ;
; 0.500  ; 0.500        ; 0.000          ; High Pulse Width ; clk_divider:u_clk_div|clk_out ; Rise       ; u_scanner|data_out[1]|clk            ;
; 0.500  ; 0.500        ; 0.000          ; Low Pulse Width  ; clk_divider:u_clk_div|clk_out ; Rise       ; u_scanner|data_out[1]|clk            ;
; 0.500  ; 0.500        ; 0.000          ; High Pulse Width ; clk_divider:u_clk_div|clk_out ; Rise       ; u_scanner|data_out[2]|clk            ;
; 0.500  ; 0.500        ; 0.000          ; Low Pulse Width  ; clk_divider:u_clk_div|clk_out ; Rise       ; u_scanner|data_out[2]|clk            ;
; 0.500  ; 0.500        ; 0.000          ; High Pulse Width ; clk_divider:u_clk_div|clk_out ; Rise       ; u_scanner|data_out[3]|clk            ;
; 0.500  ; 0.500        ; 0.000          ; Low Pulse Width  ; clk_divider:u_clk_div|clk_out ; Rise       ; u_scanner|data_out[3]|clk            ;
; 0.500  ; 0.500        ; 0.000          ; High Pulse Width ; clk_divider:u_clk_div|clk_out ; Rise       ; u_scanner|row[0]|clk                 ;
; 0.500  ; 0.500        ; 0.000          ; Low Pulse Width  ; clk_divider:u_clk_div|clk_out ; Rise       ; u_scanner|row[0]|clk                 ;
; 0.500  ; 0.500        ; 0.000          ; High Pulse Width ; clk_divider:u_clk_div|clk_out ; Rise       ; u_scanner|row[1]|clk                 ;
; 0.500  ; 0.500        ; 0.000          ; Low Pulse Width  ; clk_divider:u_clk_div|clk_out ; Rise       ; u_scanner|row[1]|clk                 ;
; 0.500  ; 0.500        ; 0.000          ; High Pulse Width ; clk_divider:u_clk_div|clk_out ; Rise       ; u_scanner|row[2]|clk                 ;
; 0.500  ; 0.500        ; 0.000          ; Low Pulse Width  ; clk_divider:u_clk_div|clk_out ; Rise       ; u_scanner|row[2]|clk                 ;
; 0.500  ; 0.500        ; 0.000          ; High Pulse Width ; clk_divider:u_clk_div|clk_out ; Rise       ; u_scanner|row[3]|clk                 ;
; 0.500  ; 0.500        ; 0.000          ; Low Pulse Width  ; clk_divider:u_clk_div|clk_out ; Rise       ; u_scanner|row[3]|clk                 ;
; 0.500  ; 0.500        ; 0.000          ; High Pulse Width ; clk_divider:u_clk_div|clk_out ; Rise       ; u_scanner|state.00|clk               ;
; 0.500  ; 0.500        ; 0.000          ; Low Pulse Width  ; clk_divider:u_clk_div|clk_out ; Rise       ; u_scanner|state.00|clk               ;
; 0.500  ; 0.500        ; 0.000          ; High Pulse Width ; clk_divider:u_clk_div|clk_out ; Rise       ; u_scanner|state.01|clk               ;
; 0.500  ; 0.500        ; 0.000          ; Low Pulse Width  ; clk_divider:u_clk_div|clk_out ; Rise       ; u_scanner|state.01|clk               ;
; 0.500  ; 0.500        ; 0.000          ; High Pulse Width ; clk_divider:u_clk_div|clk_out ; Rise       ; u_scanner|state.10|clk               ;
; 0.500  ; 0.500        ; 0.000          ; Low Pulse Width  ; clk_divider:u_clk_div|clk_out ; Rise       ; u_scanner|state.10|clk               ;
; 0.500  ; 0.500        ; 0.000          ; High Pulse Width ; clk_divider:u_clk_div|clk_out ; Rise       ; u_scanner|state.11|clk               ;
; 0.500  ; 0.500        ; 0.000          ; Low Pulse Width  ; clk_divider:u_clk_div|clk_out ; Rise       ; u_scanner|state.11|clk               ;
; 0.500  ; 0.500        ; 0.000          ; High Pulse Width ; clk_divider:u_clk_div|clk_out ; Rise       ; u_scanner|valid|clk                  ;
; 0.500  ; 0.500        ; 0.000          ; Low Pulse Width  ; clk_divider:u_clk_div|clk_out ; Rise       ; u_scanner|valid|clk                  ;
+--------+--------------+----------------+------------------+-------------------------------+------------+--------------------------------------+


+------------------------------------------------------------------------------------------------------------------------------------------------+
; Setup Times                                                                                                                                    ;
+-----------+---------------------------------------------------+-------+-------+------------+---------------------------------------------------+
; Data Port ; Clock Port                                        ; Rise  ; Fall  ; Clock Edge ; Clock Reference                                   ;
+-----------+---------------------------------------------------+-------+-------+------------+---------------------------------------------------+
; KEY[*]    ; CLOCK_50                                          ; 1.220 ; 1.220 ; Rise       ; CLOCK_50                                          ;
;  KEY[0]   ; CLOCK_50                                          ; 1.220 ; 1.220 ; Rise       ; CLOCK_50                                          ;
; KEY[*]    ; Top_LCD:u_lcd_display|LCD_Controller:u_lcd|clk_1k ; 0.746 ; 0.746 ; Rise       ; Top_LCD:u_lcd_display|LCD_Controller:u_lcd|clk_1k ;
;  KEY[0]   ; Top_LCD:u_lcd_display|LCD_Controller:u_lcd|clk_1k ; 0.746 ; 0.746 ; Rise       ; Top_LCD:u_lcd_display|LCD_Controller:u_lcd|clk_1k ;
; COL[*]    ; clk_divider:u_clk_div|clk_out                     ; 3.859 ; 3.859 ; Rise       ; clk_divider:u_clk_div|clk_out                     ;
;  COL[0]   ; clk_divider:u_clk_div|clk_out                     ; 3.775 ; 3.775 ; Rise       ; clk_divider:u_clk_div|clk_out                     ;
;  COL[1]   ; clk_divider:u_clk_div|clk_out                     ; 3.724 ; 3.724 ; Rise       ; clk_divider:u_clk_div|clk_out                     ;
;  COL[2]   ; clk_divider:u_clk_div|clk_out                     ; 3.683 ; 3.683 ; Rise       ; clk_divider:u_clk_div|clk_out                     ;
;  COL[3]   ; clk_divider:u_clk_div|clk_out                     ; 3.859 ; 3.859 ; Rise       ; clk_divider:u_clk_div|clk_out                     ;
+-----------+---------------------------------------------------+-------+-------+------------+---------------------------------------------------+


+--------------------------------------------------------------------------------------------------------------------------------------------------+
; Hold Times                                                                                                                                       ;
+-----------+---------------------------------------------------+--------+--------+------------+---------------------------------------------------+
; Data Port ; Clock Port                                        ; Rise   ; Fall   ; Clock Edge ; Clock Reference                                   ;
+-----------+---------------------------------------------------+--------+--------+------------+---------------------------------------------------+
; KEY[*]    ; CLOCK_50                                          ; -0.140 ; -0.140 ; Rise       ; CLOCK_50                                          ;
;  KEY[0]   ; CLOCK_50                                          ; -0.140 ; -0.140 ; Rise       ; CLOCK_50                                          ;
; KEY[*]    ; Top_LCD:u_lcd_display|LCD_Controller:u_lcd|clk_1k ; -0.243 ; -0.243 ; Rise       ; Top_LCD:u_lcd_display|LCD_Controller:u_lcd|clk_1k ;
;  KEY[0]   ; Top_LCD:u_lcd_display|LCD_Controller:u_lcd|clk_1k ; -0.243 ; -0.243 ; Rise       ; Top_LCD:u_lcd_display|LCD_Controller:u_lcd|clk_1k ;
; COL[*]    ; clk_divider:u_clk_div|clk_out                     ; -2.485 ; -2.485 ; Rise       ; clk_divider:u_clk_div|clk_out                     ;
;  COL[0]   ; clk_divider:u_clk_div|clk_out                     ; -2.485 ; -2.485 ; Rise       ; clk_divider:u_clk_div|clk_out                     ;
;  COL[1]   ; clk_divider:u_clk_div|clk_out                     ; -2.591 ; -2.591 ; Rise       ; clk_divider:u_clk_div|clk_out                     ;
;  COL[2]   ; clk_divider:u_clk_div|clk_out                     ; -2.550 ; -2.550 ; Rise       ; clk_divider:u_clk_div|clk_out                     ;
;  COL[3]   ; clk_divider:u_clk_div|clk_out                     ; -2.684 ; -2.684 ; Rise       ; clk_divider:u_clk_div|clk_out                     ;
+-----------+---------------------------------------------------+--------+--------+------------+---------------------------------------------------+


+---------------------------------------------------------------------------------------------------------------------------------------------------+
; Clock to Output Times                                                                                                                             ;
+--------------+---------------------------------------------------+-------+-------+------------+---------------------------------------------------+
; Data Port    ; Clock Port                                        ; Rise  ; Fall  ; Clock Edge ; Clock Reference                                   ;
+--------------+---------------------------------------------------+-------+-------+------------+---------------------------------------------------+
; LCD_DATA[*]  ; Top_LCD:u_lcd_display|LCD_Controller:u_lcd|clk_1k ; 5.348 ; 5.348 ; Rise       ; Top_LCD:u_lcd_display|LCD_Controller:u_lcd|clk_1k ;
;  LCD_DATA[0] ; Top_LCD:u_lcd_display|LCD_Controller:u_lcd|clk_1k ; 4.897 ; 4.897 ; Rise       ; Top_LCD:u_lcd_display|LCD_Controller:u_lcd|clk_1k ;
;  LCD_DATA[1] ; Top_LCD:u_lcd_display|LCD_Controller:u_lcd|clk_1k ; 4.868 ; 4.868 ; Rise       ; Top_LCD:u_lcd_display|LCD_Controller:u_lcd|clk_1k ;
;  LCD_DATA[2] ; Top_LCD:u_lcd_display|LCD_Controller:u_lcd|clk_1k ; 5.348 ; 5.348 ; Rise       ; Top_LCD:u_lcd_display|LCD_Controller:u_lcd|clk_1k ;
;  LCD_DATA[3] ; Top_LCD:u_lcd_display|LCD_Controller:u_lcd|clk_1k ; 4.569 ; 4.569 ; Rise       ; Top_LCD:u_lcd_display|LCD_Controller:u_lcd|clk_1k ;
;  LCD_DATA[4] ; Top_LCD:u_lcd_display|LCD_Controller:u_lcd|clk_1k ; 4.520 ; 4.520 ; Rise       ; Top_LCD:u_lcd_display|LCD_Controller:u_lcd|clk_1k ;
;  LCD_DATA[5] ; Top_LCD:u_lcd_display|LCD_Controller:u_lcd|clk_1k ; 4.813 ; 4.813 ; Rise       ; Top_LCD:u_lcd_display|LCD_Controller:u_lcd|clk_1k ;
;  LCD_DATA[6] ; Top_LCD:u_lcd_display|LCD_Controller:u_lcd|clk_1k ; 4.531 ; 4.531 ; Rise       ; Top_LCD:u_lcd_display|LCD_Controller:u_lcd|clk_1k ;
;  LCD_DATA[7] ; Top_LCD:u_lcd_display|LCD_Controller:u_lcd|clk_1k ; 4.342 ; 4.342 ; Rise       ; Top_LCD:u_lcd_display|LCD_Controller:u_lcd|clk_1k ;
; LCD_EN       ; Top_LCD:u_lcd_display|LCD_Controller:u_lcd|clk_1k ; 4.616 ; 4.616 ; Rise       ; Top_LCD:u_lcd_display|LCD_Controller:u_lcd|clk_1k ;
; LCD_RS       ; Top_LCD:u_lcd_display|LCD_Controller:u_lcd|clk_1k ; 4.317 ; 4.317 ; Rise       ; Top_LCD:u_lcd_display|LCD_Controller:u_lcd|clk_1k ;
; ROW[*]       ; clk_divider:u_clk_div|clk_out                     ; 4.309 ; 4.309 ; Rise       ; clk_divider:u_clk_div|clk_out                     ;
;  ROW[0]      ; clk_divider:u_clk_div|clk_out                     ; 4.278 ; 4.278 ; Rise       ; clk_divider:u_clk_div|clk_out                     ;
;  ROW[1]      ; clk_divider:u_clk_div|clk_out                     ; 4.286 ; 4.286 ; Rise       ; clk_divider:u_clk_div|clk_out                     ;
;  ROW[2]      ; clk_divider:u_clk_div|clk_out                     ; 4.309 ; 4.309 ; Rise       ; clk_divider:u_clk_div|clk_out                     ;
;  ROW[3]      ; clk_divider:u_clk_div|clk_out                     ; 3.991 ; 3.991 ; Rise       ; clk_divider:u_clk_div|clk_out                     ;
+--------------+---------------------------------------------------+-------+-------+------------+---------------------------------------------------+


+---------------------------------------------------------------------------------------------------------------------------------------------------+
; Minimum Clock to Output Times                                                                                                                     ;
+--------------+---------------------------------------------------+-------+-------+------------+---------------------------------------------------+
; Data Port    ; Clock Port                                        ; Rise  ; Fall  ; Clock Edge ; Clock Reference                                   ;
+--------------+---------------------------------------------------+-------+-------+------------+---------------------------------------------------+
; LCD_DATA[*]  ; Top_LCD:u_lcd_display|LCD_Controller:u_lcd|clk_1k ; 4.342 ; 4.342 ; Rise       ; Top_LCD:u_lcd_display|LCD_Controller:u_lcd|clk_1k ;
;  LCD_DATA[0] ; Top_LCD:u_lcd_display|LCD_Controller:u_lcd|clk_1k ; 4.897 ; 4.897 ; Rise       ; Top_LCD:u_lcd_display|LCD_Controller:u_lcd|clk_1k ;
;  LCD_DATA[1] ; Top_LCD:u_lcd_display|LCD_Controller:u_lcd|clk_1k ; 4.868 ; 4.868 ; Rise       ; Top_LCD:u_lcd_display|LCD_Controller:u_lcd|clk_1k ;
;  LCD_DATA[2] ; Top_LCD:u_lcd_display|LCD_Controller:u_lcd|clk_1k ; 5.348 ; 5.348 ; Rise       ; Top_LCD:u_lcd_display|LCD_Controller:u_lcd|clk_1k ;
;  LCD_DATA[3] ; Top_LCD:u_lcd_display|LCD_Controller:u_lcd|clk_1k ; 4.569 ; 4.569 ; Rise       ; Top_LCD:u_lcd_display|LCD_Controller:u_lcd|clk_1k ;
;  LCD_DATA[4] ; Top_LCD:u_lcd_display|LCD_Controller:u_lcd|clk_1k ; 4.520 ; 4.520 ; Rise       ; Top_LCD:u_lcd_display|LCD_Controller:u_lcd|clk_1k ;
;  LCD_DATA[5] ; Top_LCD:u_lcd_display|LCD_Controller:u_lcd|clk_1k ; 4.813 ; 4.813 ; Rise       ; Top_LCD:u_lcd_display|LCD_Controller:u_lcd|clk_1k ;
;  LCD_DATA[6] ; Top_LCD:u_lcd_display|LCD_Controller:u_lcd|clk_1k ; 4.531 ; 4.531 ; Rise       ; Top_LCD:u_lcd_display|LCD_Controller:u_lcd|clk_1k ;
;  LCD_DATA[7] ; Top_LCD:u_lcd_display|LCD_Controller:u_lcd|clk_1k ; 4.342 ; 4.342 ; Rise       ; Top_LCD:u_lcd_display|LCD_Controller:u_lcd|clk_1k ;
; LCD_EN       ; Top_LCD:u_lcd_display|LCD_Controller:u_lcd|clk_1k ; 4.616 ; 4.616 ; Rise       ; Top_LCD:u_lcd_display|LCD_Controller:u_lcd|clk_1k ;
; LCD_RS       ; Top_LCD:u_lcd_display|LCD_Controller:u_lcd|clk_1k ; 4.317 ; 4.317 ; Rise       ; Top_LCD:u_lcd_display|LCD_Controller:u_lcd|clk_1k ;
; ROW[*]       ; clk_divider:u_clk_div|clk_out                     ; 3.991 ; 3.991 ; Rise       ; clk_divider:u_clk_div|clk_out                     ;
;  ROW[0]      ; clk_divider:u_clk_div|clk_out                     ; 4.278 ; 4.278 ; Rise       ; clk_divider:u_clk_div|clk_out                     ;
;  ROW[1]      ; clk_divider:u_clk_div|clk_out                     ; 4.286 ; 4.286 ; Rise       ; clk_divider:u_clk_div|clk_out                     ;
;  ROW[2]      ; clk_divider:u_clk_div|clk_out                     ; 4.309 ; 4.309 ; Rise       ; clk_divider:u_clk_div|clk_out                     ;
;  ROW[3]      ; clk_divider:u_clk_div|clk_out                     ; 3.991 ; 3.991 ; Rise       ; clk_divider:u_clk_div|clk_out                     ;
+--------------+---------------------------------------------------+-------+-------+------------+---------------------------------------------------+


+-------------------------------------------------------------------------------------------------------------------+
; Multicorner Timing Analysis Summary                                                                               ;
+----------------------------------------------------+----------+--------+----------+---------+---------------------+
; Clock                                              ; Setup    ; Hold   ; Recovery ; Removal ; Minimum Pulse Width ;
+----------------------------------------------------+----------+--------+----------+---------+---------------------+
; Worst-case Slack                                   ; -6.734   ; -3.031 ; N/A      ; N/A     ; -1.941              ;
;  CLOCK_50                                          ; -6.734   ; -3.031 ; N/A      ; N/A     ; -1.941              ;
;  Top_LCD:u_lcd_display|LCD_Controller:u_lcd|clk_1k ; -1.838   ; -0.080 ; N/A      ; N/A     ; -0.742              ;
;  clk_divider:u_clk_div|clk_out                     ; -3.031   ; 0.215  ; N/A      ; N/A     ; -0.742              ;
; Design-wide TNS                                    ; -783.944 ; -6.256 ; 0.0      ; 0.0     ; -310.613            ;
;  CLOCK_50                                          ; -740.967 ; -6.025 ; N/A      ; N/A     ; -260.157            ;
;  Top_LCD:u_lcd_display|LCD_Controller:u_lcd|clk_1k ; -26.693  ; -0.231 ; N/A      ; N/A     ; -31.164             ;
;  clk_divider:u_clk_div|clk_out                     ; -16.284  ; 0.000  ; N/A      ; N/A     ; -19.292             ;
+----------------------------------------------------+----------+--------+----------+---------+---------------------+


+--------------------------------------------------------------------------------------------------------------------------------------------------+
; Setup Times                                                                                                                                      ;
+-----------+---------------------------------------------------+--------+--------+------------+---------------------------------------------------+
; Data Port ; Clock Port                                        ; Rise   ; Fall   ; Clock Edge ; Clock Reference                                   ;
+-----------+---------------------------------------------------+--------+--------+------------+---------------------------------------------------+
; KEY[*]    ; CLOCK_50                                          ; 4.999  ; 4.999  ; Rise       ; CLOCK_50                                          ;
;  KEY[0]   ; CLOCK_50                                          ; 4.999  ; 4.999  ; Rise       ; CLOCK_50                                          ;
; KEY[*]    ; Top_LCD:u_lcd_display|LCD_Controller:u_lcd|clk_1k ; 2.798  ; 2.798  ; Rise       ; Top_LCD:u_lcd_display|LCD_Controller:u_lcd|clk_1k ;
;  KEY[0]   ; Top_LCD:u_lcd_display|LCD_Controller:u_lcd|clk_1k ; 2.798  ; 2.798  ; Rise       ; Top_LCD:u_lcd_display|LCD_Controller:u_lcd|clk_1k ;
; COL[*]    ; clk_divider:u_clk_div|clk_out                     ; 10.135 ; 10.135 ; Rise       ; clk_divider:u_clk_div|clk_out                     ;
;  COL[0]   ; clk_divider:u_clk_div|clk_out                     ; 9.759  ; 9.759  ; Rise       ; clk_divider:u_clk_div|clk_out                     ;
;  COL[1]   ; clk_divider:u_clk_div|clk_out                     ; 9.579  ; 9.579  ; Rise       ; clk_divider:u_clk_div|clk_out                     ;
;  COL[2]   ; clk_divider:u_clk_div|clk_out                     ; 9.324  ; 9.324  ; Rise       ; clk_divider:u_clk_div|clk_out                     ;
;  COL[3]   ; clk_divider:u_clk_div|clk_out                     ; 10.135 ; 10.135 ; Rise       ; clk_divider:u_clk_div|clk_out                     ;
+-----------+---------------------------------------------------+--------+--------+------------+---------------------------------------------------+


+--------------------------------------------------------------------------------------------------------------------------------------------------+
; Hold Times                                                                                                                                       ;
+-----------+---------------------------------------------------+--------+--------+------------+---------------------------------------------------+
; Data Port ; Clock Port                                        ; Rise   ; Fall   ; Clock Edge ; Clock Reference                                   ;
+-----------+---------------------------------------------------+--------+--------+------------+---------------------------------------------------+
; KEY[*]    ; CLOCK_50                                          ; -0.140 ; -0.140 ; Rise       ; CLOCK_50                                          ;
;  KEY[0]   ; CLOCK_50                                          ; -0.140 ; -0.140 ; Rise       ; CLOCK_50                                          ;
; KEY[*]    ; Top_LCD:u_lcd_display|LCD_Controller:u_lcd|clk_1k ; -0.243 ; -0.243 ; Rise       ; Top_LCD:u_lcd_display|LCD_Controller:u_lcd|clk_1k ;
;  KEY[0]   ; Top_LCD:u_lcd_display|LCD_Controller:u_lcd|clk_1k ; -0.243 ; -0.243 ; Rise       ; Top_LCD:u_lcd_display|LCD_Controller:u_lcd|clk_1k ;
; COL[*]    ; clk_divider:u_clk_div|clk_out                     ; -2.485 ; -2.485 ; Rise       ; clk_divider:u_clk_div|clk_out                     ;
;  COL[0]   ; clk_divider:u_clk_div|clk_out                     ; -2.485 ; -2.485 ; Rise       ; clk_divider:u_clk_div|clk_out                     ;
;  COL[1]   ; clk_divider:u_clk_div|clk_out                     ; -2.591 ; -2.591 ; Rise       ; clk_divider:u_clk_div|clk_out                     ;
;  COL[2]   ; clk_divider:u_clk_div|clk_out                     ; -2.550 ; -2.550 ; Rise       ; clk_divider:u_clk_div|clk_out                     ;
;  COL[3]   ; clk_divider:u_clk_div|clk_out                     ; -2.684 ; -2.684 ; Rise       ; clk_divider:u_clk_div|clk_out                     ;
+-----------+---------------------------------------------------+--------+--------+------------+---------------------------------------------------+


+-----------------------------------------------------------------------------------------------------------------------------------------------------+
; Clock to Output Times                                                                                                                               ;
+--------------+---------------------------------------------------+--------+--------+------------+---------------------------------------------------+
; Data Port    ; Clock Port                                        ; Rise   ; Fall   ; Clock Edge ; Clock Reference                                   ;
+--------------+---------------------------------------------------+--------+--------+------------+---------------------------------------------------+
; LCD_DATA[*]  ; Top_LCD:u_lcd_display|LCD_Controller:u_lcd|clk_1k ; 12.784 ; 12.784 ; Rise       ; Top_LCD:u_lcd_display|LCD_Controller:u_lcd|clk_1k ;
;  LCD_DATA[0] ; Top_LCD:u_lcd_display|LCD_Controller:u_lcd|clk_1k ; 11.431 ; 11.431 ; Rise       ; Top_LCD:u_lcd_display|LCD_Controller:u_lcd|clk_1k ;
;  LCD_DATA[1] ; Top_LCD:u_lcd_display|LCD_Controller:u_lcd|clk_1k ; 12.120 ; 12.120 ; Rise       ; Top_LCD:u_lcd_display|LCD_Controller:u_lcd|clk_1k ;
;  LCD_DATA[2] ; Top_LCD:u_lcd_display|LCD_Controller:u_lcd|clk_1k ; 12.784 ; 12.784 ; Rise       ; Top_LCD:u_lcd_display|LCD_Controller:u_lcd|clk_1k ;
;  LCD_DATA[3] ; Top_LCD:u_lcd_display|LCD_Controller:u_lcd|clk_1k ; 10.933 ; 10.933 ; Rise       ; Top_LCD:u_lcd_display|LCD_Controller:u_lcd|clk_1k ;
;  LCD_DATA[4] ; Top_LCD:u_lcd_display|LCD_Controller:u_lcd|clk_1k ; 10.842 ; 10.842 ; Rise       ; Top_LCD:u_lcd_display|LCD_Controller:u_lcd|clk_1k ;
;  LCD_DATA[5] ; Top_LCD:u_lcd_display|LCD_Controller:u_lcd|clk_1k ; 12.010 ; 12.010 ; Rise       ; Top_LCD:u_lcd_display|LCD_Controller:u_lcd|clk_1k ;
;  LCD_DATA[6] ; Top_LCD:u_lcd_display|LCD_Controller:u_lcd|clk_1k ; 10.887 ; 10.887 ; Rise       ; Top_LCD:u_lcd_display|LCD_Controller:u_lcd|clk_1k ;
;  LCD_DATA[7] ; Top_LCD:u_lcd_display|LCD_Controller:u_lcd|clk_1k ; 10.057 ; 10.057 ; Rise       ; Top_LCD:u_lcd_display|LCD_Controller:u_lcd|clk_1k ;
; LCD_EN       ; Top_LCD:u_lcd_display|LCD_Controller:u_lcd|clk_1k ; 11.221 ; 11.221 ; Rise       ; Top_LCD:u_lcd_display|LCD_Controller:u_lcd|clk_1k ;
; LCD_RS       ; Top_LCD:u_lcd_display|LCD_Controller:u_lcd|clk_1k ; 10.162 ; 10.162 ; Rise       ; Top_LCD:u_lcd_display|LCD_Controller:u_lcd|clk_1k ;
; ROW[*]       ; clk_divider:u_clk_div|clk_out                     ; 10.592 ; 10.592 ; Rise       ; clk_divider:u_clk_div|clk_out                     ;
;  ROW[0]      ; clk_divider:u_clk_div|clk_out                     ; 10.512 ; 10.512 ; Rise       ; clk_divider:u_clk_div|clk_out                     ;
;  ROW[1]      ; clk_divider:u_clk_div|clk_out                     ; 10.538 ; 10.538 ; Rise       ; clk_divider:u_clk_div|clk_out                     ;
;  ROW[2]      ; clk_divider:u_clk_div|clk_out                     ; 10.592 ; 10.592 ; Rise       ; clk_divider:u_clk_div|clk_out                     ;
;  ROW[3]      ; clk_divider:u_clk_div|clk_out                     ; 9.370  ; 9.370  ; Rise       ; clk_divider:u_clk_div|clk_out                     ;
+--------------+---------------------------------------------------+--------+--------+------------+---------------------------------------------------+


+---------------------------------------------------------------------------------------------------------------------------------------------------+
; Minimum Clock to Output Times                                                                                                                     ;
+--------------+---------------------------------------------------+-------+-------+------------+---------------------------------------------------+
; Data Port    ; Clock Port                                        ; Rise  ; Fall  ; Clock Edge ; Clock Reference                                   ;
+--------------+---------------------------------------------------+-------+-------+------------+---------------------------------------------------+
; LCD_DATA[*]  ; Top_LCD:u_lcd_display|LCD_Controller:u_lcd|clk_1k ; 4.342 ; 4.342 ; Rise       ; Top_LCD:u_lcd_display|LCD_Controller:u_lcd|clk_1k ;
;  LCD_DATA[0] ; Top_LCD:u_lcd_display|LCD_Controller:u_lcd|clk_1k ; 4.897 ; 4.897 ; Rise       ; Top_LCD:u_lcd_display|LCD_Controller:u_lcd|clk_1k ;
;  LCD_DATA[1] ; Top_LCD:u_lcd_display|LCD_Controller:u_lcd|clk_1k ; 4.868 ; 4.868 ; Rise       ; Top_LCD:u_lcd_display|LCD_Controller:u_lcd|clk_1k ;
;  LCD_DATA[2] ; Top_LCD:u_lcd_display|LCD_Controller:u_lcd|clk_1k ; 5.348 ; 5.348 ; Rise       ; Top_LCD:u_lcd_display|LCD_Controller:u_lcd|clk_1k ;
;  LCD_DATA[3] ; Top_LCD:u_lcd_display|LCD_Controller:u_lcd|clk_1k ; 4.569 ; 4.569 ; Rise       ; Top_LCD:u_lcd_display|LCD_Controller:u_lcd|clk_1k ;
;  LCD_DATA[4] ; Top_LCD:u_lcd_display|LCD_Controller:u_lcd|clk_1k ; 4.520 ; 4.520 ; Rise       ; Top_LCD:u_lcd_display|LCD_Controller:u_lcd|clk_1k ;
;  LCD_DATA[5] ; Top_LCD:u_lcd_display|LCD_Controller:u_lcd|clk_1k ; 4.813 ; 4.813 ; Rise       ; Top_LCD:u_lcd_display|LCD_Controller:u_lcd|clk_1k ;
;  LCD_DATA[6] ; Top_LCD:u_lcd_display|LCD_Controller:u_lcd|clk_1k ; 4.531 ; 4.531 ; Rise       ; Top_LCD:u_lcd_display|LCD_Controller:u_lcd|clk_1k ;
;  LCD_DATA[7] ; Top_LCD:u_lcd_display|LCD_Controller:u_lcd|clk_1k ; 4.342 ; 4.342 ; Rise       ; Top_LCD:u_lcd_display|LCD_Controller:u_lcd|clk_1k ;
; LCD_EN       ; Top_LCD:u_lcd_display|LCD_Controller:u_lcd|clk_1k ; 4.616 ; 4.616 ; Rise       ; Top_LCD:u_lcd_display|LCD_Controller:u_lcd|clk_1k ;
; LCD_RS       ; Top_LCD:u_lcd_display|LCD_Controller:u_lcd|clk_1k ; 4.317 ; 4.317 ; Rise       ; Top_LCD:u_lcd_display|LCD_Controller:u_lcd|clk_1k ;
; ROW[*]       ; clk_divider:u_clk_div|clk_out                     ; 3.991 ; 3.991 ; Rise       ; clk_divider:u_clk_div|clk_out                     ;
;  ROW[0]      ; clk_divider:u_clk_div|clk_out                     ; 4.278 ; 4.278 ; Rise       ; clk_divider:u_clk_div|clk_out                     ;
;  ROW[1]      ; clk_divider:u_clk_div|clk_out                     ; 4.286 ; 4.286 ; Rise       ; clk_divider:u_clk_div|clk_out                     ;
;  ROW[2]      ; clk_divider:u_clk_div|clk_out                     ; 4.309 ; 4.309 ; Rise       ; clk_divider:u_clk_div|clk_out                     ;
;  ROW[3]      ; clk_divider:u_clk_div|clk_out                     ; 3.991 ; 3.991 ; Rise       ; clk_divider:u_clk_div|clk_out                     ;
+--------------+---------------------------------------------------+-------+-------+------------+---------------------------------------------------+


+---------------------------------------------------------------------------------------------------------------------------------------------------+
; Setup Transfers                                                                                                                                   ;
+---------------------------------------------------+---------------------------------------------------+----------+----------+----------+----------+
; From Clock                                        ; To Clock                                          ; RR Paths ; FR Paths ; RF Paths ; FF Paths ;
+---------------------------------------------------+---------------------------------------------------+----------+----------+----------+----------+
; clk_divider:u_clk_div|clk_out                     ; clk_divider:u_clk_div|clk_out                     ; 78       ; 0        ; 0        ; 0        ;
; clk_divider:u_clk_div|clk_out                     ; CLOCK_50                                          ; 543      ; 1        ; 0        ; 0        ;
; CLOCK_50                                          ; CLOCK_50                                          ; 6161     ; 0        ; 0        ; 0        ;
; Top_LCD:u_lcd_display|LCD_Controller:u_lcd|clk_1k ; CLOCK_50                                          ; 18       ; 1        ; 0        ; 0        ;
; CLOCK_50                                          ; Top_LCD:u_lcd_display|LCD_Controller:u_lcd|clk_1k ; 15       ; 0        ; 0        ; 0        ;
; Top_LCD:u_lcd_display|LCD_Controller:u_lcd|clk_1k ; Top_LCD:u_lcd_display|LCD_Controller:u_lcd|clk_1k ; 91       ; 0        ; 0        ; 0        ;
+---------------------------------------------------+---------------------------------------------------+----------+----------+----------+----------+
Entries labeled "false path" only account for clock-to-clock false paths and not path-based false paths. As a result, actual path counts may be lower than reported.


+---------------------------------------------------------------------------------------------------------------------------------------------------+
; Hold Transfers                                                                                                                                    ;
+---------------------------------------------------+---------------------------------------------------+----------+----------+----------+----------+
; From Clock                                        ; To Clock                                          ; RR Paths ; FR Paths ; RF Paths ; FF Paths ;
+---------------------------------------------------+---------------------------------------------------+----------+----------+----------+----------+
; clk_divider:u_clk_div|clk_out                     ; clk_divider:u_clk_div|clk_out                     ; 78       ; 0        ; 0        ; 0        ;
; clk_divider:u_clk_div|clk_out                     ; CLOCK_50                                          ; 543      ; 1        ; 0        ; 0        ;
; CLOCK_50                                          ; CLOCK_50                                          ; 6161     ; 0        ; 0        ; 0        ;
; Top_LCD:u_lcd_display|LCD_Controller:u_lcd|clk_1k ; CLOCK_50                                          ; 18       ; 1        ; 0        ; 0        ;
; CLOCK_50                                          ; Top_LCD:u_lcd_display|LCD_Controller:u_lcd|clk_1k ; 15       ; 0        ; 0        ; 0        ;
; Top_LCD:u_lcd_display|LCD_Controller:u_lcd|clk_1k ; Top_LCD:u_lcd_display|LCD_Controller:u_lcd|clk_1k ; 91       ; 0        ; 0        ; 0        ;
+---------------------------------------------------+---------------------------------------------------+----------+----------+----------+----------+
Entries labeled "false path" only account for clock-to-clock false paths and not path-based false paths. As a result, actual path counts may be lower than reported.


---------------
; Report TCCS ;
---------------
No dedicated SERDES Transmitter circuitry present in device or used in design


---------------
; Report RSKM ;
---------------
No dedicated SERDES Receiver circuitry present in device or used in design


+------------------------------------------------+
; Unconstrained Paths                            ;
+---------------------------------+-------+------+
; Property                        ; Setup ; Hold ;
+---------------------------------+-------+------+
; Illegal Clocks                  ; 0     ; 0    ;
; Unconstrained Clocks            ; 0     ; 0    ;
; Unconstrained Input Ports       ; 5     ; 5    ;
; Unconstrained Input Port Paths  ; 194   ; 194  ;
; Unconstrained Output Ports      ; 14    ; 14   ;
; Unconstrained Output Port Paths ; 14    ; 14   ;
+---------------------------------+-------+------+


+------------------------------------+
; TimeQuest Timing Analyzer Messages ;
+------------------------------------+
Info: *******************************************************************
Info: Running Quartus II 64-Bit TimeQuest Timing Analyzer
    Info: Version 13.0.1 Build 232 06/12/2013 Service Pack 1 SJ Web Edition
    Info: Processing started: Thu May 07 10:25:45 2026
Info: Command: quartus_sta Do_an -c Do_an
Info: qsta_default_script.tcl version: #1
Warning (20028): Parallel compilation is not licensed and has been disabled
Info (21077): Low junction temperature is 0 degrees C
Info (21077): High junction temperature is 85 degrees C
Critical Warning (332012): Synopsys Design Constraints File file not found: 'Do_an.sdc'. A Synopsys Design Constraints File is required by the TimeQuest Timing Analyzer to get proper timing constraints. Without it, the Compiler will not properly optimize the design.
Info (332142): No user constrained base clocks found in the design. Calling "derive_clocks -period 1.0"
Info (332105): Deriving Clocks
    Info (332105): create_clock -period 1.000 -name Top_LCD:u_lcd_display|LCD_Controller:u_lcd|clk_1k Top_LCD:u_lcd_display|LCD_Controller:u_lcd|clk_1k
    Info (332105): create_clock -period 1.000 -name CLOCK_50 CLOCK_50
    Info (332105): create_clock -period 1.000 -name clk_divider:u_clk_div|clk_out clk_divider:u_clk_div|clk_out
Info: Found TIMEQUEST_REPORT_SCRIPT_INCLUDE_DEFAULT_ANALYSIS = ON
Info: Analyzing Slow Model
Critical Warning (332148): Timing requirements not met
Info (332146): Worst-case setup slack is -6.734
    Info (332119):     Slack End Point TNS Clock 
    Info (332119): ========= ============= =====================
    Info (332119):    -6.734      -740.967 CLOCK_50 
    Info (332119):    -3.031       -16.284 clk_divider:u_clk_div|clk_out 
    Info (332119):    -1.838       -26.693 Top_LCD:u_lcd_display|LCD_Controller:u_lcd|clk_1k 
Info (332146): Worst-case hold slack is -3.031
    Info (332119):     Slack End Point TNS Clock 
    Info (332119): ========= ============= =====================
    Info (332119):    -3.031        -6.025 CLOCK_50 
    Info (332119):    -0.080        -0.231 Top_LCD:u_lcd_display|LCD_Controller:u_lcd|clk_1k 
    Info (332119):     0.499         0.000 clk_divider:u_clk_div|clk_out 
Info (332140): No Recovery paths to report
Info (332140): No Removal paths to report
Info (332146): Worst-case minimum pulse width slack is -1.941
    Info (332119):     Slack End Point TNS Clock 
    Info (332119): ========= ============= =====================
    Info (332119):    -1.941      -260.157 CLOCK_50 
    Info (332119):    -0.742       -31.164 Top_LCD:u_lcd_display|LCD_Controller:u_lcd|clk_1k 
    Info (332119):    -0.742       -19.292 clk_divider:u_clk_div|clk_out 
Info (332001): The selected device family is not supported by the report_metastability command.
Info: Analyzing Fast Model
Critical Warning (332148): Timing requirements not met
Info (332146): Worst-case setup slack is -1.492
    Info (332119):     Slack End Point TNS Clock 
    Info (332119): ========= ============= =====================
    Info (332119):    -1.492      -129.329 CLOCK_50 
    Info (332119):    -0.223        -0.632 clk_divider:u_clk_div|clk_out 
    Info (332119):    -0.021        -0.126 Top_LCD:u_lcd_display|LCD_Controller:u_lcd|clk_1k 
Info (332146): Worst-case hold slack is -1.597
    Info (332119):     Slack End Point TNS Clock 
    Info (332119): ========= ============= =====================
    Info (332119):    -1.597        -3.160 CLOCK_50 
    Info (332119):     0.056         0.000 Top_LCD:u_lcd_display|LCD_Controller:u_lcd|clk_1k 
    Info (332119):     0.215         0.000 clk_divider:u_clk_div|clk_out 
Info (332140): No Recovery paths to report
Info (332140): No Removal paths to report
Info (332146): Worst-case minimum pulse width slack is -1.380
    Info (332119):     Slack End Point TNS Clock 
    Info (332119): ========= ============= =====================
    Info (332119):    -1.380      -175.380 CLOCK_50 
    Info (332119):    -0.500       -21.000 Top_LCD:u_lcd_display|LCD_Controller:u_lcd|clk_1k 
    Info (332119):    -0.500       -13.000 clk_divider:u_clk_div|clk_out 
Info (332001): The selected device family is not supported by the report_metastability command.
Info (332102): Design is not fully constrained for setup requirements
Info (332102): Design is not fully constrained for hold requirements
Info: Quartus II 64-Bit TimeQuest Timing Analyzer was successful. 0 errors, 4 warnings
    Info: Peak virtual memory: 4559 megabytes
    Info: Processing ended: Thu May 07 10:25:46 2026
    Info: Elapsed time: 00:00:01
    Info: Total CPU time (on all processors): 00:00:01


