Fitter report for Do_an
Tue May 12 13:27:22 2026
Quartus II 64-Bit Version 13.0.1 Build 232 06/12/2013 Service Pack 1 SJ Web Edition


---------------------
; Table of Contents ;
---------------------
  1. Legal Notice
  2. Fitter Summary
  3. Fitter Settings
  4. Parallel Compilation
  5. Ignored Assignments
  6. Incremental Compilation Preservation Summary
  7. Incremental Compilation Partition Settings
  8. Incremental Compilation Placement Preservation
  9. Pin-Out File
 10. Fitter Resource Usage Summary
 11. Fitter Partition Statistics
 12. Input Pins
 13. Output Pins
 14. I/O Bank Usage
 15. All Package Pins
 16. Output Pin Default Load For Reported TCO
 17. Fitter Resource Utilization by Entity
 18. Delay Chain Summary
 19. Pad To Core Delay Chain Fanout
 20. Control Signals
 21. Global & Other Fast Signals
 22. Non-Global High Fan-Out Signals
 23. Other Routing Usage Summary
 24. LAB Logic Elements
 25. LAB-wide Signals
 26. LAB Signals Sourced
 27. LAB Signals Sourced Out
 28. LAB Distinct Inputs
 29. Fitter Device Options
 30. Operating Settings and Conditions
 31. Fitter Messages
 32. Fitter Suppressed Messages



----------------
; Legal Notice ;
----------------
Copyright (C) 1991-2013 Altera Corporation
Your use of Altera Corporation's design tools, logic functions 
and other software and tools, and its AMPP partner logic 
functions, and any output files from any of the foregoing 
(including device programming or simulation files), and any 
associated documentation or information are expressly subject 
to the terms and conditions of the Altera Program License 
Subscription Agreement, Altera MegaCore Function License 
Agreement, or other applicable license agreement, including, 
without limitation, that your use is for the sole purpose of 
programming logic devices manufactured by Altera and sold by 
Altera or its authorized distributors.  Please refer to the 
applicable agreement for further details.



+--------------------------------------------------------------------------------------+
; Fitter Summary                                                                       ;
+------------------------------------+-------------------------------------------------+
; Fitter Status                      ; Successful - Tue May 12 13:27:22 2026           ;
; Quartus II 64-Bit Version          ; 13.0.1 Build 232 06/12/2013 SP 1 SJ Web Edition ;
; Revision Name                      ; Do_an                                           ;
; Top-level Entity Name              ; Lock_System_Top                                 ;
; Family                             ; Cyclone II                                      ;
; Device                             ; EP2C35F672C8                                    ;
; Timing Models                      ; Final                                           ;
; Total logic elements               ; 478 / 33,216 ( 1 % )                            ;
;     Total combinational functions  ; 456 / 33,216 ( 1 % )                            ;
;     Dedicated logic registers      ; 255 / 33,216 ( < 1 % )                          ;
; Total registers                    ; 255                                             ;
; Total pins                         ; 22 / 475 ( 5 % )                                ;
; Total virtual pins                 ; 0                                               ;
; Total memory bits                  ; 0 / 483,840 ( 0 % )                             ;
; Embedded Multiplier 9-bit elements ; 0 / 70 ( 0 % )                                  ;
; Total PLLs                         ; 0 / 4 ( 0 % )                                   ;
+------------------------------------+-------------------------------------------------+


+----------------------------------------------------------------------------------------------------------------------------------------------+
; Fitter Settings                                                                                                                              ;
+----------------------------------------------------------------------------+--------------------------------+--------------------------------+
; Option                                                                     ; Setting                        ; Default Value                  ;
+----------------------------------------------------------------------------+--------------------------------+--------------------------------+
; Device                                                                     ; EP2C35F672C8                   ;                                ;
; Minimum Core Junction Temperature                                          ; 0                              ;                                ;
; Maximum Core Junction Temperature                                          ; 85                             ;                                ;
; Fit Attempts to Skip                                                       ; 0                              ; 0.0                            ;
; Device I/O Standard                                                        ; 3.3-V LVTTL                    ;                                ;
; Use smart compilation                                                      ; Off                            ; Off                            ;
; Enable parallel Assembler and TimeQuest Timing Analyzer during compilation ; On                             ; On                             ;
; Enable compact report table                                                ; Off                            ; Off                            ;
; Auto Merge PLLs                                                            ; On                             ; On                             ;
; Ignore PLL Mode When Merging PLLs                                          ; Off                            ; Off                            ;
; Router Timing Optimization Level                                           ; Normal                         ; Normal                         ;
; Placement Effort Multiplier                                                ; 1.0                            ; 1.0                            ;
; Router Effort Multiplier                                                   ; 1.0                            ; 1.0                            ;
; Always Enable Input Buffers                                                ; Off                            ; Off                            ;
; Optimize Hold Timing                                                       ; IO Paths and Minimum TPD Paths ; IO Paths and Minimum TPD Paths ;
; Optimize Multi-Corner Timing                                               ; On                             ; On                             ;
; PowerPlay Power Optimization                                               ; Normal compilation             ; Normal compilation             ;
; Optimize Timing                                                            ; Normal compilation             ; Normal compilation             ;
; Optimize Timing for ECOs                                                   ; Off                            ; Off                            ;
; Regenerate full fit report during ECO compiles                             ; Off                            ; Off                            ;
; Optimize IOC Register Placement for Timing                                 ; Normal                         ; Normal                         ;
; Limit to One Fitting Attempt                                               ; Off                            ; Off                            ;
; Final Placement Optimizations                                              ; Automatically                  ; Automatically                  ;
; Fitter Aggressive Routability Optimizations                                ; Automatically                  ; Automatically                  ;
; Fitter Initial Placement Seed                                              ; 1                              ; 1                              ;
; PCI I/O                                                                    ; Off                            ; Off                            ;
; Weak Pull-Up Resistor                                                      ; Off                            ; Off                            ;
; Enable Bus-Hold Circuitry                                                  ; Off                            ; Off                            ;
; Auto Global Memory Control Signals                                         ; Off                            ; Off                            ;
; Auto Packed Registers                                                      ; Auto                           ; Auto                           ;
; Auto Delay Chains                                                          ; On                             ; On                             ;
; Auto Delay Chains for High Fanout Input Pins                               ; Off                            ; Off                            ;
; Perform Physical Synthesis for Combinational Logic for Fitting             ; Off                            ; Off                            ;
; Perform Physical Synthesis for Combinational Logic for Performance         ; Off                            ; Off                            ;
; Perform Register Duplication for Performance                               ; Off                            ; Off                            ;
; Perform Logic to Memory Mapping for Fitting                                ; Off                            ; Off                            ;
; Perform Register Retiming for Performance                                  ; Off                            ; Off                            ;
; Perform Asynchronous Signal Pipelining                                     ; Off                            ; Off                            ;
; Fitter Effort                                                              ; Auto Fit                       ; Auto Fit                       ;
; Physical Synthesis Effort Level                                            ; Normal                         ; Normal                         ;
; Auto Global Clock                                                          ; On                             ; On                             ;
; Auto Global Register Control Signals                                       ; On                             ; On                             ;
; Force Fitter to Avoid Periphery Placement Warnings                         ; Off                            ; Off                            ;
+----------------------------------------------------------------------------+--------------------------------+--------------------------------+


Parallel compilation was disabled, but you have multiple processors available. Enable parallel compilation to reduce compilation time.
+-------------------------------------+
; Parallel Compilation                ;
+----------------------------+--------+
; Processors                 ; Number ;
+----------------------------+--------+
; Number detected on machine ; 8      ;
; Maximum allowed            ; 1      ;
+----------------------------+--------+


+----------------------------------------------------------------------------------------+
; Ignored Assignments                                                                    ;
+----------+----------------+--------------+------------+---------------+----------------+
; Name     ; Ignored Entity ; Ignored From ; Ignored To ; Ignored Value ; Ignored Source ;
+----------+----------------+--------------+------------+---------------+----------------+
; Location ;                ;              ; HEX0[0]    ; PIN_AF10      ; QSF Assignment ;
; Location ;                ;              ; HEX0[1]    ; PIN_AB12      ; QSF Assignment ;
; Location ;                ;              ; HEX0[2]    ; PIN_AC12      ; QSF Assignment ;
; Location ;                ;              ; HEX0[3]    ; PIN_AD11      ; QSF Assignment ;
; Location ;                ;              ; HEX0[4]    ; PIN_AE11      ; QSF Assignment ;
; Location ;                ;              ; HEX0[5]    ; PIN_V14       ; QSF Assignment ;
; Location ;                ;              ; HEX0[6]    ; PIN_V13       ; QSF Assignment ;
+----------+----------------+--------------+------------+---------------+----------------+


+----------------------------------------------+
; Incremental Compilation Preservation Summary ;
+---------------------+------------------------+
; Type                ; Value                  ;
+---------------------+------------------------+
; Placement (by node) ;                        ;
;     -- Requested    ; 0 / 740 ( 0.00 % )     ;
;     -- Achieved     ; 0 / 740 ( 0.00 % )     ;
;                     ;                        ;
; Routing (by net)    ;                        ;
;     -- Requested    ; 0 / 0 ( 0.00 % )       ;
;     -- Achieved     ; 0 / 0 ( 0.00 % )       ;
+---------------------+------------------------+


+----------------------------------------------------------------------------------------------------------------------------------------------------------------------------------------+
; Incremental Compilation Partition Settings                                                                                                                                             ;
+--------------------------------+----------------+-------------------+-------------------------+------------------------+------------------------------+--------------------------------+
; Partition Name                 ; Partition Type ; Netlist Type Used ; Preservation Level Used ; Netlist Type Requested ; Preservation Level Requested ; Contents                       ;
+--------------------------------+----------------+-------------------+-------------------------+------------------------+------------------------------+--------------------------------+
; Top                            ; User-created   ; Source File       ; N/A                     ; Source File            ; N/A                          ;                                ;
; hard_block:auto_generated_inst ; Auto-generated ; Source File       ; N/A                     ; Source File            ; N/A                          ; hard_block:auto_generated_inst ;
+--------------------------------+----------------+-------------------+-------------------------+------------------------+------------------------------+--------------------------------+


+------------------------------------------------------------------------------------------------------------+
; Incremental Compilation Placement Preservation                                                             ;
+--------------------------------+---------+-------------------+-------------------------+-------------------+
; Partition Name                 ; # Nodes ; # Preserved Nodes ; Preservation Level Used ; Netlist Type Used ;
+--------------------------------+---------+-------------------+-------------------------+-------------------+
; Top                            ; 737     ; 0                 ; N/A                     ; Source File       ;
; hard_block:auto_generated_inst ; 3       ; 0                 ; N/A                     ; Source File       ;
+--------------------------------+---------+-------------------+-------------------------+-------------------+


+--------------+
; Pin-Out File ;
+--------------+
The pin-out file can be found in C:/Users/tgiah/HDL/doan/Digital-Lock-Using-Altera-DE2-board/output_files/Do_an.pin.


+----------------------------------------------------------------------+
; Fitter Resource Usage Summary                                        ;
+---------------------------------------------+------------------------+
; Resource                                    ; Usage                  ;
+---------------------------------------------+------------------------+
; Total logic elements                        ; 478 / 33,216 ( 1 % )   ;
;     -- Combinational with no register       ; 223                    ;
;     -- Register only                        ; 22                     ;
;     -- Combinational with a register        ; 233                    ;
;                                             ;                        ;
; Logic element usage by number of LUT inputs ;                        ;
;     -- 4 input functions                    ; 221                    ;
;     -- 3 input functions                    ; 75                     ;
;     -- <=2 input functions                  ; 160                    ;
;     -- Register only                        ; 22                     ;
;                                             ;                        ;
; Logic elements by mode                      ;                        ;
;     -- normal mode                          ; 369                    ;
;     -- arithmetic mode                      ; 87                     ;
;                                             ;                        ;
; Total registers*                            ; 255 / 34,593 ( < 1 % ) ;
;     -- Dedicated logic registers            ; 255 / 33,216 ( < 1 % ) ;
;     -- I/O registers                        ; 0 / 1,377 ( 0 % )      ;
;                                             ;                        ;
; Total LABs:  partially or completely used   ; 39 / 2,076 ( 2 % )     ;
; Virtual pins                                ; 0                      ;
; I/O pins                                    ; 22 / 475 ( 5 % )       ;
;     -- Clock pins                           ; 2 / 8 ( 25 % )         ;
;                                             ;                        ;
; Global signals                              ; 4                      ;
; M4Ks                                        ; 0 / 105 ( 0 % )        ;
; Total block memory bits                     ; 0 / 483,840 ( 0 % )    ;
; Total block memory implementation bits      ; 0 / 483,840 ( 0 % )    ;
; Embedded Multiplier 9-bit elements          ; 0 / 70 ( 0 % )         ;
; PLLs                                        ; 0 / 4 ( 0 % )          ;
; Global clocks                               ; 4 / 16 ( 25 % )        ;
; JTAGs                                       ; 0 / 1 ( 0 % )          ;
; ASMI blocks                                 ; 0 / 1 ( 0 % )          ;
; CRC blocks                                  ; 0 / 1 ( 0 % )          ;
; Average interconnect usage (total/H/V)      ; 0% / 0% / 0%           ;
; Peak interconnect usage (total/H/V)         ; 2% / 1% / 3%           ;
; Maximum fan-out                             ; 221                    ;
; Highest non-global fan-out                  ; 32                     ;
; Total fan-out                               ; 2273                   ;
; Average fan-out                             ; 3.01                   ;
+---------------------------------------------+------------------------+
*  Register count does not include registers inside RAM blocks or DSP blocks.



+------------------------------------------------------------------------------------------------------+
; Fitter Partition Statistics                                                                          ;
+---------------------------------------------+-----------------------+--------------------------------+
; Statistic                                   ; Top                   ; hard_block:auto_generated_inst ;
+---------------------------------------------+-----------------------+--------------------------------+
; Difficulty Clustering Region                ; Low                   ; Low                            ;
;                                             ;                       ;                                ;
; Total logic elements                        ; 478 / 33216 ( 1 % )   ; 0 / 33216 ( 0 % )              ;
;     -- Combinational with no register       ; 223                   ; 0                              ;
;     -- Register only                        ; 22                    ; 0                              ;
;     -- Combinational with a register        ; 233                   ; 0                              ;
;                                             ;                       ;                                ;
; Logic element usage by number of LUT inputs ;                       ;                                ;
;     -- 4 input functions                    ; 221                   ; 0                              ;
;     -- 3 input functions                    ; 75                    ; 0                              ;
;     -- <=2 input functions                  ; 160                   ; 0                              ;
;     -- Register only                        ; 22                    ; 0                              ;
;                                             ;                       ;                                ;
; Logic elements by mode                      ;                       ;                                ;
;     -- normal mode                          ; 369                   ; 0                              ;
;     -- arithmetic mode                      ; 87                    ; 0                              ;
;                                             ;                       ;                                ;
; Total registers                             ; 255                   ; 0                              ;
;     -- Dedicated logic registers            ; 255 / 33216 ( < 1 % ) ; 0 / 33216 ( 0 % )              ;
;                                             ;                       ;                                ;
; Total LABs:  partially or completely used   ; 39 / 2076 ( 2 % )     ; 0 / 2076 ( 0 % )               ;
;                                             ;                       ;                                ;
; Virtual pins                                ; 0                     ; 0                              ;
; I/O pins                                    ; 22                    ; 0                              ;
; Embedded Multiplier 9-bit elements          ; 0 / 70 ( 0 % )        ; 0 / 70 ( 0 % )                 ;
; Total memory bits                           ; 0                     ; 0                              ;
; Total RAM block bits                        ; 0                     ; 0                              ;
; Clock control block                         ; 4 / 20 ( 20 % )       ; 0 / 20 ( 0 % )                 ;
;                                             ;                       ;                                ;
; Connections                                 ;                       ;                                ;
;     -- Input Connections                    ; 0                     ; 0                              ;
;     -- Registered Input Connections         ; 0                     ; 0                              ;
;     -- Output Connections                   ; 0                     ; 0                              ;
;     -- Registered Output Connections        ; 0                     ; 0                              ;
;                                             ;                       ;                                ;
; Internal Connections                        ;                       ;                                ;
;     -- Total Connections                    ; 2273                  ; 0                              ;
;     -- Registered Connections               ; 929                   ; 0                              ;
;                                             ;                       ;                                ;
; External Connections                        ;                       ;                                ;
;     -- Top                                  ; 0                     ; 0                              ;
;     -- hard_block:auto_generated_inst       ; 0                     ; 0                              ;
;                                             ;                       ;                                ;
; Partition Interface                         ;                       ;                                ;
;     -- Input Ports                          ; 6                     ; 0                              ;
;     -- Output Ports                         ; 16                    ; 0                              ;
;     -- Bidir Ports                          ; 0                     ; 0                              ;
;                                             ;                       ;                                ;
; Registered Ports                            ;                       ;                                ;
;     -- Registered Input Ports               ; 0                     ; 0                              ;
;     -- Registered Output Ports              ; 0                     ; 0                              ;
;                                             ;                       ;                                ;
; Port Connectivity                           ;                       ;                                ;
;     -- Input Ports driven by GND            ; 0                     ; 0                              ;
;     -- Output Ports driven by GND           ; 0                     ; 0                              ;
;     -- Input Ports driven by VCC            ; 0                     ; 0                              ;
;     -- Output Ports driven by VCC           ; 0                     ; 0                              ;
;     -- Input Ports with no Source           ; 0                     ; 0                              ;
;     -- Output Ports with no Source          ; 0                     ; 0                              ;
;     -- Input Ports with no Fanout           ; 0                     ; 0                              ;
;     -- Output Ports with no Fanout          ; 0                     ; 0                              ;
+---------------------------------------------+-----------------------+--------------------------------+


+----------------------------------------------------------------------------------------------------------------------------------------------------------------------------------------------------------------------------------------------------------------+
; Input Pins                                                                                                                                                                                                                                                     ;
+----------+-------+----------+--------------+--------------+-------------+-----------------------+--------------------+--------+----------------+---------------+-----------------+----------+--------------+--------------+-------------+----------------------+
; Name     ; Pin # ; I/O Bank ; X coordinate ; Y coordinate ; Cell number ; Combinational Fan-Out ; Registered Fan-Out ; Global ; Input Register ; Power Up High ; PCI I/O Enabled ; Bus Hold ; Weak Pull Up ; I/O Standard ; Termination ; Location assigned by ;
+----------+-------+----------+--------------+--------------+-------------+-----------------------+--------------------+--------+----------------+---------------+-----------------+----------+--------------+--------------+-------------+----------------------+
; CLOCK_50 ; N2    ; 2        ; 0            ; 18           ; 0           ; 1                     ; 0                  ; yes    ; no             ; no            ; no              ; no       ; Off          ; 3.3-V LVTTL  ; Off         ; User                 ;
; COL[0]   ; J25   ; 5        ; 65           ; 24           ; 2           ; 11                    ; 0                  ; no     ; no             ; no            ; no              ; no       ; On           ; 3.3-V LVTTL  ; Off         ; User                 ;
; COL[1]   ; H25   ; 5        ; 65           ; 26           ; 2           ; 11                    ; 0                  ; no     ; no             ; no            ; no              ; no       ; On           ; 3.3-V LVTTL  ; Off         ; User                 ;
; COL[2]   ; H19   ; 5        ; 65           ; 26           ; 4           ; 13                    ; 0                  ; no     ; no             ; no            ; no              ; no       ; On           ; 3.3-V LVTTL  ; Off         ; User                 ;
; COL[3]   ; K19   ; 5        ; 65           ; 25           ; 1           ; 9                     ; 0                  ; no     ; no             ; no            ; no              ; no       ; On           ; 3.3-V LVTTL  ; Off         ; User                 ;
; KEY[0]   ; N25   ; 5        ; 65           ; 19           ; 0           ; 16                    ; 0                  ; yes    ; no             ; no            ; no              ; no       ; Off          ; 3.3-V LVTTL  ; Off         ; User                 ;
+----------+-------+----------+--------------+--------------+-------------+-----------------------+--------------------+--------+----------------+---------------+-----------------+----------+--------------+--------------+-------------+----------------------+


+-------------------------------------------------------------------------------------------------------------------------------------------------------------------------------------------------------------------------------------------------------------------------------------------------------------------------------------------+
; Output Pins                                                                                                                                                                                                                                                                                                                               ;
+-------------+-------+----------+--------------+--------------+-------------+-----------------+------------------------+---------------+-----------------+------------+---------------+----------+--------------+--------------+------------------+-------------+----------------------+------+----------------------+---------------------+
; Name        ; Pin # ; I/O Bank ; X coordinate ; Y coordinate ; Cell number ; Output Register ; Output Enable Register ; Power Up High ; PCI I/O Enabled ; Open Drain ; TRI Primitive ; Bus Hold ; Weak Pull Up ; I/O Standard ; Current Strength ; Termination ; Location assigned by ; Load ; Output Enable Source ; Output Enable Group ;
+-------------+-------+----------+--------------+--------------+-------------+-----------------+------------------------+---------------+-----------------+------------+---------------+----------+--------------+--------------+------------------+-------------+----------------------+------+----------------------+---------------------+
; LCD_DATA[0] ; J1    ; 2        ; 0            ; 26           ; 1           ; no              ; no                     ; no            ; no              ; no         ; no            ; no       ; Off          ; 3.3-V LVTTL  ; 24mA             ; Off         ; User                 ; 0 pF ; -                    ; -                   ;
; LCD_DATA[1] ; J2    ; 2        ; 0            ; 26           ; 0           ; no              ; no                     ; no            ; no              ; no         ; no            ; no       ; Off          ; 3.3-V LVTTL  ; 24mA             ; Off         ; User                 ; 0 pF ; -                    ; -                   ;
; LCD_DATA[2] ; H1    ; 2        ; 0            ; 27           ; 4           ; no              ; no                     ; no            ; no              ; no         ; no            ; no       ; Off          ; 3.3-V LVTTL  ; 24mA             ; Off         ; User                 ; 0 pF ; -                    ; -                   ;
; LCD_DATA[3] ; H2    ; 2        ; 0            ; 27           ; 3           ; no              ; no                     ; no            ; no              ; no         ; no            ; no       ; Off          ; 3.3-V LVTTL  ; 24mA             ; Off         ; User                 ; 0 pF ; -                    ; -                   ;
; LCD_DATA[4] ; J4    ; 2        ; 0            ; 27           ; 2           ; no              ; no                     ; no            ; no              ; no         ; no            ; no       ; Off          ; 3.3-V LVTTL  ; 24mA             ; Off         ; User                 ; 0 pF ; -                    ; -                   ;
; LCD_DATA[5] ; J3    ; 2        ; 0            ; 27           ; 1           ; no              ; no                     ; no            ; no              ; no         ; no            ; no       ; Off          ; 3.3-V LVTTL  ; 24mA             ; Off         ; User                 ; 0 pF ; -                    ; -                   ;
; LCD_DATA[6] ; H4    ; 2        ; 0            ; 27           ; 0           ; no              ; no                     ; no            ; no              ; no         ; no            ; no       ; Off          ; 3.3-V LVTTL  ; 24mA             ; Off         ; User                 ; 0 pF ; -                    ; -                   ;
; LCD_DATA[7] ; H3    ; 2        ; 0            ; 28           ; 4           ; no              ; no                     ; no            ; no              ; no         ; no            ; no       ; Off          ; 3.3-V LVTTL  ; 24mA             ; Off         ; User                 ; 0 pF ; -                    ; -                   ;
; LCD_EN      ; K3    ; 2        ; 0            ; 26           ; 3           ; no              ; no                     ; no            ; no              ; no         ; no            ; no       ; Off          ; 3.3-V LVTTL  ; 24mA             ; Off         ; User                 ; 0 pF ; -                    ; -                   ;
; LCD_ON      ; L4    ; 2        ; 0            ; 25           ; 2           ; no              ; no                     ; no            ; no              ; no         ; no            ; no       ; Off          ; 3.3-V LVTTL  ; 24mA             ; Off         ; User                 ; 0 pF ; -                    ; -                   ;
; LCD_RS      ; K1    ; 2        ; 0            ; 25           ; 0           ; no              ; no                     ; no            ; no              ; no         ; no            ; no       ; Off          ; 3.3-V LVTTL  ; 24mA             ; Off         ; User                 ; 0 pF ; -                    ; -                   ;
; LCD_RW      ; K4    ; 2        ; 0            ; 26           ; 2           ; no              ; no                     ; no            ; no              ; no         ; no            ; no       ; Off          ; 3.3-V LVTTL  ; 24mA             ; Off         ; User                 ; 0 pF ; -                    ; -                   ;
; ROW[0]      ; N18   ; 5        ; 65           ; 29           ; 2           ; no              ; no                     ; no            ; no              ; no         ; no            ; no       ; Off          ; 3.3-V LVTTL  ; 24mA             ; Off         ; User                 ; 0 pF ; -                    ; -                   ;
; ROW[1]      ; G23   ; 5        ; 65           ; 28           ; 0           ; no              ; no                     ; no            ; no              ; no         ; no            ; no       ; Off          ; 3.3-V LVTTL  ; 24mA             ; Off         ; User                 ; 0 pF ; -                    ; -                   ;
; ROW[2]      ; K22   ; 5        ; 65           ; 28           ; 2           ; no              ; no                     ; no            ; no              ; no         ; no            ; no       ; Off          ; 3.3-V LVTTL  ; 24mA             ; Off         ; User                 ; 0 pF ; -                    ; -                   ;
; ROW[3]      ; H23   ; 5        ; 65           ; 27           ; 2           ; no              ; no                     ; no            ; no              ; no         ; no            ; no       ; Off          ; 3.3-V LVTTL  ; 24mA             ; Off         ; User                 ; 0 pF ; -                    ; -                   ;
+-------------+-------+----------+--------------+--------------+-------------+-----------------+------------------------+---------------+-----------------+------------+---------------+----------+--------------+--------------+------------------+-------------+----------------------+------+----------------------+---------------------+


+------------------------------------------------------------+
; I/O Bank Usage                                             ;
+----------+------------------+---------------+--------------+
; I/O Bank ; Usage            ; VCCIO Voltage ; VREF Voltage ;
+----------+------------------+---------------+--------------+
; 1        ; 0 / 64 ( 0 % )   ; 3.3V          ; --           ;
; 2        ; 15 / 59 ( 25 % ) ; 3.3V          ; --           ;
; 3        ; 0 / 56 ( 0 % )   ; 3.3V          ; --           ;
; 4        ; 0 / 58 ( 0 % )   ; 3.3V          ; --           ;
; 5        ; 9 / 65 ( 14 % )  ; 3.3V          ; --           ;
; 6        ; 1 / 59 ( 2 % )   ; 3.3V          ; --           ;
; 7        ; 0 / 58 ( 0 % )   ; 3.3V          ; --           ;
; 8        ; 0 / 56 ( 0 % )   ; 3.3V          ; --           ;
+----------+------------------+---------------+--------------+


+------------------------------------------------------------------------------------------------------------------------------------------------------------------------+
; All Package Pins                                                                                                                                                       ;
+----------+------------+----------+------------------------------------------+--------+--------------+---------+------------+-----------------+----------+--------------+
; Location ; Pad Number ; I/O Bank ; Pin Name/Usage                           ; Dir.   ; I/O Standard ; Voltage ; I/O Type   ; User Assignment ; Bus Hold ; Weak Pull Up ;
+----------+------------+----------+------------------------------------------+--------+--------------+---------+------------+-----------------+----------+--------------+
; A2       ;            ;          ; GND                                      ; gnd    ;              ;         ; --         ;                 ; --       ; --           ;
; A3       ;            ; 3        ; VCCIO3                                   ; power  ;              ; 3.3V    ; --         ;                 ; --       ; --           ;
; A4       ; 484        ; 3        ; GND*                                     ;        ;              ;         ; Column I/O ;                 ; no       ; Off          ;
; A5       ; 482        ; 3        ; GND*                                     ;        ;              ;         ; Column I/O ;                 ; no       ; Off          ;
; A6       ; 479        ; 3        ; GND*                                     ;        ;              ;         ; Column I/O ;                 ; no       ; Off          ;
; A7       ; 465        ; 3        ; GND*                                     ;        ;              ;         ; Column I/O ;                 ; no       ; Off          ;
; A8       ; 457        ; 3        ; GND*                                     ;        ;              ;         ; Column I/O ;                 ; no       ; Off          ;
; A9       ; 451        ; 3        ; GND*                                     ;        ;              ;         ; Column I/O ;                 ; no       ; Off          ;
; A10      ; 447        ; 3        ; GND*                                     ;        ;              ;         ; Column I/O ;                 ; no       ; Off          ;
; A11      ;            ; 3        ; VCCIO3                                   ; power  ;              ; 3.3V    ; --         ;                 ; --       ; --           ;
; A12      ;            ;          ; GND                                      ; gnd    ;              ;         ; --         ;                 ; --       ; --           ;
; A13      ; 430        ; 4        ; GND+                                     ;        ;              ;         ; Column I/O ;                 ; --       ; --           ;
; A14      ; 427        ; 4        ; GND*                                     ;        ;              ;         ; Column I/O ;                 ; no       ; Off          ;
; A15      ;            ;          ; GND                                      ; gnd    ;              ;         ; --         ;                 ; --       ; --           ;
; A16      ;            ; 4        ; VCCIO4                                   ; power  ;              ; 3.3V    ; --         ;                 ; --       ; --           ;
; A17      ; 412        ; 4        ; GND*                                     ;        ;              ;         ; Column I/O ;                 ; no       ; Off          ;
; A18      ; 406        ; 4        ; GND*                                     ;        ;              ;         ; Column I/O ;                 ; no       ; Off          ;
; A19      ; 394        ; 4        ; GND*                                     ;        ;              ;         ; Column I/O ;                 ; no       ; Off          ;
; A20      ; 390        ; 4        ; GND*                                     ;        ;              ;         ; Column I/O ;                 ; no       ; Off          ;
; A21      ; 382        ; 4        ; GND*                                     ;        ;              ;         ; Column I/O ;                 ; no       ; Off          ;
; A22      ; 379        ; 4        ; GND*                                     ;        ;              ;         ; Column I/O ;                 ; no       ; Off          ;
; A23      ; 378        ; 4        ; GND*                                     ;        ;              ;         ; Column I/O ;                 ; no       ; Off          ;
; A24      ;            ; 4        ; VCCIO4                                   ; power  ;              ; 3.3V    ; --         ;                 ; --       ; --           ;
; A25      ;            ;          ; GND                                      ; gnd    ;              ;         ; --         ;                 ; --       ; --           ;
; AA1      ; 107        ; 1        ; GND*                                     ;        ;              ;         ; Row I/O    ;                 ; no       ; Off          ;
; AA2      ; 106        ; 1        ; GND*                                     ;        ;              ;         ; Row I/O    ;                 ; no       ; Off          ;
; AA3      ; 117        ; 1        ; GND*                                     ;        ;              ;         ; Row I/O    ;                 ; no       ; Off          ;
; AA4      ; 116        ; 1        ; GND*                                     ;        ;              ;         ; Row I/O    ;                 ; no       ; Off          ;
; AA5      ; 120        ; 1        ; GND*                                     ;        ;              ;         ; Row I/O    ;                 ; no       ; Off          ;
; AA6      ; 130        ; 1        ; GND*                                     ;        ;              ;         ; Row I/O    ;                 ; no       ; Off          ;
; AA7      ; 129        ; 1        ; GND*                                     ;        ;              ;         ; Row I/O    ;                 ; no       ; Off          ;
; AA8      ;            ;          ; VCCA_PLL1                                ; power  ;              ; 1.2V    ; --         ;                 ; --       ; --           ;
; AA9      ; 152        ; 8        ; GND*                                     ;        ;              ;         ; Column I/O ;                 ; no       ; Off          ;
; AA10     ; 153        ; 8        ; GND*                                     ;        ;              ;         ; Column I/O ;                 ; no       ; Off          ;
; AA11     ; 155        ; 8        ; GND*                                     ;        ;              ;         ; Column I/O ;                 ; no       ; Off          ;
; AA12     ; 179        ; 8        ; GND*                                     ;        ;              ;         ; Column I/O ;                 ; no       ; Off          ;
; AA13     ; 192        ; 7        ; GND*                                     ;        ;              ;         ; Column I/O ;                 ; no       ; Off          ;
; AA14     ; 194        ; 7        ; GND*                                     ;        ;              ;         ; Column I/O ;                 ; no       ; Off          ;
; AA15     ; 197        ; 7        ; GND*                                     ;        ;              ;         ; Column I/O ;                 ; no       ; Off          ;
; AA16     ; 209        ; 7        ; GND*                                     ;        ;              ;         ; Column I/O ;                 ; no       ; Off          ;
; AA17     ; 219        ; 7        ; GND*                                     ;        ;              ;         ; Column I/O ;                 ; no       ; Off          ;
; AA18     ; 220        ; 7        ; GND*                                     ;        ;              ;         ; Column I/O ;                 ; no       ; Off          ;
; AA19     ;            ;          ; VCCA_PLL4                                ; power  ;              ; 1.2V    ; --         ;                 ; --       ; --           ;
; AA20     ; 230        ; 7        ; GND*                                     ;        ;              ;         ; Column I/O ;                 ; no       ; Off          ;
; AA21     ;            ;          ; GND_PLL4                                 ; gnd    ;              ;         ; --         ;                 ; --       ; --           ;
; AA22     ;            ; 6        ; VCCIO6                                   ; power  ;              ; 3.3V    ; --         ;                 ; --       ; --           ;
; AA23     ; 256        ; 6        ; GND*                                     ;        ;              ;         ; Row I/O    ;                 ; no       ; Off          ;
; AA24     ; 255        ; 6        ; GND*                                     ;        ;              ;         ; Row I/O    ;                 ; no       ; Off          ;
; AA25     ; 266        ; 6        ; GND*                                     ;        ;              ;         ; Row I/O    ;                 ; no       ; Off          ;
; AA26     ; 267        ; 6        ; GND*                                     ;        ;              ;         ; Row I/O    ;                 ; no       ; Off          ;
; AB1      ; 115        ; 1        ; GND*                                     ;        ;              ;         ; Row I/O    ;                 ; no       ; Off          ;
; AB2      ; 114        ; 1        ; GND*                                     ;        ;              ;         ; Row I/O    ;                 ; no       ; Off          ;
; AB3      ; 126        ; 1        ; GND*                                     ;        ;              ;         ; Row I/O    ;                 ; no       ; Off          ;
; AB4      ; 127        ; 1        ; GND*                                     ;        ;              ;         ; Row I/O    ;                 ; no       ; Off          ;
; AB5      ;            ; 1        ; VCCIO1                                   ; power  ;              ; 3.3V    ; --         ;                 ; --       ; --           ;
; AB6      ;            ; 8        ; VCCIO8                                   ; power  ;              ; 3.3V    ; --         ;                 ; --       ; --           ;
; AB7      ;            ;          ; GND                                      ; gnd    ;              ;         ; --         ;                 ; --       ; --           ;
; AB8      ; 147        ; 8        ; GND*                                     ;        ;              ;         ; Column I/O ;                 ; no       ; Off          ;
; AB9      ;            ; 8        ; VCCIO8                                   ; power  ;              ; 3.3V    ; --         ;                 ; --       ; --           ;
; AB10     ; 154        ; 8        ; GND*                                     ;        ;              ;         ; Column I/O ;                 ; no       ; Off          ;
; AB11     ;            ;          ; GND                                      ; gnd    ;              ;         ; --         ;                 ; --       ; --           ;
; AB12     ; 171        ; 8        ; GND*                                     ;        ;              ;         ; Column I/O ;                 ; no       ; Off          ;
; AB13     ;            ; 8        ; VCCIO8                                   ; power  ;              ; 3.3V    ; --         ;                 ; --       ; --           ;
; AB14     ;            ; 7        ; VCCIO7                                   ; power  ;              ; 3.3V    ; --         ;                 ; --       ; --           ;
; AB15     ; 198        ; 7        ; GND*                                     ;        ;              ;         ; Column I/O ;                 ; no       ; Off          ;
; AB16     ;            ;          ; GND                                      ; gnd    ;              ;         ; --         ;                 ; --       ; --           ;
; AB17     ;            ; 7        ; VCCIO7                                   ; power  ;              ; 3.3V    ; --         ;                 ; --       ; --           ;
; AB18     ; 215        ; 7        ; GND*                                     ;        ;              ;         ; Column I/O ;                 ; no       ; Off          ;
; AB19     ;            ;          ; GND                                      ; gnd    ;              ;         ; --         ;                 ; --       ; --           ;
; AB20     ; 225        ; 7        ; GND*                                     ;        ;              ;         ; Column I/O ;                 ; no       ; Off          ;
; AB21     ; 242        ; 7        ; GND*                                     ;        ;              ;         ; Column I/O ;                 ; no       ; Off          ;
; AB22     ;            ; 7        ; VCCIO7                                   ; power  ;              ; 3.3V    ; --         ;                 ; --       ; --           ;
; AB23     ; 258        ; 6        ; GND*                                     ;        ;              ;         ; Row I/O    ;                 ; no       ; Off          ;
; AB24     ; 257        ; 6        ; GND*                                     ;        ;              ;         ; Row I/O    ;                 ; no       ; Off          ;
; AB25     ; 263        ; 6        ; GND*                                     ;        ;              ;         ; Row I/O    ;                 ; no       ; Off          ;
; AB26     ; 262        ; 6        ; GND*                                     ;        ;              ;         ; Row I/O    ;                 ; no       ; Off          ;
; AC1      ; 119        ; 1        ; GND*                                     ;        ;              ;         ; Row I/O    ;                 ; no       ; Off          ;
; AC2      ; 118        ; 1        ; GND*                                     ;        ;              ;         ; Row I/O    ;                 ; no       ; Off          ;
; AC3      ; 128        ; 1        ; GND*                                     ;        ;              ;         ; Row I/O    ;                 ; no       ; Off          ;
; AC4      ;            ;          ; GND                                      ; gnd    ;              ;         ; --         ;                 ; --       ; --           ;
; AC5      ; 133        ; 8        ; GND*                                     ;        ;              ;         ; Column I/O ;                 ; no       ; Off          ;
; AC6      ; 134        ; 8        ; GND*                                     ;        ;              ;         ; Column I/O ;                 ; no       ; Off          ;
; AC7      ; 143        ; 8        ; GND*                                     ;        ;              ;         ; Column I/O ;                 ; --       ; --           ;
; AC8      ; 148        ; 8        ; GND*                                     ;        ;              ;         ; Column I/O ;                 ; no       ; Off          ;
; AC9      ; 163        ; 8        ; GND*                                     ;        ;              ;         ; Column I/O ;                 ; no       ; Off          ;
; AC10     ; 164        ; 8        ; GND*                                     ;        ;              ;         ; Column I/O ;                 ; no       ; Off          ;
; AC11     ; 168        ; 8        ; GND*                                     ;        ;              ;         ; Column I/O ;                 ; no       ; Off          ;
; AC12     ; 172        ; 8        ; GND*                                     ;        ;              ;         ; Column I/O ;                 ; --       ; --           ;
; AC13     ; 185        ; 8        ; GND+                                     ;        ;              ;         ; Column I/O ;                 ; --       ; --           ;
; AC14     ; 191        ; 7        ; GND*                                     ;        ;              ;         ; Column I/O ;                 ; no       ; Off          ;
; AC15     ; 199        ; 7        ; GND*                                     ;        ;              ;         ; Column I/O ;                 ; no       ; Off          ;
; AC16     ; 202        ; 7        ; GND*                                     ;        ;              ;         ; Column I/O ;                 ; --       ; --           ;
; AC17     ; 207        ; 7        ; GND*                                     ;        ;              ;         ; Column I/O ;                 ; no       ; Off          ;
; AC18     ; 216        ; 7        ; GND*                                     ;        ;              ;         ; Column I/O ;                 ; no       ; Off          ;
; AC19     ; 222        ; 7        ; GND*                                     ;        ;              ;         ; Column I/O ;                 ; no       ; Off          ;
; AC20     ; 226        ; 7        ; GND*                                     ;        ;              ;         ; Column I/O ;                 ; no       ; Off          ;
; AC21     ; 237        ; 7        ; GND*                                     ;        ;              ;         ; Column I/O ;                 ; no       ; Off          ;
; AC22     ; 241        ; 7        ; GND*                                     ;        ;              ;         ; Column I/O ;                 ; no       ; Off          ;
; AC23     ; 245        ; 6        ; GND*                                     ;        ;              ;         ; Row I/O    ;                 ; no       ; Off          ;
; AC24     ;            ;          ; NC                                       ;        ;              ;         ; --         ;                 ; --       ; --           ;
; AC25     ; 260        ; 6        ; GND*                                     ;        ;              ;         ; Row I/O    ;                 ; no       ; Off          ;
; AC26     ; 261        ; 6        ; GND*                                     ;        ;              ;         ; Row I/O    ;                 ; no       ; Off          ;
; AD1      ;            ; 1        ; VCCIO1                                   ; power  ;              ; 3.3V    ; --         ;                 ; --       ; --           ;
; AD2      ; 122        ; 1        ; GND*                                     ;        ;              ;         ; Row I/O    ;                 ; no       ; Off          ;
; AD3      ; 123        ; 1        ; GND*                                     ;        ;              ;         ; Row I/O    ;                 ; no       ; Off          ;
; AD4      ; 135        ; 8        ; GND*                                     ;        ;              ;         ; Column I/O ;                 ; no       ; Off          ;
; AD5      ; 136        ; 8        ; GND*                                     ;        ;              ;         ; Column I/O ;                 ; no       ; Off          ;
; AD6      ; 139        ; 8        ; GND*                                     ;        ;              ;         ; Column I/O ;                 ; no       ; Off          ;
; AD7      ; 140        ; 8        ; GND*                                     ;        ;              ;         ; Column I/O ;                 ; no       ; Off          ;
; AD8      ; 149        ; 8        ; GND*                                     ;        ;              ;         ; Column I/O ;                 ; no       ; Off          ;
; AD9      ;            ;          ; GND                                      ; gnd    ;              ;         ; --         ;                 ; --       ; --           ;
; AD10     ; 167        ; 8        ; GND*                                     ;        ;              ;         ; Column I/O ;                 ; no       ; Off          ;
; AD11     ; 173        ; 8        ; GND*                                     ;        ;              ;         ; Column I/O ;                 ; no       ; Off          ;
; AD12     ; 181        ; 8        ; GND*                                     ;        ;              ;         ; Column I/O ;                 ; no       ; Off          ;
; AD13     ; 186        ; 8        ; GND+                                     ;        ;              ;         ; Column I/O ;                 ; --       ; --           ;
; AD14     ;            ;          ; GND                                      ; gnd    ;              ;         ; --         ;                 ; --       ; --           ;
; AD15     ; 190        ; 7        ; GND*                                     ;        ;              ;         ; Column I/O ;                 ; no       ; Off          ;
; AD16     ; 201        ; 7        ; GND*                                     ;        ;              ;         ; Column I/O ;                 ; no       ; Off          ;
; AD17     ; 208        ; 7        ; GND*                                     ;        ;              ;         ; Column I/O ;                 ; no       ; Off          ;
; AD18     ;            ;          ; GND                                      ; gnd    ;              ;         ; --         ;                 ; --       ; --           ;
; AD19     ; 221        ; 7        ; GND*                                     ;        ;              ;         ; Column I/O ;                 ; no       ; Off          ;
; AD20     ;            ; 7        ; VCCIO7                                   ; power  ;              ; 3.3V    ; --         ;                 ; --       ; --           ;
; AD21     ; 238        ; 7        ; GND*                                     ;        ;              ;         ; Column I/O ;                 ; no       ; Off          ;
; AD22     ; 240        ; 7        ; GND*                                     ;        ;              ;         ; Column I/O ;                 ; no       ; Off          ;
; AD23     ; 239        ; 7        ; GND*                                     ;        ;              ;         ; Column I/O ;                 ; no       ; Off          ;
; AD24     ; 249        ; 6        ; GND*                                     ;        ;              ;         ; Row I/O    ;                 ; no       ; Off          ;
; AD25     ; 248        ; 6        ; GND*                                     ;        ;              ;         ; Row I/O    ;                 ; no       ; Off          ;
; AD26     ;            ; 6        ; VCCIO6                                   ; power  ;              ; 3.3V    ; --         ;                 ; --       ; --           ;
; AE1      ;            ;          ; GND                                      ; gnd    ;              ;         ; --         ;                 ; --       ; --           ;
; AE2      ; 124        ; 1        ; GND*                                     ;        ;              ;         ; Row I/O    ;                 ; no       ; Off          ;
; AE3      ; 125        ; 1        ; GND*                                     ;        ;              ;         ; Row I/O    ;                 ; no       ; Off          ;
; AE4      ; 131        ; 8        ; GND*                                     ;        ;              ;         ; Column I/O ;                 ; no       ; Off          ;
; AE5      ; 137        ; 8        ; GND*                                     ;        ;              ;         ; Column I/O ;                 ; no       ; Off          ;
; AE6      ; 150        ; 8        ; GND*                                     ;        ;              ;         ; Column I/O ;                 ; no       ; Off          ;
; AE7      ; 157        ; 8        ; GND*                                     ;        ;              ;         ; Column I/O ;                 ; no       ; Off          ;
; AE8      ; 159        ; 8        ; GND*                                     ;        ;              ;         ; Column I/O ;                 ; no       ; Off          ;
; AE9      ; 165        ; 8        ; GND*                                     ;        ;              ;         ; Column I/O ;                 ; no       ; Off          ;
; AE10     ; 169        ; 8        ; GND*                                     ;        ;              ;         ; Column I/O ;                 ; no       ; Off          ;
; AE11     ; 174        ; 8        ; GND*                                     ;        ;              ;         ; Column I/O ;                 ; no       ; Off          ;
; AE12     ; 182        ; 8        ; GND*                                     ;        ;              ;         ; Column I/O ;                 ; no       ; Off          ;
; AE13     ; 183        ; 8        ; GND*                                     ;        ;              ;         ; Column I/O ;                 ; no       ; Off          ;
; AE14     ; 188        ; 7        ; GND+                                     ;        ;              ;         ; Column I/O ;                 ; --       ; --           ;
; AE15     ; 189        ; 7        ; GND*                                     ;        ;              ;         ; Column I/O ;                 ; no       ; Off          ;
; AE16     ; 200        ; 7        ; GND*                                     ;        ;              ;         ; Column I/O ;                 ; no       ; Off          ;
; AE17     ; 206        ; 7        ; GND*                                     ;        ;              ;         ; Column I/O ;                 ; no       ; Off          ;
; AE18     ; 212        ; 7        ; GND*                                     ;        ;              ;         ; Column I/O ;                 ; no       ; Off          ;
; AE19     ; 214        ; 7        ; GND*                                     ;        ;              ;         ; Column I/O ;                 ; no       ; Off          ;
; AE20     ; 224        ; 7        ; GND*                                     ;        ;              ;         ; Column I/O ;                 ; no       ; Off          ;
; AE21     ; 228        ; 7        ; GND*                                     ;        ;              ;         ; Column I/O ;                 ; no       ; Off          ;
; AE22     ; 236        ; 7        ; GND*                                     ;        ;              ;         ; Column I/O ;                 ; no       ; Off          ;
; AE23     ; 244        ; 7        ; GND*                                     ;        ;              ;         ; Column I/O ;                 ; no       ; Off          ;
; AE24     ; 247        ; 6        ; ~LVDS150p/nCEO~                          ; output ; 3.3-V LVTTL  ;         ; Row I/O    ; N               ; no       ; Off          ;
; AE25     ; 246        ; 6        ; GND*                                     ;        ;              ;         ; Row I/O    ;                 ; no       ; Off          ;
; AE26     ;            ;          ; GND                                      ; gnd    ;              ;         ; --         ;                 ; --       ; --           ;
; AF2      ;            ;          ; GND                                      ; gnd    ;              ;         ; --         ;                 ; --       ; --           ;
; AF3      ;            ; 8        ; VCCIO8                                   ; power  ;              ; 3.3V    ; --         ;                 ; --       ; --           ;
; AF4      ; 132        ; 8        ; GND*                                     ;        ;              ;         ; Column I/O ;                 ; no       ; Off          ;
; AF5      ; 138        ; 8        ; GND*                                     ;        ;              ;         ; Column I/O ;                 ; no       ; Off          ;
; AF6      ; 151        ; 8        ; GND*                                     ;        ;              ;         ; Column I/O ;                 ; no       ; Off          ;
; AF7      ; 158        ; 8        ; GND*                                     ;        ;              ;         ; Column I/O ;                 ; no       ; Off          ;
; AF8      ; 160        ; 8        ; GND*                                     ;        ;              ;         ; Column I/O ;                 ; no       ; Off          ;
; AF9      ; 166        ; 8        ; GND*                                     ;        ;              ;         ; Column I/O ;                 ; no       ; Off          ;
; AF10     ; 170        ; 8        ; GND*                                     ;        ;              ;         ; Column I/O ;                 ; no       ; Off          ;
; AF11     ;            ; 8        ; VCCIO8                                   ; power  ;              ; 3.3V    ; --         ;                 ; --       ; --           ;
; AF12     ;            ;          ; GND                                      ; gnd    ;              ;         ; --         ;                 ; --       ; --           ;
; AF13     ; 184        ; 8        ; GND*                                     ;        ;              ;         ; Column I/O ;                 ; no       ; Off          ;
; AF14     ; 187        ; 7        ; GND+                                     ;        ;              ;         ; Column I/O ;                 ; --       ; --           ;
; AF15     ;            ;          ; GND                                      ; gnd    ;              ;         ; --         ;                 ; --       ; --           ;
; AF16     ;            ; 7        ; VCCIO7                                   ; power  ;              ; 3.3V    ; --         ;                 ; --       ; --           ;
; AF17     ; 205        ; 7        ; GND*                                     ;        ;              ;         ; Column I/O ;                 ; no       ; Off          ;
; AF18     ; 211        ; 7        ; GND*                                     ;        ;              ;         ; Column I/O ;                 ; no       ; Off          ;
; AF19     ; 213        ; 7        ; GND*                                     ;        ;              ;         ; Column I/O ;                 ; no       ; Off          ;
; AF20     ; 223        ; 7        ; GND*                                     ;        ;              ;         ; Column I/O ;                 ; no       ; Off          ;
; AF21     ; 227        ; 7        ; GND*                                     ;        ;              ;         ; Column I/O ;                 ; no       ; Off          ;
; AF22     ; 235        ; 7        ; GND*                                     ;        ;              ;         ; Column I/O ;                 ; no       ; Off          ;
; AF23     ; 243        ; 7        ; GND*                                     ;        ;              ;         ; Column I/O ;                 ; no       ; Off          ;
; AF24     ;            ; 7        ; VCCIO7                                   ; power  ;              ; 3.3V    ; --         ;                 ; --       ; --           ;
; AF25     ;            ;          ; GND                                      ; gnd    ;              ;         ; --         ;                 ; --       ; --           ;
; B1       ;            ;          ; GND                                      ; gnd    ;              ;         ; --         ;                 ; --       ; --           ;
; B2       ; 2          ; 2        ; GND*                                     ;        ;              ;         ; Row I/O    ;                 ; no       ; Off          ;
; B3       ; 3          ; 2        ; GND*                                     ;        ;              ;         ; Row I/O    ;                 ; no       ; Off          ;
; B4       ; 483        ; 3        ; GND*                                     ;        ;              ;         ; Column I/O ;                 ; no       ; Off          ;
; B5       ; 481        ; 3        ; GND*                                     ;        ;              ;         ; Column I/O ;                 ; no       ; Off          ;
; B6       ; 480        ; 3        ; GND*                                     ;        ;              ;         ; Column I/O ;                 ; no       ; Off          ;
; B7       ; 466        ; 3        ; GND*                                     ;        ;              ;         ; Column I/O ;                 ; no       ; Off          ;
; B8       ; 458        ; 3        ; GND*                                     ;        ;              ;         ; Column I/O ;                 ; no       ; Off          ;
; B9       ; 452        ; 3        ; GND*                                     ;        ;              ;         ; Column I/O ;                 ; no       ; Off          ;
; B10      ; 448        ; 3        ; GND*                                     ;        ;              ;         ; Column I/O ;                 ; no       ; Off          ;
; B11      ; 435        ; 3        ; GND*                                     ;        ;              ;         ; Column I/O ;                 ; no       ; Off          ;
; B12      ; 433        ; 3        ; GND*                                     ;        ;              ;         ; Column I/O ;                 ; no       ; Off          ;
; B13      ; 429        ; 4        ; GND+                                     ;        ;              ;         ; Column I/O ;                 ; --       ; --           ;
; B14      ; 428        ; 4        ; GND*                                     ;        ;              ;         ; Column I/O ;                 ; no       ; Off          ;
; B15      ; 420        ; 4        ; GND*                                     ;        ;              ;         ; Column I/O ;                 ; no       ; Off          ;
; B16      ; 419        ; 4        ; GND*                                     ;        ;              ;         ; Column I/O ;                 ; no       ; Off          ;
; B17      ; 411        ; 4        ; GND*                                     ;        ;              ;         ; Column I/O ;                 ; no       ; Off          ;
; B18      ; 405        ; 4        ; GND*                                     ;        ;              ;         ; Column I/O ;                 ; no       ; Off          ;
; B19      ; 393        ; 4        ; GND*                                     ;        ;              ;         ; Column I/O ;                 ; no       ; Off          ;
; B20      ; 389        ; 4        ; GND*                                     ;        ;              ;         ; Column I/O ;                 ; no       ; Off          ;
; B21      ; 381        ; 4        ; GND*                                     ;        ;              ;         ; Column I/O ;                 ; no       ; Off          ;
; B22      ; 380        ; 4        ; GND*                                     ;        ;              ;         ; Column I/O ;                 ; no       ; Off          ;
; B23      ; 377        ; 4        ; GND*                                     ;        ;              ;         ; Column I/O ;                 ; no       ; Off          ;
; B24      ; 363        ; 5        ; GND*                                     ;        ;              ;         ; Row I/O    ;                 ; no       ; Off          ;
; B25      ; 362        ; 5        ; GND*                                     ;        ;              ;         ; Row I/O    ;                 ; no       ; Off          ;
; B26      ;            ;          ; GND                                      ; gnd    ;              ;         ; --         ;                 ; --       ; --           ;
; C1       ;            ; 2        ; VCCIO2                                   ; power  ;              ; 3.3V    ; --         ;                 ; --       ; --           ;
; C2       ; 6          ; 2        ; GND*                                     ;        ;              ;         ; Row I/O    ;                 ; no       ; Off          ;
; C3       ; 7          ; 2        ; GND*                                     ;        ;              ;         ; Row I/O    ;                 ; no       ; Off          ;
; C4       ; 478        ; 3        ; GND*                                     ;        ;              ;         ; Column I/O ;                 ; no       ; Off          ;
; C5       ; 486        ; 3        ; GND*                                     ;        ;              ;         ; Column I/O ;                 ; no       ; Off          ;
; C6       ; 485        ; 3        ; GND*                                     ;        ;              ;         ; Column I/O ;                 ; no       ; Off          ;
; C7       ; 468        ; 3        ; GND*                                     ;        ;              ;         ; Column I/O ;                 ; no       ; Off          ;
; C8       ; 463        ; 3        ; GND*                                     ;        ;              ;         ; Column I/O ;                 ; no       ; Off          ;
; C9       ; 459        ; 3        ; GND*                                     ;        ;              ;         ; Column I/O ;                 ; no       ; Off          ;
; C10      ; 450        ; 3        ; GND*                                     ;        ;              ;         ; Column I/O ;                 ; no       ; Off          ;
; C11      ; 436        ; 3        ; GND*                                     ;        ;              ;         ; Column I/O ;                 ; no       ; Off          ;
; C12      ; 434        ; 3        ; GND*                                     ;        ;              ;         ; Column I/O ;                 ; no       ; Off          ;
; C13      ; 431        ; 3        ; GND+                                     ;        ;              ;         ; Column I/O ;                 ; --       ; --           ;
; C14      ;            ;          ; GND                                      ; gnd    ;              ;         ; --         ;                 ; --       ; --           ;
; C15      ; 421        ; 4        ; GND*                                     ;        ;              ;         ; Column I/O ;                 ; no       ; Off          ;
; C16      ; 418        ; 4        ; GND*                                     ;        ;              ;         ; Column I/O ;                 ; no       ; Off          ;
; C17      ; 404        ; 4        ; GND*                                     ;        ;              ;         ; Column I/O ;                 ; no       ; Off          ;
; C18      ;            ;          ; GND                                      ; gnd    ;              ;         ; --         ;                 ; --       ; --           ;
; C19      ; 391        ; 4        ; GND*                                     ;        ;              ;         ; Column I/O ;                 ; no       ; Off          ;
; C20      ;            ; 4        ; VCCIO4                                   ; power  ;              ; 3.3V    ; --         ;                 ; --       ; --           ;
; C21      ; 375        ; 4        ; GND*                                     ;        ;              ;         ; Column I/O ;                 ; no       ; Off          ;
; C22      ; 374        ; 4        ; GND*                                     ;        ;              ;         ; Column I/O ;                 ; no       ; Off          ;
; C23      ; 373        ; 4        ; GND*                                     ;        ;              ;         ; Column I/O ;                 ; no       ; Off          ;
; C24      ; 360        ; 5        ; GND*                                     ;        ;              ;         ; Row I/O    ;                 ; no       ; Off          ;
; C25      ; 361        ; 5        ; GND*                                     ;        ;              ;         ; Row I/O    ;                 ; no       ; Off          ;
; C26      ;            ; 5        ; VCCIO5                                   ; power  ;              ; 3.3V    ; --         ;                 ; --       ; --           ;
; D1       ; 13         ; 2        ; GND*                                     ;        ;              ;         ; Row I/O    ;                 ; no       ; Off          ;
; D2       ; 12         ; 2        ; GND*                                     ;        ;              ;         ; Row I/O    ;                 ; no       ; Off          ;
; D3       ; 1          ; 2        ; ~nCSO~ / RESERVED_INPUT_WITH_WEAK_PULLUP ; input  ; 3.3-V LVTTL  ;         ; Row I/O    ; N               ; no       ; On           ;
; D4       ;            ;          ; GND                                      ; gnd    ;              ;         ; --         ;                 ; --       ; --           ;
; D5       ; 477        ; 3        ; GND*                                     ;        ;              ;         ; Column I/O ;                 ; no       ; Off          ;
; D6       ; 467        ; 3        ; GND*                                     ;        ;              ;         ; Column I/O ;                 ; no       ; Off          ;
; D7       ; 469        ; 3        ; GND*                                     ;        ;              ;         ; Column I/O ;                 ; no       ; Off          ;
; D8       ; 464        ; 3        ; GND*                                     ;        ;              ;         ; Column I/O ;                 ; no       ; Off          ;
; D9       ; 460        ; 3        ; GND*                                     ;        ;              ;         ; Column I/O ;                 ; no       ; Off          ;
; D10      ; 449        ; 3        ; GND*                                     ;        ;              ;         ; Column I/O ;                 ; no       ; Off          ;
; D11      ; 445        ; 3        ; GND*                                     ;        ;              ;         ; Column I/O ;                 ; --       ; --           ;
; D12      ; 443        ; 3        ; GND*                                     ;        ;              ;         ; Column I/O ;                 ; no       ; Off          ;
; D13      ; 432        ; 3        ; GND+                                     ;        ;              ;         ; Column I/O ;                 ; --       ; --           ;
; D14      ; 426        ; 4        ; GND*                                     ;        ;              ;         ; Column I/O ;                 ; no       ; Off          ;
; D15      ; 417        ; 4        ; GND*                                     ;        ;              ;         ; Column I/O ;                 ; no       ; Off          ;
; D16      ; 415        ; 4        ; GND*                                     ;        ;              ;         ; Column I/O ;                 ; --       ; --           ;
; D17      ; 403        ; 4        ; GND*                                     ;        ;              ;         ; Column I/O ;                 ; no       ; Off          ;
; D18      ; 396        ; 4        ; GND*                                     ;        ;              ;         ; Column I/O ;                 ; no       ; Off          ;
; D19      ; 392        ; 4        ; GND*                                     ;        ;              ;         ; Column I/O ;                 ; no       ; Off          ;
; D20      ; 387        ; 4        ; GND*                                     ;        ;              ;         ; Column I/O ;                 ; no       ; Off          ;
; D21      ; 376        ; 4        ; GND*                                     ;        ;              ;         ; Column I/O ;                 ; no       ; Off          ;
; D22      ;            ; 4        ; VCCIO4                                   ; power  ;              ; 3.3V    ; --         ;                 ; --       ; --           ;
; D23      ; 369        ; 5        ; GND*                                     ;        ;              ;         ; Row I/O    ;                 ; no       ; Off          ;
; D24      ;            ;          ; GND                                      ; gnd    ;              ;         ; --         ;                 ; --       ; --           ;
; D25      ; 358        ; 5        ; GND*                                     ;        ;              ;         ; Row I/O    ;                 ; no       ; Off          ;
; D26      ; 359        ; 5        ; GND*                                     ;        ;              ;         ; Row I/O    ;                 ; no       ; Off          ;
; E1       ; 20         ; 2        ; GND*                                     ;        ;              ;         ; Row I/O    ;                 ; no       ; Off          ;
; E2       ; 19         ; 2        ; GND*                                     ;        ;              ;         ; Row I/O    ;                 ; no       ; Off          ;
; E3       ; 0          ; 2        ; ~ASDO~ / RESERVED_INPUT_WITH_WEAK_PULLUP ; input  ; 3.3-V LVTTL  ;         ; Row I/O    ; N               ; no       ; On           ;
; E4       ;            ;          ; GND_PLL3                                 ; gnd    ;              ;         ; --         ;                 ; --       ; --           ;
; E5       ; 4          ; 2        ; GND*                                     ;        ;              ;         ; Row I/O    ;                 ; no       ; Off          ;
; E6       ;            ; 3        ; VCCIO3                                   ; power  ;              ; 3.3V    ; --         ;                 ; --       ; --           ;
; E7       ;            ;          ; GND                                      ; gnd    ;              ;         ; --         ;                 ; --       ; --           ;
; E8       ; 474        ; 3        ; GND*                                     ;        ;              ;         ; Column I/O ;                 ; --       ; --           ;
; E9       ;            ; 3        ; VCCIO3                                   ; power  ;              ; 3.3V    ; --         ;                 ; --       ; --           ;
; E10      ; 453        ; 3        ; GND*                                     ;        ;              ;         ; Column I/O ;                 ; no       ; Off          ;
; E11      ;            ;          ; GND                                      ; gnd    ;              ;         ; --         ;                 ; --       ; --           ;
; E12      ; 444        ; 3        ; GND*                                     ;        ;              ;         ; Column I/O ;                 ; no       ; Off          ;
; E13      ;            ; 3        ; VCCIO3                                   ; power  ;              ; 3.3V    ; --         ;                 ; --       ; --           ;
; E14      ;            ; 4        ; VCCIO4                                   ; power  ;              ; 3.3V    ; --         ;                 ; --       ; --           ;
; E15      ; 416        ; 4        ; GND*                                     ;        ;              ;         ; Column I/O ;                 ; no       ; Off          ;
; E16      ;            ;          ; GND                                      ; gnd    ;              ;         ; --         ;                 ; --       ; --           ;
; E17      ;            ; 4        ; VCCIO4                                   ; power  ;              ; 3.3V    ; --         ;                 ; --       ; --           ;
; E18      ; 395        ; 4        ; GND*                                     ;        ;              ;         ; Column I/O ;                 ; no       ; Off          ;
; E19      ;            ;          ; GND                                      ; gnd    ;              ;         ; --         ;                 ; --       ; --           ;
; E20      ; 388        ; 4        ; GND*                                     ;        ;              ;         ; Column I/O ;                 ; --       ; --           ;
; E21      ;            ;          ; GND_PLL2                                 ; gnd    ;              ;         ; --         ;                 ; --       ; --           ;
; E22      ; 370        ; 5        ; GND*                                     ;        ;              ;         ; Row I/O    ;                 ; no       ; Off          ;
; E23      ; 365        ; 5        ; GND*                                     ;        ;              ;         ; Row I/O    ;                 ; no       ; Off          ;
; E24      ; 364        ; 5        ; GND*                                     ;        ;              ;         ; Row I/O    ;                 ; no       ; Off          ;
; E25      ; 355        ; 5        ; GND*                                     ;        ;              ;         ; Row I/O    ;                 ; no       ; Off          ;
; E26      ; 356        ; 5        ; GND*                                     ;        ;              ;         ; Row I/O    ;                 ; no       ; Off          ;
; F1       ; 29         ; 2        ; GND*                                     ;        ;              ;         ; Row I/O    ;                 ; no       ; Off          ;
; F2       ; 28         ; 2        ; GND*                                     ;        ;              ;         ; Row I/O    ;                 ; no       ; Off          ;
; F3       ; 10         ; 2        ; GND*                                     ;        ;              ;         ; Row I/O    ;                 ; no       ; Off          ;
; F4       ; 11         ; 2        ; GND*                                     ;        ;              ;         ; Row I/O    ;                 ; no       ; Off          ;
; F5       ;            ; 2        ; VCCIO2                                   ; power  ;              ; 3.3V    ; --         ;                 ; --       ; --           ;
; F6       ; 5          ; 2        ; GND*                                     ;        ;              ;         ; Row I/O    ;                 ; no       ; Off          ;
; F7       ; 14         ; 2        ; GND*                                     ;        ;              ;         ; Row I/O    ;                 ; no       ; Off          ;
; F8       ;            ;          ; GNDA_PLL3                                ; gnd    ;              ;         ; --         ;                 ; --       ; --           ;
; F9       ; 470        ; 3        ; GND*                                     ;        ;              ;         ; Column I/O ;                 ; no       ; Off          ;
; F10      ; 462        ; 3        ; GND*                                     ;        ;              ;         ; Column I/O ;                 ; no       ; Off          ;
; F11      ; 454        ; 3        ; GND*                                     ;        ;              ;         ; Column I/O ;                 ; no       ; Off          ;
; F12      ; 440        ; 3        ; GND*                                     ;        ;              ;         ; Column I/O ;                 ; no       ; Off          ;
; F13      ; 423        ; 4        ; GND*                                     ;        ;              ;         ; Column I/O ;                 ; no       ; Off          ;
; F14      ; 425        ; 4        ; GND*                                     ;        ;              ;         ; Column I/O ;                 ; no       ; Off          ;
; F15      ; 409        ; 4        ; GND*                                     ;        ;              ;         ; Column I/O ;                 ; no       ; Off          ;
; F16      ; 408        ; 4        ; GND*                                     ;        ;              ;         ; Column I/O ;                 ; no       ; Off          ;
; F17      ; 401        ; 4        ; GND*                                     ;        ;              ;         ; Column I/O ;                 ; no       ; Off          ;
; F18      ; 398        ; 4        ; GND*                                     ;        ;              ;         ; Column I/O ;                 ; no       ; Off          ;
; F19      ;            ;          ; GNDA_PLL2                                ; gnd    ;              ;         ; --         ;                 ; --       ; --           ;
; F20      ; 372        ; 5        ; GND*                                     ;        ;              ;         ; Row I/O    ;                 ; no       ; Off          ;
; F21      ; 371        ; 5        ; GND*                                     ;        ;              ;         ; Row I/O    ;                 ; no       ; Off          ;
; F22      ;            ; 5        ; VCCIO5                                   ; power  ;              ; 3.3V    ; --         ;                 ; --       ; --           ;
; F23      ; 353        ; 5        ; GND*                                     ;        ;              ;         ; Row I/O    ;                 ; no       ; Off          ;
; F24      ; 354        ; 5        ; GND*                                     ;        ;              ;         ; Row I/O    ;                 ; no       ; Off          ;
; F25      ; 350        ; 5        ; GND*                                     ;        ;              ;         ; Row I/O    ;                 ; no       ; Off          ;
; F26      ; 349        ; 5        ; GND*                                     ;        ;              ;         ; Row I/O    ;                 ; no       ; Off          ;
; G1       ; 30         ; 2        ; GND*                                     ;        ;              ;         ; Row I/O    ;                 ; no       ; Off          ;
; G2       ; 31         ; 2        ; GND*                                     ;        ;              ;         ; Row I/O    ;                 ; no       ; Off          ;
; G3       ; 24         ; 2        ; GND*                                     ;        ;              ;         ; Row I/O    ;                 ; no       ; Off          ;
; G4       ; 23         ; 2        ; GND*                                     ;        ;              ;         ; Row I/O    ;                 ; no       ; Off          ;
; G5       ; 8          ; 2        ; GND*                                     ;        ;              ;         ; Row I/O    ;                 ; no       ; Off          ;
; G6       ; 9          ; 2        ; GND*                                     ;        ;              ;         ; Row I/O    ;                 ; no       ; Off          ;
; G7       ;            ;          ; GND_PLL3                                 ; gnd    ;              ;         ; --         ;                 ; --       ; --           ;
; G8       ;            ;          ; VCCA_PLL3                                ; power  ;              ; 1.2V    ; --         ;                 ; --       ; --           ;
; G9       ; 471        ; 3        ; GND*                                     ;        ;              ;         ; Column I/O ;                 ; no       ; Off          ;
; G10      ; 461        ; 3        ; GND*                                     ;        ;              ;         ; Column I/O ;                 ; no       ; Off          ;
; G11      ; 446        ; 3        ; GND*                                     ;        ;              ;         ; Column I/O ;                 ; no       ; Off          ;
; G12      ; 439        ; 3        ; GND*                                     ;        ;              ;         ; Column I/O ;                 ; no       ; Off          ;
; G13      ; 422        ; 4        ; GND*                                     ;        ;              ;         ; Column I/O ;                 ; no       ; Off          ;
; G14      ; 424        ; 4        ; GND*                                     ;        ;              ;         ; Column I/O ;                 ; no       ; Off          ;
; G15      ; 410        ; 4        ; GND*                                     ;        ;              ;         ; Column I/O ;                 ; no       ; Off          ;
; G16      ; 407        ; 4        ; GND*                                     ;        ;              ;         ; Column I/O ;                 ; no       ; Off          ;
; G17      ; 402        ; 4        ; GND*                                     ;        ;              ;         ; Column I/O ;                 ; no       ; Off          ;
; G18      ; 397        ; 4        ; GND*                                     ;        ;              ;         ; Column I/O ;                 ; no       ; Off          ;
; G19      ;            ;          ; VCCA_PLL2                                ; power  ;              ; 1.2V    ; --         ;                 ; --       ; --           ;
; G20      ;            ;          ; GND_PLL2                                 ; gnd    ;              ;         ; --         ;                 ; --       ; --           ;
; G21      ; 368        ; 5        ; GND*                                     ;        ;              ;         ; Row I/O    ;                 ; no       ; Off          ;
; G22      ; 367        ; 5        ; GND*                                     ;        ;              ;         ; Row I/O    ;                 ; no       ; Off          ;
; G23      ; 346        ; 5        ; ROW[1]                                   ; output ; 3.3-V LVTTL  ;         ; Row I/O    ; Y               ; no       ; Off          ;
; G24      ; 345        ; 5        ; GND*                                     ;        ;              ;         ; Row I/O    ;                 ; no       ; Off          ;
; G25      ; 343        ; 5        ; GND*                                     ;        ;              ;         ; Row I/O    ;                 ; no       ; Off          ;
; G26      ; 342        ; 5        ; GND*                                     ;        ;              ;         ; Row I/O    ;                 ; no       ; Off          ;
; H1       ; 37         ; 2        ; LCD_DATA[2]                              ; output ; 3.3-V LVTTL  ;         ; Row I/O    ; Y               ; no       ; Off          ;
; H2       ; 36         ; 2        ; LCD_DATA[3]                              ; output ; 3.3-V LVTTL  ;         ; Row I/O    ; Y               ; no       ; Off          ;
; H3       ; 32         ; 2        ; LCD_DATA[7]                              ; output ; 3.3-V LVTTL  ;         ; Row I/O    ; Y               ; no       ; Off          ;
; H4       ; 33         ; 2        ; LCD_DATA[6]                              ; output ; 3.3-V LVTTL  ;         ; Row I/O    ; Y               ; no       ; Off          ;
; H5       ;            ;          ; GND                                      ; gnd    ;              ;         ; --         ;                 ; --       ; --           ;
; H6       ; 18         ; 2        ; GND*                                     ;        ;              ;         ; Row I/O    ;                 ; no       ; Off          ;
; H7       ;            ;          ; VCCD_PLL3                                ; power  ;              ; 1.2V    ; --         ;                 ; --       ; --           ;
; H8       ; 473        ; 3        ; GND*                                     ;        ;              ;         ; Column I/O ;                 ; no       ; Off          ;
; H9       ;            ; 3        ; VCCIO3                                   ; power  ;              ; 3.3V    ; --         ;                 ; --       ; --           ;
; H10      ; 472        ; 3        ; GND*                                     ;        ;              ;         ; Column I/O ;                 ; no       ; Off          ;
; H11      ; 456        ; 3        ; GND*                                     ;        ;              ;         ; Column I/O ;                 ; no       ; Off          ;
; H12      ; 455        ; 3        ; GND*                                     ;        ;              ;         ; Column I/O ;                 ; no       ; Off          ;
; H13      ;            ;          ; GND                                      ; gnd    ;              ;         ; --         ;                 ; --       ; --           ;
; H14      ;            ;          ; GND                                      ; gnd    ;              ;         ; --         ;                 ; --       ; --           ;
; H15      ; 414        ; 4        ; GND*                                     ;        ;              ;         ; Column I/O ;                 ; no       ; Off          ;
; H16      ; 413        ; 4        ; GND*                                     ;        ;              ;         ; Column I/O ;                 ; no       ; Off          ;
; H17      ; 400        ; 4        ; GND*                                     ;        ;              ;         ; Column I/O ;                 ; no       ; Off          ;
; H18      ;            ; 4        ; VCCIO4                                   ; power  ;              ; 3.3V    ; --         ;                 ; --       ; --           ;
; H19      ; 335        ; 5        ; COL[2]                                   ; input  ; 3.3-V LVTTL  ;         ; Row I/O    ; Y               ; no       ; On           ;
; H20      ;            ;          ; VCCD_PLL2                                ; power  ;              ; 1.2V    ; --         ;                 ; --       ; --           ;
; H21      ; 366        ; 5        ; GND*                                     ;        ;              ;         ; Row I/O    ;                 ; no       ; Off          ;
; H22      ;            ;          ; GND                                      ; gnd    ;              ;         ; --         ;                 ; --       ; --           ;
; H23      ; 341        ; 5        ; ROW[3]                                   ; output ; 3.3-V LVTTL  ;         ; Row I/O    ; Y               ; no       ; Off          ;
; H24      ; 340        ; 5        ; GND*                                     ;        ;              ;         ; Row I/O    ;                 ; no       ; Off          ;
; H25      ; 337        ; 5        ; COL[1]                                   ; input  ; 3.3-V LVTTL  ;         ; Row I/O    ; Y               ; no       ; On           ;
; H26      ; 336        ; 5        ; GND*                                     ;        ;              ;         ; Row I/O    ;                 ; no       ; Off          ;
; J1       ; 39         ; 2        ; LCD_DATA[0]                              ; output ; 3.3-V LVTTL  ;         ; Row I/O    ; Y               ; no       ; Off          ;
; J2       ; 38         ; 2        ; LCD_DATA[1]                              ; output ; 3.3-V LVTTL  ;         ; Row I/O    ; Y               ; no       ; Off          ;
; J3       ; 34         ; 2        ; LCD_DATA[5]                              ; output ; 3.3-V LVTTL  ;         ; Row I/O    ; Y               ; no       ; Off          ;
; J4       ; 35         ; 2        ; LCD_DATA[4]                              ; output ; 3.3-V LVTTL  ;         ; Row I/O    ; Y               ; no       ; Off          ;
; J5       ; 15         ; 2        ; GND*                                     ;        ;              ;         ; Row I/O    ;                 ; --       ; --           ;
; J6       ; 25         ; 2        ; GND*                                     ;        ;              ;         ; Row I/O    ;                 ; no       ; Off          ;
; J7       ; 17         ; 2        ; GND*                                     ;        ;              ;         ; Row I/O    ;                 ; no       ; Off          ;
; J8       ; 16         ; 2        ; GND*                                     ;        ;              ;         ; Row I/O    ;                 ; no       ; Off          ;
; J9       ; 475        ; 3        ; GND*                                     ;        ;              ;         ; Column I/O ;                 ; no       ; Off          ;
; J10      ; 438        ; 3        ; GND*                                     ;        ;              ;         ; Column I/O ;                 ; no       ; Off          ;
; J11      ; 437        ; 3        ; GND*                                     ;        ;              ;         ; Column I/O ;                 ; no       ; Off          ;
; J12      ;            ; 3        ; VCCIO3                                   ; power  ;              ; 3.3V    ; --         ;                 ; --       ; --           ;
; J13      ; 442        ; 3        ; GND*                                     ;        ;              ;         ; Column I/O ;                 ; no       ; Off          ;
; J14      ; 441        ; 3        ; GND*                                     ;        ;              ;         ; Column I/O ;                 ; no       ; Off          ;
; J15      ;            ; 4        ; VCCIO4                                   ; power  ;              ; 3.3V    ; --         ;                 ; --       ; --           ;
; J16      ; 385        ; 4        ; GND*                                     ;        ;              ;         ; Column I/O ;                 ; no       ; Off          ;
; J17      ; 399        ; 4        ; GND*                                     ;        ;              ;         ; Column I/O ;                 ; no       ; Off          ;
; J18      ; 383        ; 4        ; GND*                                     ;        ;              ;         ; Column I/O ;                 ; no       ; Off          ;
; J19      ;            ; 5        ; VCCIO5                                   ; power  ;              ; 3.3V    ; --         ;                 ; --       ; --           ;
; J20      ; 351        ; 5        ; GND*                                     ;        ;              ;         ; Row I/O    ;                 ; no       ; Off          ;
; J21      ; 352        ; 5        ; GND*                                     ;        ;              ;         ; Row I/O    ;                 ; no       ; Off          ;
; J22      ; 357        ; 5        ; GND*                                     ;        ;              ;         ; Row I/O    ;                 ; --       ; --           ;
; J23      ; 339        ; 5        ; GND*                                     ;        ;              ;         ; Row I/O    ;                 ; no       ; Off          ;
; J24      ; 338        ; 5        ; GND*                                     ;        ;              ;         ; Row I/O    ;                 ; no       ; Off          ;
; J25      ; 327        ; 5        ; COL[0]                                   ; input  ; 3.3-V LVTTL  ;         ; Row I/O    ; Y               ; no       ; On           ;
; J26      ; 326        ; 5        ; GND*                                     ;        ;              ;         ; Row I/O    ;                 ; no       ; Off          ;
; K1       ; 42         ; 2        ; LCD_RS                                   ; output ; 3.3-V LVTTL  ;         ; Row I/O    ; Y               ; no       ; Off          ;
; K2       ; 43         ; 2        ; GND*                                     ;        ;              ;         ; Row I/O    ;                 ; no       ; Off          ;
; K3       ; 41         ; 2        ; LCD_EN                                   ; output ; 3.3-V LVTTL  ;         ; Row I/O    ; Y               ; no       ; Off          ;
; K4       ; 40         ; 2        ; LCD_RW                                   ; output ; 3.3-V LVTTL  ;         ; Row I/O    ; Y               ; no       ; Off          ;
; K5       ; 22         ; 2        ; GND*                                     ;        ;              ;         ; Row I/O    ;                 ; no       ; Off          ;
; K6       ; 21         ; 2        ; GND*                                     ;        ;              ;         ; Row I/O    ;                 ; no       ; Off          ;
; K7       ; 27         ; 2        ; GND*                                     ;        ;              ;         ; Row I/O    ;                 ; no       ; Off          ;
; K8       ; 26         ; 2        ; GND*                                     ;        ;              ;         ; Row I/O    ;                 ; no       ; Off          ;
; K9       ; 476        ; 3        ; GND*                                     ;        ;              ;         ; Column I/O ;                 ; no       ; Off          ;
; K10      ;            ;          ; VCCINT                                   ; power  ;              ; 1.2V    ; --         ;                 ; --       ; --           ;
; K11      ;            ;          ; VCCINT                                   ; power  ;              ; 1.2V    ; --         ;                 ; --       ; --           ;
; K12      ;            ;          ; VCCINT                                   ; power  ;              ; 1.2V    ; --         ;                 ; --       ; --           ;
; K13      ;            ;          ; VCCINT                                   ; power  ;              ; 1.2V    ; --         ;                 ; --       ; --           ;
; K14      ;            ;          ; VCCINT                                   ; power  ;              ; 1.2V    ; --         ;                 ; --       ; --           ;
; K15      ;            ;          ; VCCINT                                   ; power  ;              ; 1.2V    ; --         ;                 ; --       ; --           ;
; K16      ; 386        ; 4        ; GND*                                     ;        ;              ;         ; Column I/O ;                 ; no       ; Off          ;
; K17      ; 384        ; 4        ; GND*                                     ;        ;              ;         ; Column I/O ;                 ; no       ; Off          ;
; K18      ; 334        ; 5        ; GND*                                     ;        ;              ;         ; Row I/O    ;                 ; no       ; Off          ;
; K19      ; 333        ; 5        ; COL[3]                                   ; input  ; 3.3-V LVTTL  ;         ; Row I/O    ; Y               ; no       ; On           ;
; K20      ;            ;          ; GND                                      ; gnd    ;              ;         ; --         ;                 ; --       ; --           ;
; K21      ; 332        ; 5        ; GND*                                     ;        ;              ;         ; Row I/O    ;                 ; no       ; Off          ;
; K22      ; 344        ; 5        ; ROW[2]                                   ; output ; 3.3-V LVTTL  ;         ; Row I/O    ; Y               ; no       ; Off          ;
; K23      ; 331        ; 5        ; GND*                                     ;        ;              ;         ; Row I/O    ;                 ; no       ; Off          ;
; K24      ; 330        ; 5        ; GND*                                     ;        ;              ;         ; Row I/O    ;                 ; no       ; Off          ;
; K25      ; 321        ; 5        ; GND*                                     ;        ;              ;         ; Row I/O    ;                 ; no       ; Off          ;
; K26      ; 320        ; 5        ; GND*                                     ;        ;              ;         ; Row I/O    ;                 ; no       ; Off          ;
; L1       ;            ; 2        ; VCCIO2                                   ; power  ;              ; 3.3V    ; --         ;                 ; --       ; --           ;
; L2       ; 50         ; 2        ; GND*                                     ;        ;              ;         ; Row I/O    ;                 ; no       ; Off          ;
; L3       ; 51         ; 2        ; GND*                                     ;        ;              ;         ; Row I/O    ;                 ; no       ; Off          ;
; L4       ; 44         ; 2        ; LCD_ON                                   ; output ; 3.3-V LVTTL  ;         ; Row I/O    ; Y               ; no       ; Off          ;
; L5       ;            ;          ; GND                                      ; gnd    ;              ;         ; --         ;                 ; --       ; --           ;
; L6       ; 48         ; 2        ; GND*                                     ;        ;              ;         ; Row I/O    ;                 ; no       ; Off          ;
; L7       ; 47         ; 2        ; GND*                                     ;        ;              ;         ; Row I/O    ;                 ; no       ; Off          ;
; L8       ; 59         ; 2        ; #TMS                                     ; input  ;              ;         ; --         ;                 ; --       ; --           ;
; L9       ; 49         ; 2        ; GND*                                     ;        ;              ;         ; Row I/O    ;                 ; no       ; Off          ;
; L10      ; 52         ; 2        ; GND*                                     ;        ;              ;         ; Row I/O    ;                 ; no       ; Off          ;
; L11      ;            ;          ; VCCINT                                   ; power  ;              ; 1.2V    ; --         ;                 ; --       ; --           ;
; L12      ;            ;          ; GND                                      ; gnd    ;              ;         ; --         ;                 ; --       ; --           ;
; L13      ;            ;          ; GND                                      ; gnd    ;              ;         ; --         ;                 ; --       ; --           ;
; L14      ;            ;          ; GND                                      ; gnd    ;              ;         ; --         ;                 ; --       ; --           ;
; L15      ;            ;          ; GND                                      ; gnd    ;              ;         ; --         ;                 ; --       ; --           ;
; L16      ;            ;          ; VCCINT                                   ; power  ;              ; 1.2V    ; --         ;                 ; --       ; --           ;
; L17      ;            ;          ; VCCINT                                   ; power  ;              ; 1.2V    ; --         ;                 ; --       ; --           ;
; L18      ;            ;          ; VCCINT                                   ; power  ;              ; 1.2V    ; --         ;                 ; --       ; --           ;
; L19      ; 322        ; 5        ; GND*                                     ;        ;              ;         ; Row I/O    ;                 ; no       ; Off          ;
; L20      ; 328        ; 5        ; GND*                                     ;        ;              ;         ; Row I/O    ;                 ; no       ; Off          ;
; L21      ; 329        ; 5        ; GND*                                     ;        ;              ;         ; Row I/O    ;                 ; no       ; Off          ;
; L22      ;            ;          ; GND                                      ; gnd    ;              ;         ; --         ;                 ; --       ; --           ;
; L23      ; 325        ; 5        ; GND*                                     ;        ;              ;         ; Row I/O    ;                 ; --       ; --           ;
; L24      ; 324        ; 5        ; GND*                                     ;        ;              ;         ; Row I/O    ;                 ; no       ; Off          ;
; L25      ; 323        ; 5        ; GND*                                     ;        ;              ;         ; Row I/O    ;                 ; no       ; Off          ;
; L26      ;            ; 5        ; VCCIO5                                   ; power  ;              ; 3.3V    ; --         ;                 ; --       ; --           ;
; M1       ;            ;          ; GND                                      ; gnd    ;              ;         ; --         ;                 ; --       ; --           ;
; M2       ; 56         ; 2        ; GND*                                     ;        ;              ;         ; Row I/O    ;                 ; no       ; Off          ;
; M3       ; 55         ; 2        ; GND*                                     ;        ;              ;         ; Row I/O    ;                 ; no       ; Off          ;
; M4       ; 53         ; 2        ; GND*                                     ;        ;              ;         ; Row I/O    ;                 ; no       ; Off          ;
; M5       ; 54         ; 2        ; GND*                                     ;        ;              ;         ; Row I/O    ;                 ; no       ; Off          ;
; M6       ; 58         ; 2        ; #TCK                                     ; input  ;              ;         ; --         ;                 ; --       ; --           ;
; M7       ; 60         ; 2        ; #TDO                                     ; output ;              ;         ; --         ;                 ; --       ; --           ;
; M8       ; 57         ; 2        ; #TDI                                     ; input  ;              ;         ; --         ;                 ; --       ; --           ;
; M9       ;            ; 2        ; VCCIO2                                   ; power  ;              ; 3.3V    ; --         ;                 ; --       ; --           ;
; M10      ;            ;          ; VCCINT                                   ; power  ;              ; 1.2V    ; --         ;                 ; --       ; --           ;
; M11      ;            ;          ; VCCINT                                   ; power  ;              ; 1.2V    ; --         ;                 ; --       ; --           ;
; M12      ;            ;          ; GND                                      ; gnd    ;              ;         ; --         ;                 ; --       ; --           ;
; M13      ;            ;          ; GND                                      ; gnd    ;              ;         ; --         ;                 ; --       ; --           ;
; M14      ;            ;          ; GND                                      ; gnd    ;              ;         ; --         ;                 ; --       ; --           ;
; M15      ;            ;          ; GND                                      ; gnd    ;              ;         ; --         ;                 ; --       ; --           ;
; M16      ;            ;          ; VCCINT                                   ; power  ;              ; 1.2V    ; --         ;                 ; --       ; --           ;
; M17      ;            ;          ; VCCINT                                   ; power  ;              ; 1.2V    ; --         ;                 ; --       ; --           ;
; M18      ;            ; 5        ; VCCIO5                                   ; power  ;              ; 3.3V    ; --         ;                 ; --       ; --           ;
; M19      ; 317        ; 5        ; GND*                                     ;        ;              ;         ; Row I/O    ;                 ; no       ; Off          ;
; M20      ; 316        ; 5        ; GND*                                     ;        ;              ;         ; Row I/O    ;                 ; no       ; Off          ;
; M21      ; 314        ; 5        ; GND*                                     ;        ;              ;         ; Row I/O    ;                 ; no       ; Off          ;
; M22      ; 319        ; 5        ; GND*                                     ;        ;              ;         ; Row I/O    ;                 ; no       ; Off          ;
; M23      ; 318        ; 5        ; GND*                                     ;        ;              ;         ; Row I/O    ;                 ; no       ; Off          ;
; M24      ; 313        ; 5        ; GND*                                     ;        ;              ;         ; Row I/O    ;                 ; no       ; Off          ;
; M25      ; 312        ; 5        ; GND*                                     ;        ;              ;         ; Row I/O    ;                 ; no       ; Off          ;
; M26      ;            ;          ; GND                                      ; gnd    ;              ;         ; --         ;                 ; --       ; --           ;
; N1       ; 65         ; 2        ; GND+                                     ;        ;              ;         ; Row I/O    ;                 ; --       ; --           ;
; N2       ; 64         ; 2        ; CLOCK_50                                 ; input  ; 3.3-V LVTTL  ;         ; Row I/O    ; Y               ; no       ; Off          ;
; N3       ; 62         ; 2        ; ^DATA0                                   ; input  ;              ;         ; --         ;                 ; --       ; --           ;
; N4       ; 63         ; 2        ; ^nCE                                     ;        ;              ;         ; --         ;                 ; --       ; --           ;
; N5       ;            ; 2        ; VCCIO2                                   ; power  ;              ; 3.3V    ; --         ;                 ; --       ; --           ;
; N6       ; 61         ; 2        ; ^DCLK                                    ;        ;              ;         ; --         ;                 ; --       ; --           ;
; N7       ; 66         ; 2        ; ^nCONFIG                                 ;        ;              ;         ; --         ;                 ; --       ; --           ;
; N8       ;            ;          ; GND                                      ; gnd    ;              ;         ; --         ;                 ; --       ; --           ;
; N9       ; 45         ; 2        ; GND*                                     ;        ;              ;         ; Row I/O    ;                 ; no       ; Off          ;
; N10      ;            ;          ; VCCINT                                   ; power  ;              ; 1.2V    ; --         ;                 ; --       ; --           ;
; N11      ;            ;          ; GND                                      ; gnd    ;              ;         ; --         ;                 ; --       ; --           ;
; N12      ;            ;          ; GND                                      ; gnd    ;              ;         ; --         ;                 ; --       ; --           ;
; N13      ;            ;          ; GND                                      ; gnd    ;              ;         ; --         ;                 ; --       ; --           ;
; N14      ;            ;          ; GND                                      ; gnd    ;              ;         ; --         ;                 ; --       ; --           ;
; N15      ;            ;          ; GND                                      ; gnd    ;              ;         ; --         ;                 ; --       ; --           ;
; N16      ;            ;          ; GND                                      ; gnd    ;              ;         ; --         ;                 ; --       ; --           ;
; N17      ;            ;          ; VCCINT                                   ; power  ;              ; 1.2V    ; --         ;                 ; --       ; --           ;
; N18      ; 348        ; 5        ; ROW[0]                                   ; output ; 3.3-V LVTTL  ;         ; Row I/O    ; Y               ; no       ; Off          ;
; N19      ;            ;          ; GND                                      ; gnd    ;              ;         ; --         ;                 ; --       ; --           ;
; N20      ; 315        ; 5        ; GND*                                     ;        ;              ;         ; Row I/O    ;                 ; no       ; Off          ;
; N21      ;            ;          ; NC                                       ;        ;              ;         ; --         ;                 ; --       ; --           ;
; N22      ;            ; 5        ; VCCIO5                                   ; power  ;              ; 3.3V    ; --         ;                 ; --       ; --           ;
; N23      ; 311        ; 5        ; GND*                                     ;        ;              ;         ; Row I/O    ;                 ; no       ; Off          ;
; N24      ; 310        ; 5        ; GND*                                     ;        ;              ;         ; Row I/O    ;                 ; no       ; Off          ;
; N25      ; 309        ; 5        ; KEY[0]                                   ; input  ; 3.3-V LVTTL  ;         ; Row I/O    ; Y               ; no       ; Off          ;
; N26      ; 308        ; 5        ; GND+                                     ;        ;              ;         ; Row I/O    ;                 ; --       ; --           ;
; P1       ; 68         ; 1        ; GND+                                     ;        ;              ;         ; Row I/O    ;                 ; --       ; --           ;
; P2       ; 67         ; 1        ; GND+                                     ;        ;              ;         ; Row I/O    ;                 ; --       ; --           ;
; P3       ; 69         ; 1        ; GND*                                     ;        ;              ;         ; Row I/O    ;                 ; no       ; Off          ;
; P4       ; 70         ; 1        ; GND*                                     ;        ;              ;         ; Row I/O    ;                 ; no       ; Off          ;
; P5       ;            ; 1        ; VCCIO1                                   ; power  ;              ; 3.3V    ; --         ;                 ; --       ; --           ;
; P6       ; 78         ; 1        ; GND*                                     ;        ;              ;         ; Row I/O    ;                 ; no       ; Off          ;
; P7       ; 77         ; 1        ; GND*                                     ;        ;              ;         ; Row I/O    ;                 ; no       ; Off          ;
; P8       ;            ;          ; GND                                      ; gnd    ;              ;         ; --         ;                 ; --       ; --           ;
; P9       ; 46         ; 2        ; GND*                                     ;        ;              ;         ; Row I/O    ;                 ; no       ; Off          ;
; P10      ;            ;          ; VCCINT                                   ; power  ;              ; 1.2V    ; --         ;                 ; --       ; --           ;
; P11      ;            ;          ; GND                                      ; gnd    ;              ;         ; --         ;                 ; --       ; --           ;
; P12      ;            ;          ; GND                                      ; gnd    ;              ;         ; --         ;                 ; --       ; --           ;
; P13      ;            ;          ; GND                                      ; gnd    ;              ;         ; --         ;                 ; --       ; --           ;
; P14      ;            ;          ; GND                                      ; gnd    ;              ;         ; --         ;                 ; --       ; --           ;
; P15      ;            ;          ; GND                                      ; gnd    ;              ;         ; --         ;                 ; --       ; --           ;
; P16      ;            ;          ; GND                                      ; gnd    ;              ;         ; --         ;                 ; --       ; --           ;
; P17      ; 293        ; 6        ; GND*                                     ;        ;              ;         ; Row I/O    ;                 ; no       ; Off          ;
; P18      ; 347        ; 5        ; GND*                                     ;        ;              ;         ; Row I/O    ;                 ; no       ; Off          ;
; P19      ;            ;          ; GND                                      ; gnd    ;              ;         ; --         ;                 ; --       ; --           ;
; P20      ; 301        ; 6        ; ^MSEL0                                   ;        ;              ;         ; --         ;                 ; --       ; --           ;
; P21      ; 300        ; 6        ; ^MSEL1                                   ;        ;              ;         ; --         ;                 ; --       ; --           ;
; P22      ;            ; 6        ; VCCIO6                                   ; power  ;              ; 3.3V    ; --         ;                 ; --       ; --           ;
; P23      ; 305        ; 6        ; GND*                                     ;        ;              ;         ; Row I/O    ;                 ; no       ; Off          ;
; P24      ; 304        ; 6        ; GND*                                     ;        ;              ;         ; Row I/O    ;                 ; no       ; Off          ;
; P25      ; 307        ; 6        ; GND+                                     ;        ;              ;         ; Row I/O    ;                 ; --       ; --           ;
; P26      ; 306        ; 6        ; GND+                                     ;        ;              ;         ; Row I/O    ;                 ; --       ; --           ;
; R1       ;            ;          ; GND                                      ; gnd    ;              ;         ; --         ;                 ; --       ; --           ;
; R2       ; 71         ; 1        ; GND*                                     ;        ;              ;         ; Row I/O    ;                 ; no       ; Off          ;
; R3       ; 72         ; 1        ; GND*                                     ;        ;              ;         ; Row I/O    ;                 ; no       ; Off          ;
; R4       ; 73         ; 1        ; GND*                                     ;        ;              ;         ; Row I/O    ;                 ; no       ; Off          ;
; R5       ; 74         ; 1        ; GND*                                     ;        ;              ;         ; Row I/O    ;                 ; no       ; Off          ;
; R6       ; 81         ; 1        ; GND*                                     ;        ;              ;         ; Row I/O    ;                 ; no       ; Off          ;
; R7       ; 82         ; 1        ; GND*                                     ;        ;              ;         ; Row I/O    ;                 ; no       ; Off          ;
; R8       ; 110        ; 1        ; GND*                                     ;        ;              ;         ; Row I/O    ;                 ; no       ; Off          ;
; R9       ;            ; 1        ; VCCIO1                                   ; power  ;              ; 3.3V    ; --         ;                 ; --       ; --           ;
; R10      ;            ;          ; VCCINT                                   ; power  ;              ; 1.2V    ; --         ;                 ; --       ; --           ;
; R11      ;            ;          ; VCCINT                                   ; power  ;              ; 1.2V    ; --         ;                 ; --       ; --           ;
; R12      ;            ;          ; GND                                      ; gnd    ;              ;         ; --         ;                 ; --       ; --           ;
; R13      ;            ;          ; GND                                      ; gnd    ;              ;         ; --         ;                 ; --       ; --           ;
; R14      ;            ;          ; GND                                      ; gnd    ;              ;         ; --         ;                 ; --       ; --           ;
; R15      ;            ;          ; GND                                      ; gnd    ;              ;         ; --         ;                 ; --       ; --           ;
; R16      ;            ;          ; VCCINT                                   ; power  ;              ; 1.2V    ; --         ;                 ; --       ; --           ;
; R17      ; 294        ; 6        ; GND*                                     ;        ;              ;         ; Row I/O    ;                 ; no       ; Off          ;
; R18      ;            ; 6        ; VCCIO6                                   ; power  ;              ; 3.3V    ; --         ;                 ; --       ; --           ;
; R19      ; 282        ; 6        ; GND*                                     ;        ;              ;         ; Row I/O    ;                 ; no       ; Off          ;
; R20      ; 297        ; 6        ; GND*                                     ;        ;              ;         ; Row I/O    ;                 ; no       ; Off          ;
; R21      ;            ;          ; GND                                      ; gnd    ;              ;         ; --         ;                 ; --       ; --           ;
; R22      ; 298        ; 6        ; ^nSTATUS                                 ;        ;              ;         ; --         ;                 ; --       ; --           ;
; R23      ; 299        ; 6        ; ^CONF_DONE                               ;        ;              ;         ; --         ;                 ; --       ; --           ;
; R24      ; 302        ; 6        ; GND*                                     ;        ;              ;         ; Row I/O    ;                 ; no       ; Off          ;
; R25      ; 303        ; 6        ; GND*                                     ;        ;              ;         ; Row I/O    ;                 ; no       ; Off          ;
; R26      ;            ;          ; GND                                      ; gnd    ;              ;         ; --         ;                 ; --       ; --           ;
; T1       ;            ; 1        ; VCCIO1                                   ; power  ;              ; 3.3V    ; --         ;                 ; --       ; --           ;
; T2       ; 79         ; 1        ; GND*                                     ;        ;              ;         ; Row I/O    ;                 ; no       ; Off          ;
; T3       ; 80         ; 1        ; GND*                                     ;        ;              ;         ; Row I/O    ;                 ; no       ; Off          ;
; T4       ; 83         ; 1        ; GND*                                     ;        ;              ;         ; Row I/O    ;                 ; --       ; --           ;
; T5       ;            ;          ; GND                                      ; gnd    ;              ;         ; --         ;                 ; --       ; --           ;
; T6       ; 93         ; 1        ; GND*                                     ;        ;              ;         ; Row I/O    ;                 ; no       ; Off          ;
; T7       ; 92         ; 1        ; GND*                                     ;        ;              ;         ; Row I/O    ;                 ; no       ; Off          ;
; T8       ; 111        ; 1        ; GND*                                     ;        ;              ;         ; Row I/O    ;                 ; no       ; Off          ;
; T9       ; 76         ; 1        ; GND*                                     ;        ;              ;         ; Row I/O    ;                 ; no       ; Off          ;
; T10      ; 75         ; 1        ; GND*                                     ;        ;              ;         ; Row I/O    ;                 ; no       ; Off          ;
; T11      ;            ;          ; VCCINT                                   ; power  ;              ; 1.2V    ; --         ;                 ; --       ; --           ;
; T12      ;            ;          ; GND                                      ; gnd    ;              ;         ; --         ;                 ; --       ; --           ;
; T13      ;            ;          ; GND                                      ; gnd    ;              ;         ; --         ;                 ; --       ; --           ;
; T14      ;            ;          ; GND                                      ; gnd    ;              ;         ; --         ;                 ; --       ; --           ;
; T15      ;            ;          ; GND                                      ; gnd    ;              ;         ; --         ;                 ; --       ; --           ;
; T16      ;            ;          ; VCCINT                                   ; power  ;              ; 1.2V    ; --         ;                 ; --       ; --           ;
; T17      ; 289        ; 6        ; GND*                                     ;        ;              ;         ; Row I/O    ;                 ; no       ; Off          ;
; T18      ; 290        ; 6        ; GND*                                     ;        ;              ;         ; Row I/O    ;                 ; no       ; Off          ;
; T19      ; 281        ; 6        ; GND*                                     ;        ;              ;         ; Row I/O    ;                 ; no       ; Off          ;
; T20      ; 287        ; 6        ; GND*                                     ;        ;              ;         ; Row I/O    ;                 ; no       ; Off          ;
; T21      ; 288        ; 6        ; GND*                                     ;        ;              ;         ; Row I/O    ;                 ; --       ; --           ;
; T22      ; 296        ; 6        ; GND*                                     ;        ;              ;         ; Row I/O    ;                 ; no       ; Off          ;
; T23      ; 295        ; 6        ; GND*                                     ;        ;              ;         ; Row I/O    ;                 ; no       ; Off          ;
; T24      ; 292        ; 6        ; GND*                                     ;        ;              ;         ; Row I/O    ;                 ; no       ; Off          ;
; T25      ; 291        ; 6        ; GND*                                     ;        ;              ;         ; Row I/O    ;                 ; no       ; Off          ;
; T26      ;            ; 6        ; VCCIO6                                   ; power  ;              ; 3.3V    ; --         ;                 ; --       ; --           ;
; U1       ; 85         ; 1        ; GND*                                     ;        ;              ;         ; Row I/O    ;                 ; no       ; Off          ;
; U2       ; 84         ; 1        ; GND*                                     ;        ;              ;         ; Row I/O    ;                 ; no       ; Off          ;
; U3       ; 88         ; 1        ; GND*                                     ;        ;              ;         ; Row I/O    ;                 ; no       ; Off          ;
; U4       ; 89         ; 1        ; GND*                                     ;        ;              ;         ; Row I/O    ;                 ; no       ; Off          ;
; U5       ; 100        ; 1        ; GND*                                     ;        ;              ;         ; Row I/O    ;                 ; no       ; Off          ;
; U6       ; 98         ; 1        ; GND*                                     ;        ;              ;         ; Row I/O    ;                 ; no       ; Off          ;
; U7       ; 99         ; 1        ; GND*                                     ;        ;              ;         ; Row I/O    ;                 ; no       ; Off          ;
; U8       ;            ;          ; GND                                      ; gnd    ;              ;         ; --         ;                 ; --       ; --           ;
; U9       ; 86         ; 1        ; GND*                                     ;        ;              ;         ; Row I/O    ;                 ; no       ; Off          ;
; U10      ; 87         ; 1        ; GND*                                     ;        ;              ;         ; Row I/O    ;                 ; no       ; Off          ;
; U11      ;            ;          ; VCCINT                                   ; power  ;              ; 1.2V    ; --         ;                 ; --       ; --           ;
; U12      ; 178        ; 8        ; GND*                                     ;        ;              ;         ; Column I/O ;                 ; no       ; Off          ;
; U13      ;            ;          ; VCCINT                                   ; power  ;              ; 1.2V    ; --         ;                 ; --       ; --           ;
; U14      ;            ;          ; VCCINT                                   ; power  ;              ; 1.2V    ; --         ;                 ; --       ; --           ;
; U15      ;            ;          ; VCCINT                                   ; power  ;              ; 1.2V    ; --         ;                 ; --       ; --           ;
; U16      ;            ;          ; VCCINT                                   ; power  ;              ; 1.2V    ; --         ;                 ; --       ; --           ;
; U17      ; 231        ; 7        ; GND*                                     ;        ;              ;         ; Column I/O ;                 ; no       ; Off          ;
; U18      ; 232        ; 7        ; GND*                                     ;        ;              ;         ; Column I/O ;                 ; no       ; Off          ;
; U19      ;            ;          ; GND                                      ; gnd    ;              ;         ; --         ;                 ; --       ; --           ;
; U20      ; 280        ; 6        ; GND*                                     ;        ;              ;         ; Row I/O    ;                 ; no       ; Off          ;
; U21      ; 279        ; 6        ; GND*                                     ;        ;              ;         ; Row I/O    ;                 ; no       ; Off          ;
; U22      ; 270        ; 6        ; GND*                                     ;        ;              ;         ; Row I/O    ;                 ; no       ; Off          ;
; U23      ; 284        ; 6        ; GND*                                     ;        ;              ;         ; Row I/O    ;                 ; no       ; Off          ;
; U24      ; 283        ; 6        ; GND*                                     ;        ;              ;         ; Row I/O    ;                 ; no       ; Off          ;
; U25      ; 285        ; 6        ; GND*                                     ;        ;              ;         ; Row I/O    ;                 ; no       ; Off          ;
; U26      ; 286        ; 6        ; GND*                                     ;        ;              ;         ; Row I/O    ;                 ; no       ; Off          ;
; V1       ; 90         ; 1        ; GND*                                     ;        ;              ;         ; Row I/O    ;                 ; no       ; Off          ;
; V2       ; 91         ; 1        ; GND*                                     ;        ;              ;         ; Row I/O    ;                 ; no       ; Off          ;
; V3       ; 95         ; 1        ; GND*                                     ;        ;              ;         ; Row I/O    ;                 ; no       ; Off          ;
; V4       ; 94         ; 1        ; GND*                                     ;        ;              ;         ; Row I/O    ;                 ; no       ; Off          ;
; V5       ; 104        ; 1        ; GND*                                     ;        ;              ;         ; Row I/O    ;                 ; no       ; Off          ;
; V6       ; 105        ; 1        ; GND*                                     ;        ;              ;         ; Row I/O    ;                 ; no       ; Off          ;
; V7       ; 112        ; 1        ; GND*                                     ;        ;              ;         ; Row I/O    ;                 ; no       ; Off          ;
; V8       ;            ; 1        ; VCCIO1                                   ; power  ;              ; 3.3V    ; --         ;                 ; --       ; --           ;
; V9       ; 142        ; 8        ; GND*                                     ;        ;              ;         ; Column I/O ;                 ; no       ; Off          ;
; V10      ; 141        ; 8        ; GND*                                     ;        ;              ;         ; Column I/O ;                 ; no       ; Off          ;
; V11      ; 177        ; 8        ; GND*                                     ;        ;              ;         ; Column I/O ;                 ; no       ; Off          ;
; V12      ;            ; 8        ; VCCIO8                                   ; power  ;              ; 3.3V    ; --         ;                 ; --       ; --           ;
; V13      ; 176        ; 8        ; GND*                                     ;        ;              ;         ; Column I/O ;                 ; no       ; Off          ;
; V14      ; 175        ; 8        ; GND*                                     ;        ;              ;         ; Column I/O ;                 ; no       ; Off          ;
; V15      ;            ; 7        ; VCCIO7                                   ; power  ;              ; 3.3V    ; --         ;                 ; --       ; --           ;
; V16      ;            ;          ; VCCINT                                   ; power  ;              ; 1.2V    ; --         ;                 ; --       ; --           ;
; V17      ; 218        ; 7        ; GND*                                     ;        ;              ;         ; Column I/O ;                 ; no       ; Off          ;
; V18      ; 233        ; 7        ; GND*                                     ;        ;              ;         ; Column I/O ;                 ; no       ; Off          ;
; V19      ;            ; 6        ; VCCIO6                                   ; power  ;              ; 3.3V    ; --         ;                 ; --       ; --           ;
; V20      ; 251        ; 6        ; GND*                                     ;        ;              ;         ; Row I/O    ;                 ; no       ; Off          ;
; V21      ; 252        ; 6        ; GND*                                     ;        ;              ;         ; Row I/O    ;                 ; no       ; Off          ;
; V22      ; 259        ; 6        ; GND*                                     ;        ;              ;         ; Row I/O    ;                 ; --       ; --           ;
; V23      ; 275        ; 6        ; GND*                                     ;        ;              ;         ; Row I/O    ;                 ; no       ; Off          ;
; V24      ; 276        ; 6        ; GND*                                     ;        ;              ;         ; Row I/O    ;                 ; no       ; Off          ;
; V25      ; 277        ; 6        ; GND*                                     ;        ;              ;         ; Row I/O    ;                 ; no       ; Off          ;
; V26      ; 278        ; 6        ; GND*                                     ;        ;              ;         ; Row I/O    ;                 ; no       ; Off          ;
; W1       ; 97         ; 1        ; GND*                                     ;        ;              ;         ; Row I/O    ;                 ; no       ; Off          ;
; W2       ; 96         ; 1        ; GND*                                     ;        ;              ;         ; Row I/O    ;                 ; no       ; Off          ;
; W3       ; 102        ; 1        ; GND*                                     ;        ;              ;         ; Row I/O    ;                 ; no       ; Off          ;
; W4       ; 101        ; 1        ; GND*                                     ;        ;              ;         ; Row I/O    ;                 ; no       ; Off          ;
; W5       ;            ;          ; GND                                      ; gnd    ;              ;         ; --         ;                 ; --       ; --           ;
; W6       ; 113        ; 1        ; GND*                                     ;        ;              ;         ; Row I/O    ;                 ; --       ; --           ;
; W7       ;            ;          ; GND_PLL1                                 ; gnd    ;              ;         ; --         ;                 ; --       ; --           ;
; W8       ; 144        ; 8        ; GND*                                     ;        ;              ;         ; Column I/O ;                 ; no       ; Off          ;
; W9       ;            ; 8        ; VCCIO8                                   ; power  ;              ; 3.3V    ; --         ;                 ; --       ; --           ;
; W10      ; 145        ; 8        ; GND*                                     ;        ;              ;         ; Column I/O ;                 ; no       ; Off          ;
; W11      ; 161        ; 8        ; GND*                                     ;        ;              ;         ; Column I/O ;                 ; no       ; Off          ;
; W12      ; 162        ; 8        ; GND*                                     ;        ;              ;         ; Column I/O ;                 ; no       ; Off          ;
; W13      ;            ;          ; GND                                      ; gnd    ;              ;         ; --         ;                 ; --       ; --           ;
; W14      ;            ;          ; GND                                      ; gnd    ;              ;         ; --         ;                 ; --       ; --           ;
; W15      ; 203        ; 7        ; GND*                                     ;        ;              ;         ; Column I/O ;                 ; no       ; Off          ;
; W16      ; 204        ; 7        ; GND*                                     ;        ;              ;         ; Column I/O ;                 ; no       ; Off          ;
; W17      ; 217        ; 7        ; GND*                                     ;        ;              ;         ; Column I/O ;                 ; no       ; Off          ;
; W18      ;            ; 7        ; VCCIO7                                   ; power  ;              ; 3.3V    ; --         ;                 ; --       ; --           ;
; W19      ; 234        ; 7        ; GND*                                     ;        ;              ;         ; Column I/O ;                 ; no       ; Off          ;
; W20      ;            ;          ; GND_PLL4                                 ; gnd    ;              ;         ; --         ;                 ; --       ; --           ;
; W21      ; 253        ; 6        ; GND*                                     ;        ;              ;         ; Row I/O    ;                 ; no       ; Off          ;
; W22      ;            ;          ; GND                                      ; gnd    ;              ;         ; --         ;                 ; --       ; --           ;
; W23      ; 272        ; 6        ; GND*                                     ;        ;              ;         ; Row I/O    ;                 ; no       ; Off          ;
; W24      ; 271        ; 6        ; GND*                                     ;        ;              ;         ; Row I/O    ;                 ; no       ; Off          ;
; W25      ; 273        ; 6        ; GND*                                     ;        ;              ;         ; Row I/O    ;                 ; no       ; Off          ;
; W26      ; 274        ; 6        ; GND*                                     ;        ;              ;         ; Row I/O    ;                 ; no       ; Off          ;
; Y1       ; 103        ; 1        ; GND*                                     ;        ;              ;         ; Row I/O    ;                 ; no       ; Off          ;
; Y2       ;            ;          ; NC                                       ;        ;              ;         ; --         ;                 ; --       ; --           ;
; Y3       ; 108        ; 1        ; GND*                                     ;        ;              ;         ; Row I/O    ;                 ; no       ; Off          ;
; Y4       ; 109        ; 1        ; GND*                                     ;        ;              ;         ; Row I/O    ;                 ; no       ; Off          ;
; Y5       ; 121        ; 1        ; GND*                                     ;        ;              ;         ; Row I/O    ;                 ; no       ; Off          ;
; Y6       ;            ;          ; GND_PLL1                                 ; gnd    ;              ;         ; --         ;                 ; --       ; --           ;
; Y7       ;            ;          ; VCCD_PLL1                                ; power  ;              ; 1.2V    ; --         ;                 ; --       ; --           ;
; Y8       ;            ;          ; GNDA_PLL1                                ; gnd    ;              ;         ; --         ;                 ; --       ; --           ;
; Y9       ;            ;          ; GND                                      ; gnd    ;              ;         ; --         ;                 ; --       ; --           ;
; Y10      ; 146        ; 8        ; GND*                                     ;        ;              ;         ; Column I/O ;                 ; no       ; Off          ;
; Y11      ; 156        ; 8        ; GND*                                     ;        ;              ;         ; Column I/O ;                 ; no       ; Off          ;
; Y12      ; 180        ; 8        ; GND*                                     ;        ;              ;         ; Column I/O ;                 ; no       ; Off          ;
; Y13      ; 193        ; 7        ; GND*                                     ;        ;              ;         ; Column I/O ;                 ; no       ; Off          ;
; Y14      ; 195        ; 7        ; GND*                                     ;        ;              ;         ; Column I/O ;                 ; no       ; Off          ;
; Y15      ; 196        ; 7        ; GND*                                     ;        ;              ;         ; Column I/O ;                 ; no       ; Off          ;
; Y16      ; 210        ; 7        ; GND*                                     ;        ;              ;         ; Column I/O ;                 ; no       ; Off          ;
; Y17      ;            ;          ; GND                                      ; gnd    ;              ;         ; --         ;                 ; --       ; --           ;
; Y18      ; 229        ; 7        ; GND*                                     ;        ;              ;         ; Column I/O ;                 ; --       ; --           ;
; Y19      ;            ;          ; GNDA_PLL4                                ; gnd    ;              ;         ; --         ;                 ; --       ; --           ;
; Y20      ;            ;          ; VCCD_PLL4                                ; power  ;              ; 1.2V    ; --         ;                 ; --       ; --           ;
; Y21      ; 250        ; 6        ; GND*                                     ;        ;              ;         ; Row I/O    ;                 ; no       ; Off          ;
; Y22      ; 254        ; 6        ; GND*                                     ;        ;              ;         ; Row I/O    ;                 ; no       ; Off          ;
; Y23      ; 265        ; 6        ; GND*                                     ;        ;              ;         ; Row I/O    ;                 ; no       ; Off          ;
; Y24      ; 264        ; 6        ; GND*                                     ;        ;              ;         ; Row I/O    ;                 ; no       ; Off          ;
; Y25      ; 269        ; 6        ; GND*                                     ;        ;              ;         ; Row I/O    ;                 ; no       ; Off          ;
; Y26      ; 268        ; 6        ; GND*                                     ;        ;              ;         ; Row I/O    ;                 ; no       ; Off          ;
+----------+------------+----------+------------------------------------------+--------+--------------+---------+------------+-----------------+----------+--------------+
Note: Pin directions (input, output or bidir) are based on device operating in user mode.


+-------------------------------------------------------------------------------+
; Output Pin Default Load For Reported TCO                                      ;
+----------------------------------+-------+------------------------------------+
; I/O Standard                     ; Load  ; Termination Resistance             ;
+----------------------------------+-------+------------------------------------+
; 3.3-V LVTTL                      ; 0 pF  ; Not Available                      ;
; 3.3-V LVCMOS                     ; 0 pF  ; Not Available                      ;
; 2.5 V                            ; 0 pF  ; Not Available                      ;
; 1.8 V                            ; 0 pF  ; Not Available                      ;
; 1.5 V                            ; 0 pF  ; Not Available                      ;
; 3.3-V PCI                        ; 10 pF ; 25 Ohm (Parallel)                  ;
; 3.3-V PCI-X                      ; 10 pF ; 25 Ohm (Parallel)                  ;
; SSTL-2 Class I                   ; 0 pF  ; 50 Ohm (Parallel), 25 Ohm (Serial) ;
; SSTL-2 Class II                  ; 0 pF  ; 25 Ohm (Parallel), 25 Ohm (Serial) ;
; SSTL-18 Class I                  ; 0 pF  ; 50 Ohm (Parallel), 25 Ohm (Serial) ;
; SSTL-18 Class II                 ; 0 pF  ; 25 Ohm (Parallel), 25 Ohm (Serial) ;
; 1.5-V HSTL Class I               ; 0 pF  ; 50 Ohm (Parallel)                  ;
; 1.5-V HSTL Class II              ; 0 pF  ; 25 Ohm (Parallel)                  ;
; 1.8-V HSTL Class I               ; 0 pF  ; 50 Ohm (Parallel)                  ;
; 1.8-V HSTL Class II              ; 0 pF  ; 25 Ohm (Parallel)                  ;
; Differential SSTL-2              ; 0 pF  ; (See SSTL-2)                       ;
; Differential 2.5-V SSTL Class II ; 0 pF  ; (See SSTL-2 Class II)              ;
; Differential 1.8-V SSTL Class I  ; 0 pF  ; (See 1.8-V SSTL Class I)           ;
; Differential 1.8-V SSTL Class II ; 0 pF  ; (See 1.8-V SSTL Class II)          ;
; Differential 1.5-V HSTL Class I  ; 0 pF  ; (See 1.5-V HSTL Class I)           ;
; Differential 1.5-V HSTL Class II ; 0 pF  ; (See 1.5-V HSTL Class II)          ;
; Differential 1.8-V HSTL Class I  ; 0 pF  ; (See 1.8-V HSTL Class I)           ;
; Differential 1.8-V HSTL Class II ; 0 pF  ; (See 1.8-V HSTL Class II)          ;
; LVDS                             ; 0 pF  ; 100 Ohm (Differential)             ;
; mini-LVDS                        ; 0 pF  ; 100 Ohm (Differential)             ;
; RSDS                             ; 0 pF  ; 100 Ohm (Differential)             ;
; Simple RSDS                      ; 0 pF  ; Not Available                      ;
; Differential LVPECL              ; 0 pF  ; 100 Ohm (Differential)             ;
+----------------------------------+-------+------------------------------------+
Note: User assignments will override these defaults. The user specified values are listed in the Output Pins and Bidir Pins tables.


+-------------------------------------------------------------------------------------------------------------------------------------------------------------------------------------------------------------------------------------------------------------------------------------------------------------+
; Fitter Resource Utilization by Entity                                                                                                                                                                                                                                                                       ;
+--------------------------------+-------------+---------------------------+---------------+-------------+------+--------------+---------+-----------+------+--------------+--------------+-------------------+------------------+-------------------------------------------------------------+--------------+
; Compilation Hierarchy Node     ; Logic Cells ; Dedicated Logic Registers ; I/O Registers ; Memory Bits ; M4Ks ; DSP Elements ; DSP 9x9 ; DSP 18x18 ; Pins ; Virtual Pins ; LUT-Only LCs ; Register-Only LCs ; LUT/Register LCs ; Full Hierarchy Name                                         ; Library Name ;
+--------------------------------+-------------+---------------------------+---------------+-------------+------+--------------+---------+-----------+------+--------------+--------------+-------------------+------------------+-------------------------------------------------------------+--------------+
; |Lock_System_Top               ; 478 (0)     ; 255 (0)                   ; 0 (0)         ; 0           ; 0    ; 0            ; 0       ; 0         ; 22   ; 0            ; 223 (0)      ; 22 (0)            ; 233 (0)          ; |Lock_System_Top                                            ; work         ;
;    |Lock_Controller:u_control| ; 218 (218)   ; 107 (107)                 ; 0 (0)         ; 0           ; 0    ; 0            ; 0       ; 0         ; 0    ; 0            ; 111 (111)    ; 7 (7)             ; 100 (100)        ; |Lock_System_Top|Lock_Controller:u_control                  ; work         ;
;    |Top_LCD:u_lcd_display|     ; 190 (140)   ; 118 (80)                  ; 0 (0)         ; 0           ; 0    ; 0            ; 0       ; 0         ; 0    ; 0            ; 72 (60)      ; 13 (9)            ; 105 (70)         ; |Lock_System_Top|Top_LCD:u_lcd_display                      ; work         ;
;       |LCD_Controller:u_lcd|   ; 51 (51)     ; 38 (38)                   ; 0 (0)         ; 0           ; 0    ; 0            ; 0       ; 0         ; 0    ; 0            ; 12 (12)      ; 4 (4)             ; 35 (35)          ; |Lock_System_Top|Top_LCD:u_lcd_display|LCD_Controller:u_lcd ; work         ;
;    |clk_divider:u_clk_div|     ; 24 (24)     ; 17 (17)                   ; 0 (0)         ; 0           ; 0    ; 0            ; 0       ; 0         ; 0    ; 0            ; 7 (7)        ; 0 (0)             ; 17 (17)          ; |Lock_System_Top|clk_divider:u_clk_div                      ; work         ;
;    |keypad_scanner:u_scanner|  ; 46 (46)     ; 13 (13)                   ; 0 (0)         ; 0           ; 0    ; 0            ; 0       ; 0         ; 0    ; 0            ; 33 (33)      ; 2 (2)             ; 11 (11)          ; |Lock_System_Top|keypad_scanner:u_scanner                   ; work         ;
+--------------------------------+-------------+---------------------------+---------------+-------------+------+--------------+---------+-----------+------+--------------+--------------+-------------------+------------------+-------------------------------------------------------------+--------------+
Note: For table entries with two numbers listed, the numbers in parentheses indicate the number of resources of the given type used by the specific entity alone. The numbers listed outside of parentheses indicate the total resources of the given type used by the specific entity and all of its sub-entities in the hierarchy.


+--------------------------------------------------------------------------------------+
; Delay Chain Summary                                                                  ;
+-------------+----------+---------------+---------------+-----------------------+-----+
; Name        ; Pin Type ; Pad to Core 0 ; Pad to Core 1 ; Pad to Input Register ; TCO ;
+-------------+----------+---------------+---------------+-----------------------+-----+
; ROW[0]      ; Output   ; --            ; --            ; --                    ; --  ;
; ROW[1]      ; Output   ; --            ; --            ; --                    ; --  ;
; ROW[2]      ; Output   ; --            ; --            ; --                    ; --  ;
; ROW[3]      ; Output   ; --            ; --            ; --                    ; --  ;
; LCD_DATA[0] ; Output   ; --            ; --            ; --                    ; --  ;
; LCD_DATA[1] ; Output   ; --            ; --            ; --                    ; --  ;
; LCD_DATA[2] ; Output   ; --            ; --            ; --                    ; --  ;
; LCD_DATA[3] ; Output   ; --            ; --            ; --                    ; --  ;
; LCD_DATA[4] ; Output   ; --            ; --            ; --                    ; --  ;
; LCD_DATA[5] ; Output   ; --            ; --            ; --                    ; --  ;
; LCD_DATA[6] ; Output   ; --            ; --            ; --                    ; --  ;
; LCD_DATA[7] ; Output   ; --            ; --            ; --                    ; --  ;
; LCD_RW      ; Output   ; --            ; --            ; --                    ; --  ;
; LCD_EN      ; Output   ; --            ; --            ; --                    ; --  ;
; LCD_RS      ; Output   ; --            ; --            ; --                    ; --  ;
; LCD_ON      ; Output   ; --            ; --            ; --                    ; --  ;
; KEY[0]      ; Input    ; (0) 171 ps    ; (0) 171 ps    ; --                    ; --  ;
; COL[1]      ; Input    ; (6) 2523 ps   ; (6) 2523 ps   ; --                    ; --  ;
; COL[2]      ; Input    ; (6) 2523 ps   ; (6) 2523 ps   ; --                    ; --  ;
; COL[0]      ; Input    ; (6) 2523 ps   ; (6) 2523 ps   ; --                    ; --  ;
; COL[3]      ; Input    ; (6) 2523 ps   ; (6) 2523 ps   ; --                    ; --  ;
; CLOCK_50    ; Input    ; (0) 171 ps    ; (0) 171 ps    ; --                    ; --  ;
+-------------+----------+---------------+---------------+-----------------------+-----+


+---------------------------------------------------------------------------+
; Pad To Core Delay Chain Fanout                                            ;
+---------------------------------------------+-------------------+---------+
; Source Pin / Fanout                         ; Pad To Core Index ; Setting ;
+---------------------------------------------+-------------------+---------+
; KEY[0]                                      ;                   ;         ;
; COL[1]                                      ;                   ;         ;
;      - keypad_scanner:u_scanner|Equal0~0    ; 0                 ; 6       ;
;      - keypad_scanner:u_scanner|Mux9~0      ; 0                 ; 6       ;
;      - keypad_scanner:u_scanner|Selector3~1 ; 0                 ; 6       ;
;      - keypad_scanner:u_scanner|Selector3~4 ; 0                 ; 6       ;
;      - keypad_scanner:u_scanner|Selector2~0 ; 0                 ; 6       ;
;      - keypad_scanner:u_scanner|Selector0~0 ; 0                 ; 6       ;
;      - keypad_scanner:u_scanner|Selector0~1 ; 0                 ; 6       ;
;      - keypad_scanner:u_scanner|Selector2~1 ; 0                 ; 6       ;
;      - keypad_scanner:u_scanner|Selector2~3 ; 0                 ; 6       ;
;      - keypad_scanner:u_scanner|Selector1~1 ; 0                 ; 6       ;
;      - keypad_scanner:u_scanner|WideOr0~0   ; 0                 ; 6       ;
; COL[2]                                      ;                   ;         ;
;      - keypad_scanner:u_scanner|Equal0~0    ; 1                 ; 6       ;
;      - keypad_scanner:u_scanner|Mux9~1      ; 1                 ; 6       ;
;      - keypad_scanner:u_scanner|Selector3~2 ; 1                 ; 6       ;
;      - keypad_scanner:u_scanner|Selector3~4 ; 1                 ; 6       ;
;      - keypad_scanner:u_scanner|Selector2~0 ; 1                 ; 6       ;
;      - keypad_scanner:u_scanner|Selector0~0 ; 1                 ; 6       ;
;      - keypad_scanner:u_scanner|Selector0~2 ; 1                 ; 6       ;
;      - keypad_scanner:u_scanner|Selector0~3 ; 1                 ; 6       ;
;      - keypad_scanner:u_scanner|Selector2~1 ; 1                 ; 6       ;
;      - keypad_scanner:u_scanner|Selector1~1 ; 1                 ; 6       ;
;      - keypad_scanner:u_scanner|WideOr0~0   ; 1                 ; 6       ;
;      - keypad_scanner:u_scanner|Selector2~6 ; 1                 ; 6       ;
;      - keypad_scanner:u_scanner|Selector2~7 ; 1                 ; 6       ;
; COL[0]                                      ;                   ;         ;
;      - keypad_scanner:u_scanner|Equal0~0    ; 0                 ; 6       ;
;      - keypad_scanner:u_scanner|Mux9~1      ; 0                 ; 6       ;
;      - keypad_scanner:u_scanner|Selector3~2 ; 0                 ; 6       ;
;      - keypad_scanner:u_scanner|Selector3~4 ; 0                 ; 6       ;
;      - keypad_scanner:u_scanner|Selector2~0 ; 0                 ; 6       ;
;      - keypad_scanner:u_scanner|Selector0~0 ; 0                 ; 6       ;
;      - keypad_scanner:u_scanner|Selector0~1 ; 0                 ; 6       ;
;      - keypad_scanner:u_scanner|Selector2~1 ; 0                 ; 6       ;
;      - keypad_scanner:u_scanner|Selector2~2 ; 0                 ; 6       ;
;      - keypad_scanner:u_scanner|WideOr0~0   ; 0                 ; 6       ;
;      - keypad_scanner:u_scanner|Selector2~7 ; 0                 ; 6       ;
; COL[3]                                      ;                   ;         ;
;      - keypad_scanner:u_scanner|Equal0~0    ; 1                 ; 6       ;
;      - keypad_scanner:u_scanner|Mux9~0      ; 1                 ; 6       ;
;      - keypad_scanner:u_scanner|Selector3~1 ; 1                 ; 6       ;
;      - keypad_scanner:u_scanner|Selector3~4 ; 1                 ; 6       ;
;      - keypad_scanner:u_scanner|Selector2~0 ; 1                 ; 6       ;
;      - keypad_scanner:u_scanner|Selector0~0 ; 1                 ; 6       ;
;      - keypad_scanner:u_scanner|Selector0~1 ; 1                 ; 6       ;
;      - keypad_scanner:u_scanner|Selector1~2 ; 1                 ; 6       ;
;      - keypad_scanner:u_scanner|WideOr0~0   ; 1                 ; 6       ;
; CLOCK_50                                    ;                   ;         ;
+---------------------------------------------+-------------------+---------+


+---------------------------------------------------------------------------------------------------------------------------------------------------------------------------------------+
; Control Signals                                                                                                                                                                       ;
+----------------------------------------------------------+--------------------+---------+--------------+--------+----------------------+------------------+---------------------------+
; Name                                                     ; Location           ; Fan-Out ; Usage        ; Global ; Global Resource Used ; Global Line Name ; Enable Signal Source Name ;
+----------------------------------------------------------+--------------------+---------+--------------+--------+----------------------+------------------+---------------------------+
; CLOCK_50                                                 ; PIN_N2             ; 221     ; Clock        ; yes    ; Global Clock         ; GCLK2            ; --                        ;
; KEY[0]                                                   ; PIN_N25            ; 16      ; Clock enable ; no     ; --                   ; --               ; --                        ;
; KEY[0]                                                   ; PIN_N25            ; 80      ; Async. clear ; yes    ; Global Clock         ; GCLK6            ; --                        ;
; Lock_Controller:u_control|delay_timer[10]~3              ; LCCOMB_X42_Y21_N16 ; 30      ; Clock enable ; no     ; --                   ; --               ; --                        ;
; Lock_Controller:u_control|entered_pass[4]~7              ; LCCOMB_X43_Y20_N4  ; 16      ; Clock enable ; no     ; --                   ; --               ; --                        ;
; Lock_Controller:u_control|input_locked                   ; LCFF_X42_Y23_N13   ; 30      ; Sync. clear  ; no     ; --                   ; --               ; --                        ;
; Lock_Controller:u_control|input_locked~8                 ; LCCOMB_X42_Y23_N22 ; 26      ; Clock enable ; no     ; --                   ; --               ; --                        ;
; Lock_Controller:u_control|lcd_status[0]~7                ; LCCOMB_X42_Y21_N10 ; 3       ; Clock enable ; no     ; --                   ; --               ; --                        ;
; Lock_Controller:u_control|saved_pass[15]~3               ; LCCOMB_X44_Y21_N18 ; 16      ; Clock enable ; no     ; --                   ; --               ; --                        ;
; Lock_Controller:u_control|wrong_count[2]~4               ; LCCOMB_X43_Y19_N4  ; 3       ; Clock enable ; no     ; --                   ; --               ; --                        ;
; Top_LCD:u_lcd_display|LCD_Controller:u_lcd|LCD_DATA[0]~4 ; LCCOMB_X47_Y24_N14 ; 6       ; Clock enable ; no     ; --                   ; --               ; --                        ;
; Top_LCD:u_lcd_display|LCD_Controller:u_lcd|LessThan0~3   ; LCCOMB_X31_Y35_N26 ; 17      ; Sync. clear  ; no     ; --                   ; --               ; --                        ;
; Top_LCD:u_lcd_display|LCD_Controller:u_lcd|clk_1k        ; LCFF_X31_Y35_N25   ; 21      ; Clock        ; yes    ; Global Clock         ; GCLK10           ; --                        ;
; Top_LCD:u_lcd_display|LCD_Controller:u_lcd|state.SEND    ; LCFF_X48_Y24_N27   ; 12      ; Sync. load   ; no     ; --                   ; --               ; --                        ;
; Top_LCD:u_lcd_display|always1~0                          ; LCCOMB_X44_Y22_N20 ; 24      ; Clock enable ; no     ; --                   ; --               ; --                        ;
; Top_LCD:u_lcd_display|btn_digit_pressed                  ; LCCOMB_X44_Y22_N28 ; 9       ; Clock enable ; no     ; --                   ; --               ; --                        ;
; Top_LCD:u_lcd_display|char_idx[0]~8                      ; LCCOMB_X49_Y24_N22 ; 5       ; Clock enable ; no     ; --                   ; --               ; --                        ;
; Top_LCD:u_lcd_display|char_idx[4]                        ; LCFF_X49_Y24_N15   ; 11      ; Sync. load   ; no     ; --                   ; --               ; --                        ;
; Top_LCD:u_lcd_display|digit_count[2]                     ; LCFF_X45_Y20_N9    ; 17      ; Sync. clear  ; no     ; --                   ; --               ; --                        ;
; Top_LCD:u_lcd_display|disp_state.11                      ; LCFF_X48_Y24_N7    ; 9       ; Sync. clear  ; no     ; --                   ; --               ; --                        ;
; Top_LCD:u_lcd_display|lcd_col[0]~0                       ; LCCOMB_X47_Y24_N28 ; 12      ; Clock enable ; no     ; --                   ; --               ; --                        ;
; Top_LCD:u_lcd_display|line2_buffer[6][0]~8               ; LCCOMB_X45_Y20_N0  ; 7       ; Clock enable ; no     ; --                   ; --               ; --                        ;
; Top_LCD:u_lcd_display|line2_buffer[7][0]~6               ; LCCOMB_X46_Y20_N2  ; 6       ; Clock enable ; no     ; --                   ; --               ; --                        ;
; Top_LCD:u_lcd_display|line2_buffer[8][0]~25              ; LCCOMB_X44_Y22_N16 ; 6       ; Clock enable ; no     ; --                   ; --               ; --                        ;
; Top_LCD:u_lcd_display|line2_buffer[9][0]~9               ; LCCOMB_X46_Y20_N8  ; 6       ; Clock enable ; no     ; --                   ; --               ; --                        ;
; clk_divider:u_clk_div|clk_out                            ; LCFF_X48_Y23_N25   ; 13      ; Clock        ; yes    ; Global Clock         ; GCLK5            ; --                        ;
; keypad_scanner:u_scanner|Equal0~0                        ; LCCOMB_X44_Y23_N6  ; 11      ; Clock enable ; no     ; --                   ; --               ; --                        ;
+----------------------------------------------------------+--------------------+---------+--------------+--------+----------------------+------------------+---------------------------+


+------------------------------------------------------------------------------------------------------------------------------------------------------+
; Global & Other Fast Signals                                                                                                                          ;
+---------------------------------------------------+------------------+---------+----------------------+------------------+---------------------------+
; Name                                              ; Location         ; Fan-Out ; Global Resource Used ; Global Line Name ; Enable Signal Source Name ;
+---------------------------------------------------+------------------+---------+----------------------+------------------+---------------------------+
; CLOCK_50                                          ; PIN_N2           ; 221     ; Global Clock         ; GCLK2            ; --                        ;
; KEY[0]                                            ; PIN_N25          ; 80      ; Global Clock         ; GCLK6            ; --                        ;
; Top_LCD:u_lcd_display|LCD_Controller:u_lcd|clk_1k ; LCFF_X31_Y35_N25 ; 21      ; Global Clock         ; GCLK10           ; --                        ;
; clk_divider:u_clk_div|clk_out                     ; LCFF_X48_Y23_N25 ; 13      ; Global Clock         ; GCLK5            ; --                        ;
+---------------------------------------------------+------------------+---------+----------------------+------------------+---------------------------+


+-------------------------------------------------------------------------+
; Non-Global High Fan-Out Signals                                         ;
+---------------------------------------------------------------+---------+
; Name                                                          ; Fan-Out ;
+---------------------------------------------------------------+---------+
; Lock_Controller:u_control|state.S2_LOCK_PENALTY               ; 32      ;
; Lock_Controller:u_control|delay_timer[10]~3                   ; 30      ;
; Lock_Controller:u_control|delay_timer[10]~1                   ; 30      ;
; Lock_Controller:u_control|input_locked                        ; 30      ;
; Top_LCD:u_lcd_display|char_idx[1]                             ; 30      ;
; Top_LCD:u_lcd_display|char_idx[0]                             ; 29      ;
; Lock_Controller:u_control|input_locked~8                      ; 26      ;
; Top_LCD:u_lcd_display|always1~0                               ; 24      ;
; Top_LCD:u_lcd_display|char_idx[3]                             ; 23      ;
; Top_LCD:u_lcd_display|char_idx[2]                             ; 23      ;
; Lock_Controller:u_control|state.S4_WRONG                      ; 22      ;
; Lock_Controller:u_control|entered_pass[4]~23                  ; 18      ;
; Lock_Controller:u_control|lcd_status[2]                       ; 18      ;
; Lock_Controller:u_control|lcd_status[1]                       ; 17      ;
; Lock_Controller:u_control|lcd_status[0]                       ; 17      ;
; Top_LCD:u_lcd_display|LCD_Controller:u_lcd|LessThan0~3        ; 17      ;
; Top_LCD:u_lcd_display|digit_count[2]                          ; 17      ;
; Lock_Controller:u_control|saved_pass[15]~3                    ; 16      ;
; Lock_Controller:u_control|entered_pass[4]~7                   ; 16      ;
; KEY[0]                                                        ; 15      ;
; Lock_Controller:u_control|always1~0                           ; 15      ;
; Top_LCD:u_lcd_display|line2_buffer~4                          ; 15      ;
; Lock_Controller:u_control|state.000                           ; 14      ;
; keypad_scanner:u_scanner|data_out[0]                          ; 14      ;
; COL[2]                                                        ; 13      ;
; keypad_scanner:u_scanner|data_out[2]                          ; 13      ;
; keypad_scanner:u_scanner|data_out[1]                          ; 13      ;
; keypad_scanner:u_scanner|data_out[3]                          ; 13      ;
; keypad_scanner:u_scanner|state.00                             ; 13      ;
; Top_LCD:u_lcd_display|lcd_col[0]~0                            ; 12      ;
; Top_LCD:u_lcd_display|LCD_Controller:u_lcd|state.SEND         ; 12      ;
; Top_LCD:u_lcd_display|LCD_Controller:u_lcd|state.SET_POS      ; 12      ;
; keypad_scanner:u_scanner|state.11                             ; 12      ;
; COL[0]                                                        ; 11      ;
; COL[1]                                                        ; 11      ;
; Lock_Controller:u_control|state.S3_NEW_PASS                   ; 11      ;
; Lock_Controller:u_control|state.S1_UNLOCK                     ; 11      ;
; Top_LCD:u_lcd_display|digit_count[0]                          ; 11      ;
; keypad_scanner:u_scanner|Equal0~0                             ; 11      ;
; Top_LCD:u_lcd_display|LCD_Controller:u_lcd|count[2]           ; 11      ;
; Top_LCD:u_lcd_display|char_idx[4]                             ; 11      ;
; Lock_Controller:u_control|state~19                            ; 10      ;
; keypad_scanner:u_scanner|state.10                             ; 10      ;
; keypad_scanner:u_scanner|state.01                             ; 10      ;
; Top_LCD:u_lcd_display|digit_count[1]                          ; 10      ;
; COL[3]                                                        ; 9       ;
; Lock_Controller:u_control|state~20                            ; 9       ;
; Top_LCD:u_lcd_display|btn_digit_pressed                       ; 9       ;
; Top_LCD:u_lcd_display|disp_state.11                           ; 9       ;
; Top_LCD:u_lcd_display|LCD_Controller:u_lcd|count[1]           ; 9       ;
; Lock_Controller:u_control|digit_count[2]                      ; 8       ;
; Top_LCD:u_lcd_display|LCD_Controller:u_lcd|oReady             ; 8       ;
; Top_LCD:u_lcd_display|LCD_Controller:u_lcd|count[0]           ; 8       ;
; Lock_Controller:u_control|LessThan5~7                         ; 7       ;
; Lock_Controller:u_control|Equal3~0                            ; 7       ;
; Lock_Controller:u_control|Equal1~10                           ; 7       ;
; Top_LCD:u_lcd_display|line2_buffer[6][0]~8                    ; 7       ;
; Top_LCD:u_lcd_display|line2_buffer[8][0]~25                   ; 6       ;
; Lock_Controller:u_control|state~22                            ; 6       ;
; Lock_Controller:u_control|digit_count[0]                      ; 6       ;
; Top_LCD:u_lcd_display|line2_buffer[9][0]~9                    ; 6       ;
; Top_LCD:u_lcd_display|line2_buffer[7][0]~6                    ; 6       ;
; Top_LCD:u_lcd_display|disp_state.10                           ; 6       ;
; Top_LCD:u_lcd_display|LCD_Controller:u_lcd|LCD_DATA[0]~4      ; 6       ;
; keypad_scanner:u_scanner|Selector0~0                          ; 5       ;
; Lock_Controller:u_control|LessThan4~7                         ; 5       ;
; Lock_Controller:u_control|digit_count[1]                      ; 5       ;
; Lock_Controller:u_control|wrong_count[0]                      ; 5       ;
; Top_LCD:u_lcd_display|char_idx[0]~8                           ; 5       ;
; Top_LCD:u_lcd_display|refresh_tick                            ; 5       ;
; Top_LCD:u_lcd_display|disp_state.00                           ; 5       ;
; Top_LCD:u_lcd_display|LCD_Controller:u_lcd|state.INIT_HOLD    ; 5       ;
; Top_LCD:u_lcd_display|LCD_Controller:u_lcd|state.INIT         ; 5       ;
; Lock_Controller:u_control|digit_count[0]~4                    ; 4       ;
; keypad_scanner:u_scanner|Selector2~0                          ; 4       ;
; Lock_Controller:u_control|delay_timer[12]                     ; 4       ;
; Lock_Controller:u_control|delay_timer[29]                     ; 4       ;
; Lock_Controller:u_control|delay_timer[28]                     ; 4       ;
; Lock_Controller:u_control|Equal0~0                            ; 4       ;
; Lock_Controller:u_control|valid_sync2                         ; 4       ;
; Lock_Controller:u_control|state~18                            ; 4       ;
; Lock_Controller:u_control|wrong_count[1]                      ; 4       ;
; Lock_Controller:u_control|update_digit                        ; 4       ;
; Top_LCD:u_lcd_display|line1_buffer[2][4]                      ; 4       ;
; Top_LCD:u_lcd_display|Mux7~0                                  ; 4       ;
; Top_LCD:u_lcd_display|lcd_valid                               ; 4       ;
; Top_LCD:u_lcd_display|disp_state.01                           ; 4       ;
; Top_LCD:u_lcd_display|LCD_Controller:u_lcd|state.IDLE         ; 4       ;
; Lock_Controller:u_control|state~27                            ; 3       ;
; Lock_Controller:u_control|state~25                            ; 3       ;
; Lock_Controller:u_control|wrong_count[2]~4                    ; 3       ;
; Lock_Controller:u_control|lcd_status[0]~7                     ; 3       ;
; Lock_Controller:u_control|delay_timer[10]                     ; 3       ;
; Lock_Controller:u_control|delay_timer[9]                      ; 3       ;
; Lock_Controller:u_control|delay_timer[8]                      ; 3       ;
; Lock_Controller:u_control|delay_timer[7]                      ; 3       ;
; Lock_Controller:u_control|delay_timer[16]                     ; 3       ;
; Lock_Controller:u_control|delay_timer[14]                     ; 3       ;
; Lock_Controller:u_control|delay_timer[17]                     ; 3       ;
; Lock_Controller:u_control|delay_timer[15]                     ; 3       ;
; Lock_Controller:u_control|delay_timer[11]                     ; 3       ;
; Lock_Controller:u_control|delay_timer[13]                     ; 3       ;
; Lock_Controller:u_control|delay_timer[18]                     ; 3       ;
; Lock_Controller:u_control|delay_timer[19]                     ; 3       ;
; Lock_Controller:u_control|delay_timer[21]                     ; 3       ;
; Lock_Controller:u_control|delay_timer[20]                     ; 3       ;
; Lock_Controller:u_control|delay_timer[27]                     ; 3       ;
; Lock_Controller:u_control|delay_timer[26]                     ; 3       ;
; Lock_Controller:u_control|delay_timer[23]                     ; 3       ;
; Lock_Controller:u_control|delay_timer[22]                     ; 3       ;
; Lock_Controller:u_control|delay_timer[25]                     ; 3       ;
; Lock_Controller:u_control|delay_timer[24]                     ; 3       ;
; Lock_Controller:u_control|valid_prev                          ; 3       ;
; Lock_Controller:u_control|digit_count[0]~0                    ; 3       ;
; Lock_Controller:u_control|entered_pass[10]                    ; 3       ;
; Lock_Controller:u_control|entered_pass[11]                    ; 3       ;
; Lock_Controller:u_control|entered_pass[8]                     ; 3       ;
; Lock_Controller:u_control|entered_pass[9]                     ; 3       ;
; Lock_Controller:u_control|entered_pass[6]                     ; 3       ;
; Lock_Controller:u_control|entered_pass[7]                     ; 3       ;
; Lock_Controller:u_control|entered_pass[4]                     ; 3       ;
; Lock_Controller:u_control|entered_pass[5]                     ; 3       ;
; Lock_Controller:u_control|entered_pass[2]                     ; 3       ;
; Lock_Controller:u_control|entered_pass[3]                     ; 3       ;
; Lock_Controller:u_control|entered_pass[0]                     ; 3       ;
; Lock_Controller:u_control|entered_pass[1]                     ; 3       ;
; Lock_Controller:u_control|Equal2~0                            ; 3       ;
; Lock_Controller:u_control|wrong_count[2]                      ; 3       ;
; Top_LCD:u_lcd_display|line2_buffer~24                         ; 3       ;
; Top_LCD:u_lcd_display|line2_buffer~17                         ; 3       ;
; Top_LCD:u_lcd_display|line2_buffer~15                         ; 3       ;
; Top_LCD:u_lcd_display|line2_buffer~14                         ; 3       ;
; Top_LCD:u_lcd_display|line2_buffer~12                         ; 3       ;
; Top_LCD:u_lcd_display|btn_digit_prev                          ; 3       ;
; Top_LCD:u_lcd_display|line2_buffer~5                          ; 3       ;
; Lock_Controller:u_control|update_status                       ; 3       ;
; Top_LCD:u_lcd_display|Selector0~0                             ; 3       ;
; Top_LCD:u_lcd_display|LessThan3~0                             ; 3       ;
; clk_divider:u_clk_div|Equal0~4                                ; 3       ;
; Lock_Controller:u_control|debounce_timer[16]                  ; 3       ;
; Lock_Controller:u_control|debounce_timer[24]                  ; 3       ;
; Lock_Controller:u_control|state~39                            ; 2       ;
; Lock_Controller:u_control|wrong_count[2]~7                    ; 2       ;
; Lock_Controller:u_control|update_digit~6                      ; 2       ;
; Lock_Controller:u_control|input_locked~1                      ; 2       ;
; Lock_Controller:u_control|digit_count[1]~5                    ; 2       ;
; Lock_Controller:u_control|state~32                            ; 2       ;
; Lock_Controller:u_control|entered_pass[4]~2                   ; 2       ;
; Lock_Controller:u_control|state~23                            ; 2       ;
; Lock_Controller:u_control|digit_count[0]~1                    ; 2       ;
; Lock_Controller:u_control|wrong_count~2                       ; 2       ;
; keypad_scanner:u_scanner|Selector1~1                          ; 2       ;
; keypad_scanner:u_scanner|Selector1~0                          ; 2       ;
; keypad_scanner:u_scanner|Selector0~7                          ; 2       ;
; keypad_scanner:u_scanner|Selector0~5                          ; 2       ;
; keypad_scanner:u_scanner|Selector0~4                          ; 2       ;
; keypad_scanner:u_scanner|Selector0~3                          ; 2       ;
; keypad_scanner:u_scanner|Selector0~2                          ; 2       ;
; keypad_scanner:u_scanner|Selector0~1                          ; 2       ;
; Lock_Controller:u_control|saved_pass[15]~2                    ; 2       ;
; Lock_Controller:u_control|lcd_status~8                        ; 2       ;
; Lock_Controller:u_control|lcd_status[0]~6                     ; 2       ;
; Lock_Controller:u_control|LessThan4~0                         ; 2       ;
; Lock_Controller:u_control|lcd_status[0]~3                     ; 2       ;
; Lock_Controller:u_control|lcd_status[0]~2                     ; 2       ;
; Lock_Controller:u_control|Equal3~1                            ; 2       ;
; Top_LCD:u_lcd_display|line2_buffer~13                         ; 2       ;
; Top_LCD:u_lcd_display|Decoder1~4                              ; 2       ;
; Top_LCD:u_lcd_display|line2_buffer~11                         ; 2       ;
; Top_LCD:u_lcd_display|WideOr0~0                               ; 2       ;
; Top_LCD:u_lcd_display|line2_buffer~10                         ; 2       ;
; Top_LCD:u_lcd_display|Decoder1~1                              ; 2       ;
; Top_LCD:u_lcd_display|line1_buffer~0                          ; 2       ;
; Top_LCD:u_lcd_display|Decoder2~0                              ; 2       ;
; Top_LCD:u_lcd_display|btn_status_prev                         ; 2       ;
; Top_LCD:u_lcd_display|lcd_data_in~18                          ; 2       ;
; Top_LCD:u_lcd_display|line2_buffer[8][5]                      ; 2       ;
; Top_LCD:u_lcd_display|line2_buffer[9][5]                      ; 2       ;
; Top_LCD:u_lcd_display|line2_buffer[6][5]                      ; 2       ;
; Top_LCD:u_lcd_display|line2_buffer[7][5]                      ; 2       ;
; Top_LCD:u_lcd_display|line1_buffer[0][6]                      ; 2       ;
; Top_LCD:u_lcd_display|lcd_data_in~8                           ; 2       ;
; Top_LCD:u_lcd_display|line1_buffer[1][4]                      ; 2       ;
; Top_LCD:u_lcd_display|lcd_data_in~4                           ; 2       ;
; Top_LCD:u_lcd_display|line1_buffer[5][3]                      ; 2       ;
; Top_LCD:u_lcd_display|Mux7~8                                  ; 2       ;
; Top_LCD:u_lcd_display|line1_buffer[3][3]                      ; 2       ;
; Top_LCD:u_lcd_display|Mux15~1                                 ; 2       ;
; Top_LCD:u_lcd_display|Mux15~0                                 ; 2       ;
; Top_LCD:u_lcd_display|line1_buffer[0][4]                      ; 2       ;
; Top_LCD:u_lcd_display|line1_buffer[6][1]                      ; 2       ;
; Top_LCD:u_lcd_display|line1_buffer[5][6]                      ; 2       ;
; Top_LCD:u_lcd_display|line1_buffer[0][0]                      ; 2       ;
; Top_LCD:u_lcd_display|line1_buffer[2][1]                      ; 2       ;
; keypad_scanner:u_scanner|Selector6~2                          ; 2       ;
; clk_divider:u_clk_div|count[15]                               ; 2       ;
; clk_divider:u_clk_div|count[14]                               ; 2       ;
; clk_divider:u_clk_div|count[13]                               ; 2       ;
; clk_divider:u_clk_div|count[12]                               ; 2       ;
; clk_divider:u_clk_div|count[11]                               ; 2       ;
; clk_divider:u_clk_div|count[10]                               ; 2       ;
; clk_divider:u_clk_div|count[9]                                ; 2       ;
; clk_divider:u_clk_div|count[8]                                ; 2       ;
; clk_divider:u_clk_div|count[7]                                ; 2       ;
; clk_divider:u_clk_div|count[6]                                ; 2       ;
; clk_divider:u_clk_div|count[5]                                ; 2       ;
; clk_divider:u_clk_div|count[4]                                ; 2       ;
; clk_divider:u_clk_div|count[3]                                ; 2       ;
; clk_divider:u_clk_div|count[2]                                ; 2       ;
; clk_divider:u_clk_div|count[0]                                ; 2       ;
; clk_divider:u_clk_div|count[1]                                ; 2       ;
; Top_LCD:u_lcd_display|LCD_Controller:u_lcd|WideOr1~0          ; 2       ;
; Top_LCD:u_lcd_display|LCD_Controller:u_lcd|LCD_RS             ; 2       ;
; Top_LCD:u_lcd_display|LCD_Controller:u_lcd|LCD_EN             ; 2       ;
; Top_LCD:u_lcd_display|LCD_Controller:u_lcd|LCD_DATA[7]        ; 2       ;
; Top_LCD:u_lcd_display|LCD_Controller:u_lcd|LCD_DATA[6]        ; 2       ;
; Lock_Controller:u_control|debounce_timer[14]                  ; 2       ;
; Lock_Controller:u_control|debounce_timer[13]                  ; 2       ;
; Lock_Controller:u_control|debounce_timer[12]                  ; 2       ;
; Lock_Controller:u_control|debounce_timer[11]                  ; 2       ;
; Lock_Controller:u_control|debounce_timer[9]                   ; 2       ;
; Lock_Controller:u_control|debounce_timer[8]                   ; 2       ;
; Lock_Controller:u_control|debounce_timer[7]                   ; 2       ;
; Lock_Controller:u_control|debounce_timer[6]                   ; 2       ;
; Lock_Controller:u_control|debounce_timer[10]                  ; 2       ;
; Lock_Controller:u_control|debounce_timer[23]                  ; 2       ;
; Lock_Controller:u_control|debounce_timer[15]                  ; 2       ;
; Lock_Controller:u_control|debounce_timer[17]                  ; 2       ;
; Lock_Controller:u_control|debounce_timer[22]                  ; 2       ;
; Lock_Controller:u_control|debounce_timer[21]                  ; 2       ;
; Lock_Controller:u_control|debounce_timer[20]                  ; 2       ;
; Lock_Controller:u_control|debounce_timer[19]                  ; 2       ;
; Lock_Controller:u_control|debounce_timer[18]                  ; 2       ;
; Top_LCD:u_lcd_display|LCD_Controller:u_lcd|clk_count[15]      ; 2       ;
; Top_LCD:u_lcd_display|LCD_Controller:u_lcd|clk_count[14]      ; 2       ;
; Top_LCD:u_lcd_display|LCD_Controller:u_lcd|clk_count[13]      ; 2       ;
; Top_LCD:u_lcd_display|LCD_Controller:u_lcd|clk_count[8]       ; 2       ;
; Top_LCD:u_lcd_display|LCD_Controller:u_lcd|clk_count[7]       ; 2       ;
; Top_LCD:u_lcd_display|LCD_Controller:u_lcd|clk_count[6]       ; 2       ;
; Top_LCD:u_lcd_display|LCD_Controller:u_lcd|clk_count[5]       ; 2       ;
; Top_LCD:u_lcd_display|LCD_Controller:u_lcd|clk_count[4]       ; 2       ;
; Top_LCD:u_lcd_display|LCD_Controller:u_lcd|clk_count[3]       ; 2       ;
; Top_LCD:u_lcd_display|LCD_Controller:u_lcd|clk_count[12]      ; 2       ;
; Top_LCD:u_lcd_display|LCD_Controller:u_lcd|clk_count[11]      ; 2       ;
; Top_LCD:u_lcd_display|LCD_Controller:u_lcd|clk_count[10]      ; 2       ;
; Top_LCD:u_lcd_display|LCD_Controller:u_lcd|clk_count[9]       ; 2       ;
; Top_LCD:u_lcd_display|line1_buffer[0][6]~feeder               ; 1       ;
; Top_LCD:u_lcd_display|line1_buffer[3][6]~10                   ; 1       ;
; Top_LCD:u_lcd_display|line2_buffer[6][4]~30                   ; 1       ;
; Top_LCD:u_lcd_display|line1_buffer[1][2]~8                    ; 1       ;
; Top_LCD:u_lcd_display|line1_buffer[4][1]~6                    ; 1       ;
; Top_LCD:u_lcd_display|line1_buffer[0][1]~5                    ; 1       ;
; Top_LCD:u_lcd_display|line1_buffer[0][0]~3                    ; 1       ;
; Top_LCD:u_lcd_display|LCD_Controller:u_lcd|state.INIT_HOLD~0  ; 1       ;
; keypad_scanner:u_scanner|row[3]~2                             ; 1       ;
; keypad_scanner:u_scanner|row[2]~1                             ; 1       ;
; keypad_scanner:u_scanner|row[1]~0                             ; 1       ;
; Top_LCD:u_lcd_display|Mux7~16                                 ; 1       ;
; Top_LCD:u_lcd_display|Mux7~15                                 ; 1       ;
; Top_LCD:u_lcd_display|Selector2~1                             ; 1       ;
; Top_LCD:u_lcd_display|Selector2~0                             ; 1       ;
; keypad_scanner:u_scanner|Selector0~9                          ; 1       ;
; keypad_scanner:u_scanner|Selector0~8                          ; 1       ;
; keypad_scanner:u_scanner|Selector2~7                          ; 1       ;
; keypad_scanner:u_scanner|Selector2~6                          ; 1       ;
; Lock_Controller:u_control|state~38                            ; 1       ;
; Top_LCD:u_lcd_display|Selector9~3                             ; 1       ;
; Top_LCD:u_lcd_display|Mux14~5                                 ; 1       ;
; keypad_scanner:u_scanner|Selector6~3                          ; 1       ;
; Lock_Controller:u_control|Add3~88                             ; 1       ;
; Lock_Controller:u_control|Add3~87                             ; 1       ;
; Lock_Controller:u_control|Add3~86                             ; 1       ;
; Lock_Controller:u_control|Add3~85                             ; 1       ;
; Lock_Controller:u_control|Add3~84                             ; 1       ;
; Lock_Controller:u_control|Add3~83                             ; 1       ;
; Lock_Controller:u_control|Add3~82                             ; 1       ;
; keypad_scanner:u_scanner|valid                                ; 1       ;
; Lock_Controller:u_control|entered_pass~22                     ; 1       ;
; Lock_Controller:u_control|entered_pass~21                     ; 1       ;
; Lock_Controller:u_control|entered_pass~20                     ; 1       ;
; Lock_Controller:u_control|entered_pass~19                     ; 1       ;
; Lock_Controller:u_control|state~37                            ; 1       ;
; Lock_Controller:u_control|state~36                            ; 1       ;
; Lock_Controller:u_control|Add3~81                             ; 1       ;
; Lock_Controller:u_control|Add3~80                             ; 1       ;
; Lock_Controller:u_control|Add3~79                             ; 1       ;
; Lock_Controller:u_control|Add3~78                             ; 1       ;
; Lock_Controller:u_control|Add3~77                             ; 1       ;
; Lock_Controller:u_control|Add3~76                             ; 1       ;
; Lock_Controller:u_control|Add3~75                             ; 1       ;
; Lock_Controller:u_control|Add3~74                             ; 1       ;
; Lock_Controller:u_control|Add3~73                             ; 1       ;
; Lock_Controller:u_control|Add3~72                             ; 1       ;
; Lock_Controller:u_control|Add3~71                             ; 1       ;
; Lock_Controller:u_control|Add3~70                             ; 1       ;
; Lock_Controller:u_control|Add3~69                             ; 1       ;
; Lock_Controller:u_control|Add3~68                             ; 1       ;
; Lock_Controller:u_control|Add3~67                             ; 1       ;
; Lock_Controller:u_control|delay_timer[29]~4                   ; 1       ;
; Lock_Controller:u_control|Add3~64                             ; 1       ;
; Lock_Controller:u_control|Add3~63                             ; 1       ;
; Lock_Controller:u_control|Add3~62                             ; 1       ;
; Lock_Controller:u_control|Add3~61                             ; 1       ;
; Lock_Controller:u_control|Add3~60                             ; 1       ;
; Lock_Controller:u_control|Add3~59                             ; 1       ;
; Lock_Controller:u_control|delay_timer[10]~2                   ; 1       ;
; Lock_Controller:u_control|Add3~58                             ; 1       ;
; Lock_Controller:u_control|delay_timer[0]                      ; 1       ;
; Lock_Controller:u_control|delay_timer[1]                      ; 1       ;
; Lock_Controller:u_control|delay_timer[2]                      ; 1       ;
; Lock_Controller:u_control|delay_timer[3]                      ; 1       ;
; Lock_Controller:u_control|delay_timer[4]                      ; 1       ;
; Lock_Controller:u_control|delay_timer[5]                      ; 1       ;
; Lock_Controller:u_control|delay_timer[6]                      ; 1       ;
; Lock_Controller:u_control|input_locked~7                      ; 1       ;
; Lock_Controller:u_control|input_locked~6                      ; 1       ;
; Lock_Controller:u_control|input_locked~5                      ; 1       ;
; Lock_Controller:u_control|input_locked~4                      ; 1       ;
; Lock_Controller:u_control|input_locked~3                      ; 1       ;
; Lock_Controller:u_control|input_locked~2                      ; 1       ;
; Lock_Controller:u_control|input_locked~0                      ; 1       ;
; Lock_Controller:u_control|valid_sync1                         ; 1       ;
; Lock_Controller:u_control|state~35                            ; 1       ;
; Lock_Controller:u_control|state~34                            ; 1       ;
; Lock_Controller:u_control|digit_count[1]~8                    ; 1       ;
; Lock_Controller:u_control|digit_count[0]~7                    ; 1       ;
; Lock_Controller:u_control|digit_count[2]~6                    ; 1       ;
; Lock_Controller:u_control|Add1~0                              ; 1       ;
; Lock_Controller:u_control|digit_count[0]~3                    ; 1       ;
; Lock_Controller:u_control|digit_count[0]~2                    ; 1       ;
; Lock_Controller:u_control|state~33                            ; 1       ;
; Lock_Controller:u_control|state~31                            ; 1       ;
; Lock_Controller:u_control|state~30                            ; 1       ;
; Lock_Controller:u_control|state~29                            ; 1       ;
; Lock_Controller:u_control|entered_pass~18                     ; 1       ;
; Lock_Controller:u_control|entered_pass~17                     ; 1       ;
; Lock_Controller:u_control|entered_pass[15]                    ; 1       ;
; Lock_Controller:u_control|entered_pass[14]                    ; 1       ;
; Lock_Controller:u_control|entered_pass~16                     ; 1       ;
; Lock_Controller:u_control|entered_pass~15                     ; 1       ;
; Lock_Controller:u_control|entered_pass[13]                    ; 1       ;
; Lock_Controller:u_control|entered_pass[12]                    ; 1       ;
; Lock_Controller:u_control|entered_pass~14                     ; 1       ;
; Lock_Controller:u_control|entered_pass~13                     ; 1       ;
; Lock_Controller:u_control|entered_pass~12                     ; 1       ;
; Lock_Controller:u_control|entered_pass~11                     ; 1       ;
; Lock_Controller:u_control|entered_pass~10                     ; 1       ;
; Lock_Controller:u_control|entered_pass~9                      ; 1       ;
; Lock_Controller:u_control|entered_pass~8                      ; 1       ;
; Lock_Controller:u_control|entered_pass[4]~6                   ; 1       ;
; Lock_Controller:u_control|entered_pass[4]~5                   ; 1       ;
; Lock_Controller:u_control|entered_pass[4]~4                   ; 1       ;
; Lock_Controller:u_control|lcd_status[0]~12                    ; 1       ;
; Lock_Controller:u_control|entered_pass~3                      ; 1       ;
; Lock_Controller:u_control|state~28                            ; 1       ;
; Lock_Controller:u_control|state~26                            ; 1       ;
; Lock_Controller:u_control|state~24                            ; 1       ;
; Lock_Controller:u_control|state~21                            ; 1       ;
; Lock_Controller:u_control|wrong_count~6                       ; 1       ;
; Lock_Controller:u_control|wrong_count~5                       ; 1       ;
; Lock_Controller:u_control|wrong_count~3                       ; 1       ;
; Top_LCD:u_lcd_display|Add2~1                                  ; 1       ;
; Top_LCD:u_lcd_display|digit_count~0                           ; 1       ;
; Lock_Controller:u_control|update_digit~5                      ; 1       ;
; Lock_Controller:u_control|update_digit~4                      ; 1       ;
; keypad_scanner:u_scanner|Selector1~6                          ; 1       ;
; keypad_scanner:u_scanner|Selector1~5                          ; 1       ;
; keypad_scanner:u_scanner|WideOr0~0                            ; 1       ;
; keypad_scanner:u_scanner|Selector1~4                          ; 1       ;
; keypad_scanner:u_scanner|Selector1~3                          ; 1       ;
; keypad_scanner:u_scanner|Selector1~2                          ; 1       ;
; keypad_scanner:u_scanner|Selector2~5                          ; 1       ;
; keypad_scanner:u_scanner|Selector2~4                          ; 1       ;
; keypad_scanner:u_scanner|Selector2~3                          ; 1       ;
; keypad_scanner:u_scanner|Selector2~2                          ; 1       ;
; keypad_scanner:u_scanner|Selector2~1                          ; 1       ;
; keypad_scanner:u_scanner|Selector0~6                          ; 1       ;
; keypad_scanner:u_scanner|Selector3~6                          ; 1       ;
; keypad_scanner:u_scanner|Selector3~5                          ; 1       ;
; keypad_scanner:u_scanner|Selector3~4                          ; 1       ;
; keypad_scanner:u_scanner|Selector3~3                          ; 1       ;
; keypad_scanner:u_scanner|Selector3~2                          ; 1       ;
; keypad_scanner:u_scanner|Selector3~1                          ; 1       ;
; keypad_scanner:u_scanner|Selector3~0                          ; 1       ;
; keypad_scanner:u_scanner|Mux9~1                               ; 1       ;
; keypad_scanner:u_scanner|Mux9~0                               ; 1       ;
; Top_LCD:u_lcd_display|Add2~0                                  ; 1       ;
; Lock_Controller:u_control|update_status~2                     ; 1       ;
; Lock_Controller:u_control|update_status~1                     ; 1       ;
; Lock_Controller:u_control|update_status~0                     ; 1       ;
; Lock_Controller:u_control|lcd_status~11                       ; 1       ;
; Lock_Controller:u_control|lcd_status~10                       ; 1       ;
; Lock_Controller:u_control|lcd_status~9                        ; 1       ;
; Lock_Controller:u_control|LessThan4~6                         ; 1       ;
; Lock_Controller:u_control|LessThan4~5                         ; 1       ;
; Lock_Controller:u_control|LessThan4~4                         ; 1       ;
; Lock_Controller:u_control|LessThan4~3                         ; 1       ;
; Lock_Controller:u_control|LessThan4~2                         ; 1       ;
; Lock_Controller:u_control|LessThan4~1                         ; 1       ;
; Lock_Controller:u_control|lcd_status[0]~5                     ; 1       ;
; Lock_Controller:u_control|LessThan5~6                         ; 1       ;
; Lock_Controller:u_control|LessThan5~5                         ; 1       ;
; Lock_Controller:u_control|LessThan5~4                         ; 1       ;
; Lock_Controller:u_control|LessThan5~3                         ; 1       ;
; Lock_Controller:u_control|LessThan5~2                         ; 1       ;
; Lock_Controller:u_control|LessThan5~1                         ; 1       ;
; Lock_Controller:u_control|LessThan5~0                         ; 1       ;
; Lock_Controller:u_control|lcd_status[0]~4                     ; 1       ;
; Lock_Controller:u_control|lcd_status[0]~1                     ; 1       ;
; Lock_Controller:u_control|delay_timer[10]~0                   ; 1       ;
; Lock_Controller:u_control|lcd_status~0                        ; 1       ;
; Lock_Controller:u_control|Equal1~9                            ; 1       ;
; Lock_Controller:u_control|saved_pass[15]                      ; 1       ;
; Lock_Controller:u_control|saved_pass[14]                      ; 1       ;
; Lock_Controller:u_control|Equal1~8                            ; 1       ;
; Lock_Controller:u_control|saved_pass[13]                      ; 1       ;
; Lock_Controller:u_control|saved_pass[12]                      ; 1       ;
; Lock_Controller:u_control|Equal1~7                            ; 1       ;
; Lock_Controller:u_control|Equal1~6                            ; 1       ;
; Lock_Controller:u_control|saved_pass[11]                      ; 1       ;
; Lock_Controller:u_control|saved_pass[10]                      ; 1       ;
; Lock_Controller:u_control|Equal1~5                            ; 1       ;
; Lock_Controller:u_control|saved_pass[9]                       ; 1       ;
; Lock_Controller:u_control|saved_pass[8]                       ; 1       ;
; Lock_Controller:u_control|Equal1~4                            ; 1       ;
; Lock_Controller:u_control|Equal1~3                            ; 1       ;
; Lock_Controller:u_control|saved_pass[7]                       ; 1       ;
; Lock_Controller:u_control|saved_pass[6]                       ; 1       ;
; Lock_Controller:u_control|Equal1~2                            ; 1       ;
; Lock_Controller:u_control|saved_pass[5]                       ; 1       ;
; Lock_Controller:u_control|saved_pass[4]                       ; 1       ;
; Lock_Controller:u_control|Equal1~1                            ; 1       ;
; Lock_Controller:u_control|saved_pass[3]                       ; 1       ;
; Lock_Controller:u_control|saved_pass[2]                       ; 1       ;
; Lock_Controller:u_control|Equal1~0                            ; 1       ;
; Lock_Controller:u_control|saved_pass[0]                       ; 1       ;
; Lock_Controller:u_control|saved_pass[1]                       ; 1       ;
; Top_LCD:u_lcd_display|LCD_Controller:u_lcd|oReady~0           ; 1       ;
; Top_LCD:u_lcd_display|refresh_tick~0                          ; 1       ;
; Top_LCD:u_lcd_display|Selector0~3                             ; 1       ;
; Top_LCD:u_lcd_display|Selector0~2                             ; 1       ;
; Top_LCD:u_lcd_display|Selector0~1                             ; 1       ;
; Top_LCD:u_lcd_display|Selector3~1                             ; 1       ;
; Top_LCD:u_lcd_display|WideOr7~0                               ; 1       ;
; Top_LCD:u_lcd_display|line2_buffer~23                         ; 1       ;
; Top_LCD:u_lcd_display|line2_buffer~22                         ; 1       ;
; Top_LCD:u_lcd_display|line2_buffer~21                         ; 1       ;
; Top_LCD:u_lcd_display|line2_buffer[6][5]~20                   ; 1       ;
; Top_LCD:u_lcd_display|line2_buffer~19                         ; 1       ;
; Top_LCD:u_lcd_display|line2_buffer~18                         ; 1       ;
; Top_LCD:u_lcd_display|WideOr2~0                               ; 1       ;
; Top_LCD:u_lcd_display|WideOr4~0                               ; 1       ;
; Top_LCD:u_lcd_display|line2_buffer~16                         ; 1       ;
; Top_LCD:u_lcd_display|WideOr1~0                               ; 1       ;
; Top_LCD:u_lcd_display|Decoder1~3                              ; 1       ;
; Top_LCD:u_lcd_display|Decoder1~2                              ; 1       ;
; Top_LCD:u_lcd_display|WideOr6~0                               ; 1       ;
; Top_LCD:u_lcd_display|WideOr3~0                               ; 1       ;
; Top_LCD:u_lcd_display|line2_buffer~7                          ; 1       ;
; Top_LCD:u_lcd_display|line1_buffer~2                          ; 1       ;
; Top_LCD:u_lcd_display|Decoder3~0                              ; 1       ;
; Top_LCD:u_lcd_display|line1_buffer~1                          ; 1       ;
; Top_LCD:u_lcd_display|WideOr5~0                               ; 1       ;
; Top_LCD:u_lcd_display|Decoder1~0                              ; 1       ;
; Top_LCD:u_lcd_display|Selector9~2                             ; 1       ;
; Top_LCD:u_lcd_display|Selector1~1                             ; 1       ;
; Top_LCD:u_lcd_display|Selector1~0                             ; 1       ;
; Top_LCD:u_lcd_display|char_idx[0]~7                           ; 1       ;
; clk_divider:u_clk_div|count~1                                 ; 1       ;
; clk_divider:u_clk_div|count~0                                 ; 1       ;
; Top_LCD:u_lcd_display|LCD_Controller:u_lcd|Selector12~1       ; 1       ;
; Top_LCD:u_lcd_display|LCD_Controller:u_lcd|state.SEND_HOLD    ; 1       ;
; Top_LCD:u_lcd_display|LCD_Controller:u_lcd|Selector12~0       ; 1       ;
; Top_LCD:u_lcd_display|Mux9~2                                  ; 1       ;
; Top_LCD:u_lcd_display|Mux9~1                                  ; 1       ;
; Top_LCD:u_lcd_display|line2_buffer[8][6]                      ; 1       ;
; Top_LCD:u_lcd_display|line2_buffer[9][6]                      ; 1       ;
; Top_LCD:u_lcd_display|Mux9~0                                  ; 1       ;
; Top_LCD:u_lcd_display|line2_buffer[6][6]                      ; 1       ;
; Top_LCD:u_lcd_display|line2_buffer[7][6]                      ; 1       ;
; Top_LCD:u_lcd_display|Mux7~14                                 ; 1       ;
; Top_LCD:u_lcd_display|Mux7~13                                 ; 1       ;
; Top_LCD:u_lcd_display|Mux7~12                                 ; 1       ;
; Top_LCD:u_lcd_display|line1_buffer[4][6]                      ; 1       ;
; Top_LCD:u_lcd_display|line1_buffer[3][6]                      ; 1       ;
; Top_LCD:u_lcd_display|lcd_data_in~20                          ; 1       ;
; Top_LCD:u_lcd_display|lcd_data_in~19                          ; 1       ;
; Top_LCD:u_lcd_display|lcd_data_in~17                          ; 1       ;
; Top_LCD:u_lcd_display|Mux11~2                                 ; 1       ;
; Top_LCD:u_lcd_display|Mux11~1                                 ; 1       ;
; Top_LCD:u_lcd_display|Mux11~0                                 ; 1       ;
; Top_LCD:u_lcd_display|line2_buffer[8][4]                      ; 1       ;
; Top_LCD:u_lcd_display|line2_buffer[9][4]                      ; 1       ;
; Top_LCD:u_lcd_display|line2_buffer[6][4]                      ; 1       ;
; Top_LCD:u_lcd_display|line2_buffer[7][4]                      ; 1       ;
; Top_LCD:u_lcd_display|Mux7~11                                 ; 1       ;
; Top_LCD:u_lcd_display|lcd_data_in~16                          ; 1       ;
; Top_LCD:u_lcd_display|lcd_data_in~15                          ; 1       ;
; Top_LCD:u_lcd_display|lcd_data_in~14                          ; 1       ;
; Top_LCD:u_lcd_display|line1_buffer[1][3]                      ; 1       ;
; Top_LCD:u_lcd_display|lcd_data_in~13                          ; 1       ;
; Top_LCD:u_lcd_display|line1_buffer[0][3]                      ; 1       ;
; Top_LCD:u_lcd_display|line1_buffer[2][3]                      ; 1       ;
; Top_LCD:u_lcd_display|lcd_data_in~12                          ; 1       ;
; Top_LCD:u_lcd_display|lcd_data_in~11                          ; 1       ;
; Top_LCD:u_lcd_display|Mux12~1                                 ; 1       ;
; Top_LCD:u_lcd_display|line2_buffer[6][3]                      ; 1       ;
; Top_LCD:u_lcd_display|line2_buffer[8][3]                      ; 1       ;
; Top_LCD:u_lcd_display|Mux12~0                                 ; 1       ;
; Top_LCD:u_lcd_display|line2_buffer[7][3]                      ; 1       ;
; Top_LCD:u_lcd_display|line2_buffer[9][3]                      ; 1       ;
; Top_LCD:u_lcd_display|lcd_data_in~10                          ; 1       ;
; Top_LCD:u_lcd_display|lcd_data_in~9                           ; 1       ;
; Top_LCD:u_lcd_display|lcd_data_in~7                           ; 1       ;
; Top_LCD:u_lcd_display|Mux13~1                                 ; 1       ;
; Top_LCD:u_lcd_display|line2_buffer[9][2]                      ; 1       ;
; Top_LCD:u_lcd_display|Mux13~0                                 ; 1       ;
; Top_LCD:u_lcd_display|line2_buffer[6][2]                      ; 1       ;
; Top_LCD:u_lcd_display|line2_buffer[7][2]                      ; 1       ;
; Top_LCD:u_lcd_display|line2_buffer[8][2]                      ; 1       ;
; Top_LCD:u_lcd_display|lcd_data_in~6                           ; 1       ;
; Top_LCD:u_lcd_display|lcd_data_in~5                           ; 1       ;
; Top_LCD:u_lcd_display|line1_buffer[0][2]                      ; 1       ;
; Top_LCD:u_lcd_display|line1_buffer[1][2]                      ; 1       ;
; Top_LCD:u_lcd_display|line1_buffer[2][2]                      ; 1       ;
; Top_LCD:u_lcd_display|Mux14~4                                 ; 1       ;
; Top_LCD:u_lcd_display|Mux14~3                                 ; 1       ;
; Top_LCD:u_lcd_display|line2_buffer[8][1]                      ; 1       ;
; Top_LCD:u_lcd_display|line2_buffer[9][1]                      ; 1       ;
; Top_LCD:u_lcd_display|Mux14~2                                 ; 1       ;
; Top_LCD:u_lcd_display|line2_buffer[6][1]                      ; 1       ;
; Top_LCD:u_lcd_display|line2_buffer[7][1]                      ; 1       ;
; Top_LCD:u_lcd_display|Mux7~10                                 ; 1       ;
; Top_LCD:u_lcd_display|Mux7~9                                  ; 1       ;
; Top_LCD:u_lcd_display|line1_buffer[4][1]                      ; 1       ;
; Top_LCD:u_lcd_display|Mux7~7                                  ; 1       ;
; Top_LCD:u_lcd_display|Mux7~6                                  ; 1       ;
; Top_LCD:u_lcd_display|line1_buffer[0][1]                      ; 1       ;
; Top_LCD:u_lcd_display|line1_buffer[1][1]                      ; 1       ;
; Top_LCD:u_lcd_display|LCD_Controller:u_lcd|Selector10~0       ; 1       ;
; Top_LCD:u_lcd_display|LCD_Controller:u_lcd|state.SET_POS_HOLD ; 1       ;
; Top_LCD:u_lcd_display|Mux15~4                                 ; 1       ;
; Top_LCD:u_lcd_display|Mux15~3                                 ; 1       ;
; Top_LCD:u_lcd_display|Mux15~2                                 ; 1       ;
; Top_LCD:u_lcd_display|line2_buffer[8][0]                      ; 1       ;
; Top_LCD:u_lcd_display|line2_buffer[9][0]                      ; 1       ;
; Top_LCD:u_lcd_display|line2_buffer[6][0]                      ; 1       ;
; Top_LCD:u_lcd_display|line2_buffer[7][0]                      ; 1       ;
; Top_LCD:u_lcd_display|Mux7~5                                  ; 1       ;
; Top_LCD:u_lcd_display|Mux7~4                                  ; 1       ;
; Top_LCD:u_lcd_display|Mux7~3                                  ; 1       ;
; Top_LCD:u_lcd_display|Mux7~2                                  ; 1       ;
; Top_LCD:u_lcd_display|line1_buffer[3][0]                      ; 1       ;
; Top_LCD:u_lcd_display|Mux7~1                                  ; 1       ;
; Top_LCD:u_lcd_display|line1_buffer[1][0]                      ; 1       ;
; Top_LCD:u_lcd_display|line1_buffer[8][6]                      ; 1       ;
; Top_LCD:u_lcd_display|LCD_Controller:u_lcd|state~21           ; 1       ;
; Top_LCD:u_lcd_display|LCD_Controller:u_lcd|count[1]~2         ; 1       ;
; Top_LCD:u_lcd_display|LCD_Controller:u_lcd|count[0]~1         ; 1       ;
; Top_LCD:u_lcd_display|LCD_Controller:u_lcd|count[2]~0         ; 1       ;
; Top_LCD:u_lcd_display|LCD_Controller:u_lcd|clk_1k~0           ; 1       ;
; Top_LCD:u_lcd_display|LCD_Controller:u_lcd|LessThan0~2        ; 1       ;
; Top_LCD:u_lcd_display|LCD_Controller:u_lcd|LessThan0~1        ; 1       ;
; Top_LCD:u_lcd_display|LCD_Controller:u_lcd|LessThan0~0        ; 1       ;
; keypad_scanner:u_scanner|Selector7~0                          ; 1       ;
; keypad_scanner:u_scanner|Selector5~0                          ; 1       ;
; clk_divider:u_clk_div|clk_out~0                               ; 1       ;
; clk_divider:u_clk_div|Equal0~3                                ; 1       ;
; clk_divider:u_clk_div|Equal0~2                                ; 1       ;
; clk_divider:u_clk_div|Equal0~1                                ; 1       ;
; clk_divider:u_clk_div|Equal0~0                                ; 1       ;
; keypad_scanner:u_scanner|Selector4~0                          ; 1       ;
; Top_LCD:u_lcd_display|LCD_Controller:u_lcd|Selector9~0        ; 1       ;
; Top_LCD:u_lcd_display|LCD_Controller:u_lcd|Selector8~0        ; 1       ;
; Top_LCD:u_lcd_display|LCD_Controller:u_lcd|Selector0~0        ; 1       ;
; Top_LCD:u_lcd_display|LCD_Controller:u_lcd|Selector1~1        ; 1       ;
; Top_LCD:u_lcd_display|LCD_Controller:u_lcd|Selector1~0        ; 1       ;
; Top_LCD:u_lcd_display|lcd_row                                 ; 1       ;
; Top_LCD:u_lcd_display|LCD_Controller:u_lcd|Selector2~0        ; 1       ;
; Top_LCD:u_lcd_display|lcd_data_in[5]                          ; 1       ;
; Top_LCD:u_lcd_display|LCD_Controller:u_lcd|Selector3~0        ; 1       ;
; Top_LCD:u_lcd_display|lcd_data_in[3]                          ; 1       ;
; Top_LCD:u_lcd_display|lcd_col[3]                              ; 1       ;
; Top_LCD:u_lcd_display|LCD_Controller:u_lcd|WideOr0~0          ; 1       ;
; Top_LCD:u_lcd_display|lcd_data_in[2]                          ; 1       ;
; Top_LCD:u_lcd_display|lcd_col[2]                              ; 1       ;
; Top_LCD:u_lcd_display|LCD_Controller:u_lcd|Decoder2~0         ; 1       ;
; Top_LCD:u_lcd_display|lcd_col[1]                              ; 1       ;
; Top_LCD:u_lcd_display|LCD_Controller:u_lcd|Decoder1~1         ; 1       ;
; Top_LCD:u_lcd_display|lcd_col[0]                              ; 1       ;
; Top_LCD:u_lcd_display|LCD_Controller:u_lcd|Decoder1~0         ; 1       ;
; Top_LCD:u_lcd_display|LCD_Controller:u_lcd|clk_1k             ; 1       ;
; clk_divider:u_clk_div|clk_out                                 ; 1       ;
; Top_LCD:u_lcd_display|LCD_Controller:u_lcd|LCD_DATA[5]        ; 1       ;
; Top_LCD:u_lcd_display|LCD_Controller:u_lcd|LCD_DATA[4]        ; 1       ;
; keypad_scanner:u_scanner|row[3]                               ; 1       ;
; keypad_scanner:u_scanner|row[2]                               ; 1       ;
; keypad_scanner:u_scanner|row[1]                               ; 1       ;
; keypad_scanner:u_scanner|row[0]                               ; 1       ;
; Lock_Controller:u_control|debounce_timer[24]~73               ; 1       ;
; Lock_Controller:u_control|debounce_timer[23]~72               ; 1       ;
; Lock_Controller:u_control|debounce_timer[23]~71               ; 1       ;
; Lock_Controller:u_control|debounce_timer[22]~70               ; 1       ;
; Lock_Controller:u_control|debounce_timer[22]~69               ; 1       ;
; Lock_Controller:u_control|debounce_timer[21]~68               ; 1       ;
; Lock_Controller:u_control|debounce_timer[21]~67               ; 1       ;
; Lock_Controller:u_control|debounce_timer[20]~66               ; 1       ;
; Lock_Controller:u_control|debounce_timer[20]~65               ; 1       ;
; Lock_Controller:u_control|debounce_timer[19]~64               ; 1       ;
; Lock_Controller:u_control|debounce_timer[19]~63               ; 1       ;
; Lock_Controller:u_control|debounce_timer[18]~62               ; 1       ;
; Lock_Controller:u_control|debounce_timer[18]~61               ; 1       ;
; Lock_Controller:u_control|debounce_timer[17]~60               ; 1       ;
; Lock_Controller:u_control|debounce_timer[17]~59               ; 1       ;
; Lock_Controller:u_control|debounce_timer[16]~58               ; 1       ;
; Lock_Controller:u_control|debounce_timer[16]~57               ; 1       ;
; Lock_Controller:u_control|debounce_timer[15]~56               ; 1       ;
; Lock_Controller:u_control|debounce_timer[15]~55               ; 1       ;
; Lock_Controller:u_control|debounce_timer[14]~54               ; 1       ;
; Lock_Controller:u_control|debounce_timer[14]~53               ; 1       ;
; Lock_Controller:u_control|debounce_timer[13]~52               ; 1       ;
; Lock_Controller:u_control|debounce_timer[13]~51               ; 1       ;
; Lock_Controller:u_control|debounce_timer[12]~50               ; 1       ;
; Lock_Controller:u_control|debounce_timer[12]~49               ; 1       ;
; Lock_Controller:u_control|debounce_timer[11]~48               ; 1       ;
; Lock_Controller:u_control|debounce_timer[11]~47               ; 1       ;
; Lock_Controller:u_control|debounce_timer[10]~46               ; 1       ;
; Lock_Controller:u_control|debounce_timer[10]~45               ; 1       ;
; Lock_Controller:u_control|debounce_timer[9]~44                ; 1       ;
; Lock_Controller:u_control|debounce_timer[9]~43                ; 1       ;
; Lock_Controller:u_control|debounce_timer[8]~42                ; 1       ;
; Lock_Controller:u_control|debounce_timer[8]~41                ; 1       ;
; Lock_Controller:u_control|debounce_timer[7]~40                ; 1       ;
; Lock_Controller:u_control|debounce_timer[7]~39                ; 1       ;
; Lock_Controller:u_control|debounce_timer[6]~38                ; 1       ;
; Lock_Controller:u_control|debounce_timer[6]~37                ; 1       ;
; Lock_Controller:u_control|debounce_timer[5]~36                ; 1       ;
; Lock_Controller:u_control|debounce_timer[5]~35                ; 1       ;
; Lock_Controller:u_control|debounce_timer[4]~34                ; 1       ;
; Lock_Controller:u_control|debounce_timer[4]~33                ; 1       ;
; Lock_Controller:u_control|debounce_timer[3]~32                ; 1       ;
; Lock_Controller:u_control|debounce_timer[3]~31                ; 1       ;
; Lock_Controller:u_control|debounce_timer[2]~30                ; 1       ;
; Lock_Controller:u_control|debounce_timer[2]~29                ; 1       ;
; Lock_Controller:u_control|debounce_timer[1]~28                ; 1       ;
; Lock_Controller:u_control|debounce_timer[1]~27                ; 1       ;
; Lock_Controller:u_control|debounce_timer[0]~26                ; 1       ;
; Lock_Controller:u_control|debounce_timer[0]~25                ; 1       ;
; Lock_Controller:u_control|debounce_timer[0]                   ; 1       ;
; Lock_Controller:u_control|debounce_timer[1]                   ; 1       ;
; Lock_Controller:u_control|debounce_timer[2]                   ; 1       ;
; Lock_Controller:u_control|debounce_timer[3]                   ; 1       ;
; Lock_Controller:u_control|debounce_timer[4]                   ; 1       ;
; Lock_Controller:u_control|debounce_timer[5]                   ; 1       ;
; Lock_Controller:u_control|Add3~65                             ; 1       ;
; Lock_Controller:u_control|Add3~57                             ; 1       ;
; Lock_Controller:u_control|Add3~56                             ; 1       ;
; Lock_Controller:u_control|Add3~55                             ; 1       ;
; Lock_Controller:u_control|Add3~54                             ; 1       ;
; Lock_Controller:u_control|Add3~53                             ; 1       ;
; Lock_Controller:u_control|Add3~52                             ; 1       ;
; Lock_Controller:u_control|Add3~51                             ; 1       ;
; Lock_Controller:u_control|Add3~50                             ; 1       ;
; Lock_Controller:u_control|Add3~49                             ; 1       ;
; Lock_Controller:u_control|Add3~48                             ; 1       ;
; Lock_Controller:u_control|Add3~47                             ; 1       ;
; Lock_Controller:u_control|Add3~46                             ; 1       ;
; Lock_Controller:u_control|Add3~45                             ; 1       ;
; Lock_Controller:u_control|Add3~44                             ; 1       ;
; Lock_Controller:u_control|Add3~43                             ; 1       ;
; Lock_Controller:u_control|Add3~42                             ; 1       ;
; Lock_Controller:u_control|Add3~41                             ; 1       ;
; Lock_Controller:u_control|Add3~40                             ; 1       ;
; Lock_Controller:u_control|Add3~39                             ; 1       ;
; Lock_Controller:u_control|Add3~38                             ; 1       ;
; Lock_Controller:u_control|Add3~37                             ; 1       ;
; Lock_Controller:u_control|Add3~36                             ; 1       ;
; Lock_Controller:u_control|Add3~35                             ; 1       ;
; Lock_Controller:u_control|Add3~34                             ; 1       ;
; Lock_Controller:u_control|Add3~33                             ; 1       ;
; Lock_Controller:u_control|Add3~32                             ; 1       ;
; Lock_Controller:u_control|Add3~31                             ; 1       ;
; Lock_Controller:u_control|Add3~30                             ; 1       ;
; Lock_Controller:u_control|Add3~29                             ; 1       ;
; Lock_Controller:u_control|Add3~28                             ; 1       ;
; Lock_Controller:u_control|Add3~27                             ; 1       ;
; Lock_Controller:u_control|Add3~26                             ; 1       ;
; Lock_Controller:u_control|Add3~25                             ; 1       ;
; Lock_Controller:u_control|Add3~24                             ; 1       ;
; Lock_Controller:u_control|Add3~23                             ; 1       ;
; Lock_Controller:u_control|Add3~22                             ; 1       ;
; Lock_Controller:u_control|Add3~21                             ; 1       ;
; Lock_Controller:u_control|Add3~20                             ; 1       ;
; Lock_Controller:u_control|Add3~19                             ; 1       ;
; Lock_Controller:u_control|Add3~18                             ; 1       ;
; Lock_Controller:u_control|Add3~17                             ; 1       ;
; Lock_Controller:u_control|Add3~16                             ; 1       ;
; Lock_Controller:u_control|Add3~15                             ; 1       ;
; Lock_Controller:u_control|Add3~14                             ; 1       ;
; Lock_Controller:u_control|Add3~13                             ; 1       ;
; Lock_Controller:u_control|Add3~12                             ; 1       ;
; Lock_Controller:u_control|Add3~11                             ; 1       ;
; Lock_Controller:u_control|Add3~10                             ; 1       ;
; Lock_Controller:u_control|Add3~9                              ; 1       ;
; Lock_Controller:u_control|Add3~8                              ; 1       ;
; Lock_Controller:u_control|Add3~7                              ; 1       ;
; Lock_Controller:u_control|Add3~6                              ; 1       ;
; Lock_Controller:u_control|Add3~5                              ; 1       ;
; Lock_Controller:u_control|Add3~4                              ; 1       ;
; Lock_Controller:u_control|Add3~3                              ; 1       ;
; Lock_Controller:u_control|Add3~2                              ; 1       ;
; Lock_Controller:u_control|Add3~1                              ; 1       ;
; Lock_Controller:u_control|Add3~0                              ; 1       ;
; Top_LCD:u_lcd_display|char_idx[4]~15                          ; 1       ;
; Top_LCD:u_lcd_display|char_idx[3]~14                          ; 1       ;
; Top_LCD:u_lcd_display|char_idx[3]~13                          ; 1       ;
; Top_LCD:u_lcd_display|char_idx[2]~12                          ; 1       ;
; Top_LCD:u_lcd_display|char_idx[2]~11                          ; 1       ;
; Top_LCD:u_lcd_display|char_idx[1]~10                          ; 1       ;
; Top_LCD:u_lcd_display|char_idx[1]~9                           ; 1       ;
; Top_LCD:u_lcd_display|char_idx[0]~6                           ; 1       ;
; Top_LCD:u_lcd_display|char_idx[0]~5                           ; 1       ;
; Top_LCD:u_lcd_display|LCD_Controller:u_lcd|clk_count[15]~46   ; 1       ;
; Top_LCD:u_lcd_display|LCD_Controller:u_lcd|clk_count[14]~45   ; 1       ;
; Top_LCD:u_lcd_display|LCD_Controller:u_lcd|clk_count[14]~44   ; 1       ;
; Top_LCD:u_lcd_display|LCD_Controller:u_lcd|clk_count[13]~43   ; 1       ;
; Top_LCD:u_lcd_display|LCD_Controller:u_lcd|clk_count[13]~42   ; 1       ;
; Top_LCD:u_lcd_display|LCD_Controller:u_lcd|clk_count[12]~41   ; 1       ;
; Top_LCD:u_lcd_display|LCD_Controller:u_lcd|clk_count[12]~40   ; 1       ;
; Top_LCD:u_lcd_display|LCD_Controller:u_lcd|clk_count[11]~39   ; 1       ;
; Top_LCD:u_lcd_display|LCD_Controller:u_lcd|clk_count[11]~38   ; 1       ;
; Top_LCD:u_lcd_display|LCD_Controller:u_lcd|clk_count[10]~37   ; 1       ;
; Top_LCD:u_lcd_display|LCD_Controller:u_lcd|clk_count[10]~36   ; 1       ;
; Top_LCD:u_lcd_display|LCD_Controller:u_lcd|clk_count[9]~35    ; 1       ;
; Top_LCD:u_lcd_display|LCD_Controller:u_lcd|clk_count[9]~34    ; 1       ;
; Top_LCD:u_lcd_display|LCD_Controller:u_lcd|clk_count[8]~33    ; 1       ;
; Top_LCD:u_lcd_display|LCD_Controller:u_lcd|clk_count[8]~32    ; 1       ;
; Top_LCD:u_lcd_display|LCD_Controller:u_lcd|clk_count[7]~31    ; 1       ;
; Top_LCD:u_lcd_display|LCD_Controller:u_lcd|clk_count[7]~30    ; 1       ;
; Top_LCD:u_lcd_display|LCD_Controller:u_lcd|clk_count[6]~29    ; 1       ;
; Top_LCD:u_lcd_display|LCD_Controller:u_lcd|clk_count[6]~28    ; 1       ;
; Top_LCD:u_lcd_display|LCD_Controller:u_lcd|clk_count[5]~27    ; 1       ;
; Top_LCD:u_lcd_display|LCD_Controller:u_lcd|clk_count[5]~26    ; 1       ;
; Top_LCD:u_lcd_display|LCD_Controller:u_lcd|clk_count[4]~25    ; 1       ;
; Top_LCD:u_lcd_display|LCD_Controller:u_lcd|clk_count[4]~24    ; 1       ;
; Top_LCD:u_lcd_display|LCD_Controller:u_lcd|clk_count[3]~23    ; 1       ;
; Top_LCD:u_lcd_display|LCD_Controller:u_lcd|clk_count[3]~22    ; 1       ;
; Top_LCD:u_lcd_display|LCD_Controller:u_lcd|clk_count[2]~21    ; 1       ;
; Top_LCD:u_lcd_display|LCD_Controller:u_lcd|clk_count[2]~20    ; 1       ;
; Top_LCD:u_lcd_display|LCD_Controller:u_lcd|clk_count[1]~19    ; 1       ;
; Top_LCD:u_lcd_display|LCD_Controller:u_lcd|clk_count[1]~18    ; 1       ;
; Top_LCD:u_lcd_display|LCD_Controller:u_lcd|clk_count[0]~17    ; 1       ;
; Top_LCD:u_lcd_display|LCD_Controller:u_lcd|clk_count[0]~16    ; 1       ;
; Top_LCD:u_lcd_display|LCD_Controller:u_lcd|clk_count[0]       ; 1       ;
; Top_LCD:u_lcd_display|LCD_Controller:u_lcd|clk_count[1]       ; 1       ;
; Top_LCD:u_lcd_display|LCD_Controller:u_lcd|clk_count[2]       ; 1       ;
; clk_divider:u_clk_div|Add0~30                                 ; 1       ;
; clk_divider:u_clk_div|Add0~29                                 ; 1       ;
; clk_divider:u_clk_div|Add0~28                                 ; 1       ;
; clk_divider:u_clk_div|Add0~27                                 ; 1       ;
; clk_divider:u_clk_div|Add0~26                                 ; 1       ;
; clk_divider:u_clk_div|Add0~25                                 ; 1       ;
; clk_divider:u_clk_div|Add0~24                                 ; 1       ;
; clk_divider:u_clk_div|Add0~23                                 ; 1       ;
; clk_divider:u_clk_div|Add0~22                                 ; 1       ;
; clk_divider:u_clk_div|Add0~21                                 ; 1       ;
; clk_divider:u_clk_div|Add0~20                                 ; 1       ;
; clk_divider:u_clk_div|Add0~19                                 ; 1       ;
; clk_divider:u_clk_div|Add0~18                                 ; 1       ;
; clk_divider:u_clk_div|Add0~17                                 ; 1       ;
; clk_divider:u_clk_div|Add0~16                                 ; 1       ;
; clk_divider:u_clk_div|Add0~15                                 ; 1       ;
; clk_divider:u_clk_div|Add0~14                                 ; 1       ;
; clk_divider:u_clk_div|Add0~13                                 ; 1       ;
; clk_divider:u_clk_div|Add0~12                                 ; 1       ;
; clk_divider:u_clk_div|Add0~11                                 ; 1       ;
; clk_divider:u_clk_div|Add0~10                                 ; 1       ;
; clk_divider:u_clk_div|Add0~9                                  ; 1       ;
; clk_divider:u_clk_div|Add0~8                                  ; 1       ;
; clk_divider:u_clk_div|Add0~7                                  ; 1       ;
; clk_divider:u_clk_div|Add0~6                                  ; 1       ;
; clk_divider:u_clk_div|Add0~5                                  ; 1       ;
; clk_divider:u_clk_div|Add0~4                                  ; 1       ;
; clk_divider:u_clk_div|Add0~3                                  ; 1       ;
; clk_divider:u_clk_div|Add0~2                                  ; 1       ;
; clk_divider:u_clk_div|Add0~1                                  ; 1       ;
; clk_divider:u_clk_div|Add0~0                                  ; 1       ;
; Top_LCD:u_lcd_display|lcd_data_in[6]~3                        ; 1       ;
; Top_LCD:u_lcd_display|lcd_data_in[4]~2                        ; 1       ;
; Top_LCD:u_lcd_display|lcd_data_in[1]~1                        ; 1       ;
; Top_LCD:u_lcd_display|lcd_data_in[0]~0                        ; 1       ;
; Top_LCD:u_lcd_display|lcd_data_in[6]                          ; 1       ;
; Top_LCD:u_lcd_display|lcd_data_in[4]                          ; 1       ;
; Top_LCD:u_lcd_display|LCD_Controller:u_lcd|LCD_DATA[3]~3      ; 1       ;
; Top_LCD:u_lcd_display|LCD_Controller:u_lcd|LCD_DATA[2]~2      ; 1       ;
; Top_LCD:u_lcd_display|lcd_data_in[1]                          ; 1       ;
; Top_LCD:u_lcd_display|LCD_Controller:u_lcd|LCD_DATA[1]~1      ; 1       ;
; Top_LCD:u_lcd_display|lcd_data_in[0]                          ; 1       ;
; Top_LCD:u_lcd_display|LCD_Controller:u_lcd|LCD_DATA[0]~0      ; 1       ;
; Top_LCD:u_lcd_display|LCD_Controller:u_lcd|LCD_DATA[3]        ; 1       ;
; Top_LCD:u_lcd_display|LCD_Controller:u_lcd|LCD_DATA[2]        ; 1       ;
; Top_LCD:u_lcd_display|LCD_Controller:u_lcd|LCD_DATA[1]        ; 1       ;
; Top_LCD:u_lcd_display|LCD_Controller:u_lcd|LCD_DATA[0]        ; 1       ;
+---------------------------------------------------------------+---------+


+------------------------------------------------------+
; Other Routing Usage Summary                          ;
+-----------------------------+------------------------+
; Other Routing Resource Type ; Usage                  ;
+-----------------------------+------------------------+
; Block interconnects         ; 573 / 94,460 ( < 1 % ) ;
; C16 interconnects           ; 10 / 3,315 ( < 1 % )   ;
; C4 interconnects            ; 260 / 60,840 ( < 1 % ) ;
; Direct links                ; 170 / 94,460 ( < 1 % ) ;
; Global clocks               ; 4 / 16 ( 25 % )        ;
; Local interconnects         ; 301 / 33,216 ( < 1 % ) ;
; R24 interconnects           ; 25 / 3,091 ( < 1 % )   ;
; R4 interconnects            ; 242 / 81,294 ( < 1 % ) ;
+-----------------------------+------------------------+


+----------------------------------------------------------------------------+
; LAB Logic Elements                                                         ;
+---------------------------------------------+------------------------------+
; Number of Logic Elements  (Average = 12.26) ; Number of LABs  (Total = 39) ;
+---------------------------------------------+------------------------------+
; 1                                           ; 0                            ;
; 2                                           ; 2                            ;
; 3                                           ; 1                            ;
; 4                                           ; 1                            ;
; 5                                           ; 1                            ;
; 6                                           ; 1                            ;
; 7                                           ; 2                            ;
; 8                                           ; 2                            ;
; 9                                           ; 2                            ;
; 10                                          ; 1                            ;
; 11                                          ; 0                            ;
; 12                                          ; 2                            ;
; 13                                          ; 1                            ;
; 14                                          ; 3                            ;
; 15                                          ; 1                            ;
; 16                                          ; 19                           ;
+---------------------------------------------+------------------------------+


+-------------------------------------------------------------------+
; LAB-wide Signals                                                  ;
+------------------------------------+------------------------------+
; LAB-wide Signals  (Average = 1.87) ; Number of LABs  (Total = 39) ;
+------------------------------------+------------------------------+
; 1 Async. clear                     ; 12                           ;
; 1 Clock                            ; 30                           ;
; 1 Clock enable                     ; 11                           ;
; 1 Sync. clear                      ; 3                            ;
; 1 Sync. load                       ; 3                            ;
; 2 Clock enables                    ; 8                            ;
; 2 Clocks                           ; 6                            ;
+------------------------------------+------------------------------+


+-----------------------------------------------------------------------------+
; LAB Signals Sourced                                                         ;
+----------------------------------------------+------------------------------+
; Number of Signals Sourced  (Average = 18.62) ; Number of LABs  (Total = 39) ;
+----------------------------------------------+------------------------------+
; 0                                            ; 0                            ;
; 1                                            ; 0                            ;
; 2                                            ; 1                            ;
; 3                                            ; 1                            ;
; 4                                            ; 1                            ;
; 5                                            ; 0                            ;
; 6                                            ; 1                            ;
; 7                                            ; 0                            ;
; 8                                            ; 1                            ;
; 9                                            ; 2                            ;
; 10                                           ; 1                            ;
; 11                                           ; 2                            ;
; 12                                           ; 0                            ;
; 13                                           ; 1                            ;
; 14                                           ; 2                            ;
; 15                                           ; 1                            ;
; 16                                           ; 1                            ;
; 17                                           ; 1                            ;
; 18                                           ; 1                            ;
; 19                                           ; 2                            ;
; 20                                           ; 3                            ;
; 21                                           ; 1                            ;
; 22                                           ; 0                            ;
; 23                                           ; 0                            ;
; 24                                           ; 3                            ;
; 25                                           ; 3                            ;
; 26                                           ; 2                            ;
; 27                                           ; 1                            ;
; 28                                           ; 4                            ;
; 29                                           ; 1                            ;
; 30                                           ; 2                            ;
+----------------------------------------------+------------------------------+


+--------------------------------------------------------------------------------+
; LAB Signals Sourced Out                                                        ;
+-------------------------------------------------+------------------------------+
; Number of Signals Sourced Out  (Average = 7.95) ; Number of LABs  (Total = 39) ;
+-------------------------------------------------+------------------------------+
; 0                                               ; 0                            ;
; 1                                               ; 1                            ;
; 2                                               ; 2                            ;
; 3                                               ; 5                            ;
; 4                                               ; 2                            ;
; 5                                               ; 4                            ;
; 6                                               ; 1                            ;
; 7                                               ; 4                            ;
; 8                                               ; 4                            ;
; 9                                               ; 3                            ;
; 10                                              ; 2                            ;
; 11                                              ; 3                            ;
; 12                                              ; 0                            ;
; 13                                              ; 2                            ;
; 14                                              ; 1                            ;
; 15                                              ; 4                            ;
; 16                                              ; 1                            ;
+-------------------------------------------------+------------------------------+


+-----------------------------------------------------------------------------+
; LAB Distinct Inputs                                                         ;
+----------------------------------------------+------------------------------+
; Number of Distinct Inputs  (Average = 13.62) ; Number of LABs  (Total = 39) ;
+----------------------------------------------+------------------------------+
; 0                                            ; 0                            ;
; 1                                            ; 0                            ;
; 2                                            ; 0                            ;
; 3                                            ; 2                            ;
; 4                                            ; 0                            ;
; 5                                            ; 2                            ;
; 6                                            ; 6                            ;
; 7                                            ; 0                            ;
; 8                                            ; 3                            ;
; 9                                            ; 0                            ;
; 10                                           ; 4                            ;
; 11                                           ; 1                            ;
; 12                                           ; 1                            ;
; 13                                           ; 0                            ;
; 14                                           ; 2                            ;
; 15                                           ; 2                            ;
; 16                                           ; 3                            ;
; 17                                           ; 3                            ;
; 18                                           ; 1                            ;
; 19                                           ; 0                            ;
; 20                                           ; 3                            ;
; 21                                           ; 0                            ;
; 22                                           ; 1                            ;
; 23                                           ; 2                            ;
; 24                                           ; 0                            ;
; 25                                           ; 0                            ;
; 26                                           ; 0                            ;
; 27                                           ; 1                            ;
; 28                                           ; 0                            ;
; 29                                           ; 0                            ;
; 30                                           ; 1                            ;
; 31                                           ; 0                            ;
; 32                                           ; 1                            ;
+----------------------------------------------+------------------------------+


+-------------------------------------------------------------------------+
; Fitter Device Options                                                   ;
+----------------------------------------------+--------------------------+
; Option                                       ; Setting                  ;
+----------------------------------------------+--------------------------+
; Enable user-supplied start-up clock (CLKUSR) ; Off                      ;
; Enable device-wide reset (DEV_CLRn)          ; Off                      ;
; Enable device-wide output enable (DEV_OE)    ; Off                      ;
; Enable INIT_DONE output                      ; Off                      ;
; Configuration scheme                         ; Active Serial            ;
; Error detection CRC                          ; Off                      ;
; nCEO                                         ; As output driving ground ;
; ASDO,nCSO                                    ; As input tri-stated      ;
; Reserve all unused pins                      ; As output driving ground ;
; Base pin-out file on sameframe device        ; Off                      ;
+----------------------------------------------+--------------------------+


+------------------------------------+
; Operating Settings and Conditions  ;
+---------------------------+--------+
; Setting                   ; Value  ;
+---------------------------+--------+
; Nominal Core Voltage      ; 1.20 V ;
; Low Junction Temperature  ; 0 °C   ;
; High Junction Temperature ; 85 °C  ;
+---------------------------+--------+


+-----------------+
; Fitter Messages ;
+-----------------+
Warning (20028): Parallel compilation is not licensed and has been disabled
Info (119006): Selected device EP2C35F672C8 for design "Do_an"
Info (21077): Low junction temperature is 0 degrees C
Info (21077): High junction temperature is 85 degrees C
Info (171003): Fitter is performing an Auto Fit compilation, which may decrease Fitter effort to reduce compilation time
Warning (292013): Feature LogicLock is only available with a valid subscription license. You can purchase a software subscription to gain full access to this feature.
Info (176444): Device migration not selected. If you intend to use device migration later, you may need to change the pin assignments as they may be incompatible with other devices
    Info (176445): Device EP2C35F672I8 is compatible
    Info (176445): Device EP2C50F672C8 is compatible
    Info (176445): Device EP2C50F672I8 is compatible
    Info (176445): Device EP2C70F672C8 is compatible
    Info (176445): Device EP2C70F672I8 is compatible
Info (169124): Fitter converted 3 user pins into dedicated programming pins
    Info (169125): Pin ~ASDO~ is reserved at location E3
    Info (169125): Pin ~nCSO~ is reserved at location D3
    Info (169125): Pin ~LVDS150p/nCEO~ is reserved at location AE24
Critical Warning (332012): Synopsys Design Constraints File file not found: 'Do_an.sdc'. A Synopsys Design Constraints File is required by the TimeQuest Timing Analyzer to get proper timing constraints. Without it, the Compiler will not properly optimize the design.
Info (332144): No user constrained base clocks found in the design
Info (332130): Timing requirements not specified -- quality metrics such as performance may be sacrificed to reduce compilation time.
Info (176353): Automatically promoted node CLOCK_50 (placed in PIN N2 (CLK0, LVDSCLK0p, Input))
    Info (176355): Automatically promoted destinations to use location or clock signal Global Clock CLKCTRL_G2
Info (176353): Automatically promoted node Top_LCD:u_lcd_display|LCD_Controller:u_lcd|clk_1k 
    Info (176355): Automatically promoted destinations to use location or clock signal Global Clock
    Info (176356): Following destination nodes may be non-global or may not use global or regional clocks
        Info (176357): Destination node Top_LCD:u_lcd_display|LCD_Controller:u_lcd|clk_1k~0
Info (176353): Automatically promoted node clk_divider:u_clk_div|clk_out 
    Info (176355): Automatically promoted destinations to use location or clock signal Global Clock
    Info (176356): Following destination nodes may be non-global or may not use global or regional clocks
        Info (176357): Destination node clk_divider:u_clk_div|clk_out~0
Info (176353): Automatically promoted node KEY[0] (placed in PIN N25 (CLK4, LVDSCLK2p, Input))
    Info (176355): Automatically promoted destinations to use location or clock signal Global Clock CLKCTRL_G6
    Info (176356): Following destination nodes may be non-global or may not use global or regional clocks
        Info (176357): Destination node Top_LCD:u_lcd_display|LCD_Controller:u_lcd|LCD_DATA[6]
        Info (176357): Destination node Top_LCD:u_lcd_display|LCD_Controller:u_lcd|LCD_DATA[7]
        Info (176357): Destination node Top_LCD:u_lcd_display|LCD_Controller:u_lcd|LCD_RS
        Info (176357): Destination node Top_LCD:u_lcd_display|LCD_Controller:u_lcd|LCD_DATA[0]~4
        Info (176357): Destination node Top_LCD:u_lcd_display|lcd_col[0]~0
        Info (176357): Destination node Lock_Controller:u_control|always1~0
        Info (176357): Destination node Lock_Controller:u_control|delay_timer[10]~0
        Info (176357): Destination node Lock_Controller:u_control|wrong_count~2
        Info (176357): Destination node Lock_Controller:u_control|wrong_count~5
        Info (176357): Destination node Lock_Controller:u_control|delay_timer[10]~1
        Info (176358): Non-global destination nodes limited to 10 nodes
Info (176233): Starting register packing
Info (176235): Finished register packing
    Extra Info (176219): No registers were packed into other blocks
Warning (15705): Ignored locations or region assignments to the following nodes
    Warning (15706): Node "HEX0[0]" is assigned to location or region, but does not exist in design
    Warning (15706): Node "HEX0[1]" is assigned to location or region, but does not exist in design
    Warning (15706): Node "HEX0[2]" is assigned to location or region, but does not exist in design
    Warning (15706): Node "HEX0[3]" is assigned to location or region, but does not exist in design
    Warning (15706): Node "HEX0[4]" is assigned to location or region, but does not exist in design
    Warning (15706): Node "HEX0[5]" is assigned to location or region, but does not exist in design
    Warning (15706): Node "HEX0[6]" is assigned to location or region, but does not exist in design
Info (171121): Fitter preparation operations ending: elapsed time is 00:00:12
Info (170189): Fitter placement preparation operations beginning
Info (170190): Fitter placement preparation operations ending: elapsed time is 00:00:03
Info (170191): Fitter placement operations beginning
Info (170137): Fitter placement was successful
Info (170192): Fitter placement operations ending: elapsed time is 00:00:04
Info (170193): Fitter routing operations beginning
Info (170195): Router estimated average interconnect usage is 0% of the available device resources
    Info (170196): Router estimated peak interconnect usage is 1% of the available device resources in the region that extends from location X33_Y12 to location X43_Y23
Info (170194): Fitter routing operations ending: elapsed time is 00:00:04
Info (170199): The Fitter performed an Auto Fit compilation.  Optimizations were skipped to reduce compilation time.
    Info (170201): Optimizations that may affect the design's routability were skipped
Info (11888): Total time spent on timing analysis during the Fitter is 0.98 seconds.
Info (306004): Started post-fitting delay annotation
Warning (306006): Found 16 output pins without output pin load capacitance assignment
    Info (306007): Pin "ROW[0]" has no specified output pin load capacitance -- assuming default load capacitance of 0 pF for timing analysis
    Info (306007): Pin "ROW[1]" has no specified output pin load capacitance -- assuming default load capacitance of 0 pF for timing analysis
    Info (306007): Pin "ROW[2]" has no specified output pin load capacitance -- assuming default load capacitance of 0 pF for timing analysis
    Info (306007): Pin "ROW[3]" has no specified output pin load capacitance -- assuming default load capacitance of 0 pF for timing analysis
    Info (306007): Pin "LCD_DATA[0]" has no specified output pin load capacitance -- assuming default load capacitance of 0 pF for timing analysis
    Info (306007): Pin "LCD_DATA[1]" has no specified output pin load capacitance -- assuming default load capacitance of 0 pF for timing analysis
    Info (306007): Pin "LCD_DATA[2]" has no specified output pin load capacitance -- assuming default load capacitance of 0 pF for timing analysis
    Info (306007): Pin "LCD_DATA[3]" has no specified output pin load capacitance -- assuming default load capacitance of 0 pF for timing analysis
    Info (306007): Pin "LCD_DATA[4]" has no specified output pin load capacitance -- assuming default load capacitance of 0 pF for timing analysis
    Info (306007): Pin "LCD_DATA[5]" has no specified output pin load capacitance -- assuming default load capacitance of 0 pF for timing analysis
    Info (306007): Pin "LCD_DATA[6]" has no specified output pin load capacitance -- assuming default load capacitance of 0 pF for timing analysis
    Info (306007): Pin "LCD_DATA[7]" has no specified output pin load capacitance -- assuming default load capacitance of 0 pF for timing analysis
    Info (306007): Pin "LCD_RW" has no specified output pin load capacitance -- assuming default load capacitance of 0 pF for timing analysis
    Info (306007): Pin "LCD_EN" has no specified output pin load capacitance -- assuming default load capacitance of 0 pF for timing analysis
    Info (306007): Pin "LCD_RS" has no specified output pin load capacitance -- assuming default load capacitance of 0 pF for timing analysis
    Info (306007): Pin "LCD_ON" has no specified output pin load capacitance -- assuming default load capacitance of 0 pF for timing analysis
Info (306005): Delay annotation completed successfully
Info (306004): Started post-fitting delay annotation
Info (306005): Delay annotation completed successfully
Info (11218): Fitter post-fit operations ending: elapsed time is 00:00:03
Warning (171167): Found invalid Fitter assignments. See the Ignored Assignments panel in the Fitter Compilation Report for more information.
Warning (169174): The Reserve All Unused Pins setting has not been specified, and will default to 'As output driving ground'.
Info (144001): Generated suppressed messages file C:/Users/tgiah/HDL/doan/Digital-Lock-Using-Altera-DE2-board/output_files/Do_an.fit.smsg
Info: Quartus II 64-Bit Fitter was successful. 0 errors, 14 warnings
    Info: Peak virtual memory: 4890 megabytes
    Info: Processing ended: Tue May 12 13:27:25 2026
    Info: Elapsed time: 00:01:10
    Info: Total CPU time (on all processors): 00:00:15


+----------------------------+
; Fitter Suppressed Messages ;
+----------------------------+
The suppressed messages can be found in C:/Users/tgiah/HDL/doan/Digital-Lock-Using-Altera-DE2-board/output_files/Do_an.fit.smsg.


